elapsed_s,reference_east_m,reference_north_m,constant_speed_east_m,constant_speed_north_m,phone_forward_accel_mps2,phone_yaw_rate_radps,imu_no_nhc_east_m,imu_no_nhc_north_m,imu_no_nhc_speed_mps,imu_no_nhc_sigma_m,imu_nhc_east_m,imu_nhc_north_m,imu_nhc_speed_mps,imu_nhc_sigma_m,gyro_only_constant_speed_east_m,gyro_only_constant_speed_north_m,gyro_only_constant_speed_speed_mps,gyro_only_constant_speed_sigma_m,imu_nhc_portable_speed_east_m,imu_nhc_portable_speed_north_m,imu_nhc_portable_speed_speed_mps,imu_nhc_portable_speed_sigma_m
0.0,0.0,0.0,0.0,0.0,0.07758296862684141,-0.08685746461539617,0.0,0.0,6.667700000000676,1.4142135623730951,0.0,0.0,6.667700000000676,1.4142135623730951,0.0,0.0,6.667700000000676,1.4142135623730951,0.0,0.0,6.6634144284372585,1.4142135623730951
0.10000000000000142,0.5421791174936256,0.4216511619598915,0.546137944983144,0.3825121932039437,0.025505921861270542,-0.09040568814924016,0.5462424843406107,0.3825852360795606,6.670250579160272,1.4159898662228598,0.5460418323271682,0.3823489534356223,6.667202017095796,1.4159720533794395,0.5459376650137557,0.38227552457889924,6.6646522670951205,1.415971722644995,0.5457032902739252,0.38208676740126657,6.662925026338077,1.4159695012195594
0.20000000000000284,1.05993575223016,0.8851116158470159,1.092275889966288,0.7650243864078874,0.001938223153838417,-0.09098237495211971,1.0925976668148367,0.7652487570805647,6.670444388568953,1.4214158450875134,1.0914193841482018,0.7638046522821008,6.660999803543485,1.4213430521451293,1.0910996800833381,0.7635779733348836,6.658257379709456,1.4213410219736373,1.090762624223164,0.7632489894759418,6.656715641873549,1.421332817572597
0.29999999999999716,1.5817628007520115,1.331670441855983,1.638413834949393,1.147536579611804,-0.05517345348432009,-0.09407554269169785,1.6387318844066332,1.1477638729073867,6.664928217539755,1.4307730368040872,1.6350277813053657,1.1430345266662043,6.643728782015063,1.430599668619932,1.6347116884889341,1.1428041976029377,6.646501004830364,1.4305966473046492,1.6340631961310548,1.1421592661312716,6.639416847026615,1.430576636901575
0.3999999999999986,2.085408667658274,1.7764501481013444,2.184551779932537,1.5300487728157477,-0.08023901547341625,-0.08392759065358542,2.1843017129701376,1.5299049948059642,6.656907867092358,1.4445127299063958,2.1766507561230313,1.519141778716951,6.620688430554455,1.444179726946705,2.1768940113671573,1.5192909195038025,6.6314768131999475,1.4441826583663842,2.1753740303747056,1.5179310428115007,6.61632208763909,1.4441388750264084
0.5,2.5811850678607042,2.2621495875772677,2.730689724915681,1.9125609660196914,-0.10862125328244282,-0.07940014983070305,2.729079975187423,1.911531222052867,6.646053607403381,1.463237704177605,2.7166680862334474,1.891971466404996,6.593762098456122,1.4626719510841215,2.718249657165598,1.8930362264379559,6.615410474994941,1.4626960837460166,2.715065961329669,1.8904179829526877,6.589320387017798,1.4626084980791578
0.6000000000000014,3.0701774450976496,2.720717465867393,3.2768276698988252,2.295073159223635,-0.04838154720052509,-0.09793571905876611,3.2731974082737794,2.2927337221453974,6.641220687435268,1.4876759191442424,3.2538238511204907,2.2604281486106728,6.567350915771209,1.4867827691869904,3.2573961334851527,2.262862723939876,6.593857479082053,1.4868473855666478,3.251882812486236,2.258530532314583,6.562824623328228,1.4866923123046354
0.7000000000000028,3.546144498197479,3.197076531522435,3.8229656148819693,2.677585352427579,-0.04150085700409193,-0.07966933216163476,3.8169341144133804,2.67369744441654,6.637077075988477,1.5186462142432937,3.7917634628450956,2.627255986600383,6.546498161311963,1.5173468293910648,3.7977193131910076,2.631341372179893,6.577237870573968,1.5174699368423934,3.789468112999164,2.625016594416501,6.541883530435752,1.5172255893069808
0.7999999999999972,4.014784806447587,3.705904515283828,4.369103559865074,3.0600975456314954,0.05162098859563931,-0.08899561733685528,4.360714667317606,3.0546864621037866,6.642228586489209,1.557017981585436,4.329680689587978,2.993142368573485,6.5365853590296465,1.5552402420843991,4.338000983680181,2.9988934573538306,6.562310250978491,1.5554317481708166,4.327021506662628,2.9905681466541596,6.531891635970697,1.555085131609171
0.8990000000000009,4.465854495201872,4.192048734503131,4.9097801253984,3.4387846169034084,-0.015094990154715458,-0.08939076976201378,4.899074552497078,3.4318792890837457,6.639074306090936,1.6077184764762993,4.862688671998263,3.3559573284405584,6.522573979268869,1.6053767394492109,4.873373048641653,3.363421530942469,6.55169630968413,1.6056473301976801,4.846970780012008,3.344449830142734,6.492210960714326,1.6044450865217232
1.0,4.92492933101054,4.6759690557956235,5.461379449831362,3.8251219320393828,-0.04850141171052678,-0.09537802388089309,5.448310394952877,3.8166921731743932,6.635856302856332,1.659443223789198,5.406464492437013,3.7261018834564443,6.508279541331106,1.6565260953466425,5.419560710875048,3.735313808037931,6.540867945333317,1.656877368427104,5.377424079085593,3.7054806385502532,6.451728655654798,1.6548022122405872
1.1000000000000014,5.3482523657078,5.174567105459289,6.007517394814506,4.2076341252433265,-0.0262043339247982,-0.08614603128268684,5.991646513530463,4.197426449081766,6.633246814273439,1.7251118050811245,5.947242625440224,4.095843798678555,6.50327218674029,1.7215102379710958,5.96321337271079,4.107165936908881,6.538787689740641,1.721960174463566,5.916805924164038,4.066010613623572,6.44183455160534,1.7192152704620756
1.2000000000000028,5.775103092336265,5.654484409851454,6.5536553397976505,4.59014631844727,-0.019721518362014603,-0.08907099661159822,6.534782896154389,4.578047435924275,6.63128454433203,1.8013430136491295,6.489851014218661,4.469103168385631,6.504291818905516,1.796939327165473,6.508910052235454,4.482714163024777,6.542112182569783,1.7974943901361613,6.4543843163879915,4.429222281097038,6.433670088103588,1.794058783173831
1.2999999999999972,6.196255239677339,6.132622594480014,7.099793284780755,4.972658511651186,-0.001713876758750961,-0.0930999183174392,7.077825713584705,4.958616150619999,6.631114177006746,1.8886857955164775,7.033750691590352,4.845941782490513,6.510727621477475,1.883338665843042,7.0560105603664285,4.861950839913876,6.549073224399416,1.8839996550879707,6.990932081026323,4.79503023193299,6.428819162460593,1.8798677173540959
1.3999999999999986,6.604382062836106,6.620990712416214,7.6459312297638995,5.35517070485513,0.00942689514263561,-0.0862833455723071,7.620902512470385,5.339203101028494,6.632050277731072,1.987561329617175,7.5817359025044,5.227725612091368,6.5251648147181935,1.9809346262621772,7.6071738406663965,5.246130603900017,6.562903640404201,1.9816937804750432,7.530036941907694,5.1652677225431995,6.431414981951294,1.9769428434925527
1.4990000000000023,7.069087637756892,7.155949504916021,8.186607795297224,5.733857776127044,0.006532024508362655,-0.08134023005654772,8.158714253188394,5.716071002784811,6.634177561726398,2.1031082832034964,8.12938731357471,5.6124465445811875,6.547367747600116,2.0943714572235304,8.157798176355929,5.6330941467041304,6.5832076881980175,2.095210299493028,8.067658807712746,5.538485790990413,6.442648565016305,2.090010447459567
1.6000000000000014,7.49878765405165,7.675563395479147,8.738207119730188,6.120195091263018,0.03653517932961922,-0.09109012544531657,8.707390877557247,6.100552397505884,6.636347821155972,2.2209895186804447,8.688102389515103,6.0049396171212885,6.570019224580663,2.210099941335612,8.71954623599876,6.027875134817399,6.603921918775546,2.211020081521472,8.616141721311815,5.9192436183961386,6.454109089153336,2.2053622454461115
1.7000000000000028,7.906914477225481,8.176830125973352,9.284345064713332,6.502707284466962,0.007639179954997133,-0.0921900173534084,9.250928620699517,6.4813778503356705,6.63710380797782,2.355817357420103,9.244062397103662,6.399532011276033,6.593420309829169,2.342178076352262,9.278218209471737,6.424522816110812,6.626741582124334,2.343162792599864,9.160931758766665,6.302032811894641,6.467148465458244,2.3370748299861783
1.7999999999999972,8.338921061347484,8.687437228708264,9.830483009696437,6.885219477670878,-0.03383504529201097,-0.07614351861037527,9.794348832079583,6.862145492095105,6.63375986234483,2.502766378055056,9.805710198203196,6.796863981054574,6.617222122250653,2.4845848325795457,9.842626292447735,6.823890936938538,6.653987729114504,2.4856360408915834,9.711526959991296,6.688441531322225,6.48224026469463,2.4792183780526553
1.8999999999999986,8.74813332821447,9.198933890929935,10.37662095467958,7.267731670874822,-0.007743582058950052,-0.0895203993973045,10.337582401330522,7.242821570107265,6.632995526783908,2.6617939972789992,10.367733611473302,7.196199474288405,6.642581263012036,2.638766254560016,10.407555749809443,7.225338899983866,6.680133468386106,2.6398963441277736,10.262298030795604,7.0772265768374965,6.499770203854471,2.632943058442063
2.0,9.14893340653858,9.68997068732641,10.922758899662725,7.6502438640787656,-0.06750796268817055,-0.08279772825977952,10.880476053362568,7.623336325084287,6.626341979514143,2.8328165363863236,10.931508884077335,7.596126491866837,6.661688846790498,2.8038518263966217,10.974504457565557,7.627529178379716,6.705937186872832,2.8050828972428055,10.666674812611113,7.368404506829956,6.343550854357975,2.7718892224709717
2.1000000000000014,9.555432064210336,10.168998431441729,11.468896844645869,8.03275605728271,-0.07336844697336915,-0.08538731154570957,11.422731555742967,8.003552897868397,6.619121672377916,3.0157238468428975,11.495432210976762,7.996003514065259,6.6786855819349915,2.9803718715016867,11.542151456151277,8.030026458532031,6.730177232492051,2.981735726682791,11.213289957242239,7.737655009146335,6.346972147715863,2.944646064157794
2.198999999999998,9.976923412668803,10.622117757480412,12.009573410179156,8.411443128554595,-0.14558015138860053,-0.08329512358258205,11.957843838239596,8.3791898718623,6.60334759822471,3.214198705375236,12.052992685223415,8.389540251799188,6.683857664469361,3.171570510657139,12.104910981042874,8.427173635384882,6.751284015266273,3.173137904131517,11.745032104312703,8.101718166411874,6.334789134183069,3.1332456947995486
2.299999999999997,10.377384289875517,11.103035815110049,12.561172734612118,8.79778044369057,-0.1787534247134908,-0.08066133971435148,12.503766469877583,8.762415471593464,6.587254855906792,3.4166831570092433,12.621817007434663,8.791027226659066,6.689134233519576,3.3666317485834134,12.679039385225225,8.832343987527699,6.7728171976925005,3.3684067922357777,12.287516516980562,8.473136134935313,6.322359999164763,3.325655418989627
2.3999999999999986,10.76461632225359,11.58117399973861,13.107310679595262,9.180292636894514,-0.081860918869257,-0.08106446762811848,13.042348404577448,9.140992809502036,6.5792392702795235,3.6344646438642,13.182886213913397,9.184817225499742,6.698607764590828,3.5764502446746844,13.247067329091395,9.230942534400356,6.790314617001638,3.5785056350397215,12.818614014573452,8.838725991620526,6.3145310159439205,3.53286133813618
2.5,11.151305632762492,12.038852317751887,13.653448624578406,9.562804830098457,-0.1302848856728251,-0.09115971103248109,13.579954762706821,9.51915375562805,6.566505636375321,3.863600373937376,13.741378545676376,9.578118790531413,6.70078505865415,3.799440802980994,13.813381833437283,9.629666226791993,6.805368675677685,3.801779210602324,13.345043520179924,9.202789588330784,6.2989455468965225,3.752320710465909
2.6000000000000014,11.525512340973322,12.494751517581738,14.19958656956155,9.945317023302401,-0.16211375252410748,-0.08264174442360482,14.11621171752389,9.89675211543319,6.550694023894517,4.103965000183166,14.299302100983594,9.969590124403464,6.698696638265716,4.0335372041689865,14.380321923866754,10.027381278462713,6.81934172652362,4.036193777924039,13.869714816401395,9.565625323038285,6.279934540435286,3.982549636313743
2.700000000000003,11.848703196298723,12.97111058323678,14.745724514544694,10.327829216506345,-0.1214511254764152,-0.08615596023719746,14.651155852333893,10.273815027970587,6.538872555071425,4.355438210456929,14.855166787381414,10.35925076144519,6.698747019575942,4.279296465068916,14.946351971254096,10.424085384574576,6.831384779647165,4.282284577451192,14.391292098418718,9.92678827938646,6.263713203488776,4.223895019653449
2.799999999999997,12.192517481538017,13.428788901250057,15.291862459527799,10.71034140971026,-0.08834798100787813,-0.09197634988993855,15.185125358853352,10.650490028385908,6.530292054757638,4.617905331866184,15.40584655546477,10.746022160069787,6.697854235072805,4.536817294425279,15.507987105609644,10.818457853783551,6.8391278353387746,4.540111128181889,14.906917002379815,10.28520987845004,6.2472794274619945,4.4765019289951145
2.8999999999999986,12.513537449492167,13.884688100289816,15.838000404510943,11.092853602914204,-0.11942501274304497,-0.0768640228060681,15.718125879210067,11.026790474628525,6.518719974086439,4.891261653701931,15.961039625340408,11.133104075407324,6.696750558504134,4.8045441728644995,16.075058182345447,11.213764592007704,6.849831077350774,4.808193130310831,15.426316482332053,10.644189638214215,6.231376701556585,4.738997779393618
2.9990000000000023,12.829198039276319,14.325909569378231,16.378676970044268,11.471540674186118,-0.1461249776835672,-0.08237024493083106,16.243852800069302,11.398600899766054,6.503889101816892,5.177821654129964,16.50799904110516,11.513604169754089,6.690101161946067,5.0858485491875625,16.635467298216966,11.60358408364331,6.858408227024903,5.089861315863354,15.661847247133162,10.813151090154157,6.002232393712235,4.922445040757645
3.0989999999999966,13.141873658953248,14.760570538436928,16.924814915027373,11.854052867390035,-0.16404987844325775,-0.08602275455616237,16.77489009386646,11.774166985763523,6.488908422756744,5.467276200016839,17.060483299453335,11.897947699397248,6.683384599766201,5.369994383857296,17.201537112228547,11.99734114590146,6.867072014574528,5.3743746346032495,15.8997571105686,10.983819223426812,5.770773496899781,5.1077453047616945
3.200000000000003,13.488265872916713,15.178107487375517,17.476414239460375,12.240390182526037,-0.13555832182957056,-0.08090925777303117,17.309079562805948,12.152706986638401,6.47573785731907,5.775771384251234,17.61674330733989,12.283946963666066,6.67756950031484,5.673274076148575,17.7734149708607,12.394168972287735,6.874835503561459,5.678045860245479,16.394659237786197,11.303900040393755,5.7400167734372065,5.383935650743933
3.299999999999997,13.796803238587861,15.599758649335408,18.02255218444348,12.622902375729952,-0.1494615845015877,-0.08732773152424549,17.836628131587638,12.527027230111623,6.461394404385073,6.091821485969691,18.163469414432,12.663404007329927,6.667917720721785,5.98422245201217,18.33673154371521,12.78512996068389,6.87998975080454,5.989350647832815,16.874573181361868,11.61520429877006,5.703202060792002,5.671325723985222
3.3999999999999986,14.09584297206816,16.012069437474416,18.568690129426624,13.005414568933896,-0.09100217192730287,-0.08156463154865586,18.363038726074702,12.900959445527178,6.4526848388294935,6.418359151034396,18.71071960492467,13.04255943539902,6.664673345773727,6.305684417823962,18.901598426238845,13.176505391980596,6.885741441777354,6.31118377374861,17.346653732126782,11.926682955503484,5.670539239376153,5.969675104075375
3.5,14.406822585992419,16.42349066533658,19.11482807440977,13.38792676213784,-0.16903868122771443,-0.09548439049739597,18.88821450139551,13.274484560222588,6.436551882298052,6.755324022979473,19.242273130915525,13.41138132899565,6.643462196666636,6.634747085665694,19.451457174072708,13.558012218882098,6.88107419430631,6.640511900899972,17.801817173817998,12.222844091344534,5.619389528310787,6.2740423577383035
3.6019999999999968,14.705997999928718,16.822235672092603,19.671888778292548,13.778089199205844,-0.06797111320755633,-0.08732162355675949,19.422736682602885,13.655107405761903,6.429957515780308,7.109709032103864,19.781182216043263,13.783972514920753,6.630464131005438,6.980242621478799,20.010033822123827,13.94418084519359,6.874644691755194,6.9862928477542425,18.25543234588503,12.519461078392176,5.573634653695806,6.591573655092347
3.700000000000003,14.973152825331146,17.203634270437004,20.207103964376056,14.152951148545727,-0.14894275462894074,-0.07673914273435309,19.93528934243804,14.02049226149458,6.416112241575157,7.460303620152145,20.311275180656093,14.149410225736077,6.618576411913487,7.324915274783525,20.56024493047845,14.323531516284035,6.877256159460362,7.331307797760467,18.697270107983993,12.813099265383796,5.529556481185478,6.909342052131746
3.799999999999997,15.26323764847471,17.603046446808097,20.75324190935916,14.535463341749644,-0.07710500885612868,-0.09078097230562263,20.457234831153556,14.393010571448189,6.408819450511926,7.828217825126842,20.840945828110627,14.514235290852232,6.606898948004187,7.684069883360568,21.111129485706396,14.702995907452966,6.8730409611833645,7.690765013998697,19.134479464409402,13.103109306632525,5.485214447396234,7.238735659023637
3.8999999999999986,15.52998543249409,17.962428451015562,21.299379854342305,14.917975534953587,-0.11343225137489585,-0.08340919645919287,20.978265822938756,14.765261872959208,6.398125762861762,8.206353178559592,21.373127100590345,14.880233809982911,6.5936594272604365,8.053962495609309,21.665427914433923,15.084266000793743,6.870984211107202,8.060981019772953,19.57110259848912,13.39427644227095,5.439667130077692,7.578643295835856
4.0,15.79456232915728,18.328482149003456,21.84551779932545,15.300487728157531,-0.11352749672771752,-0.08905738470956177,21.49820500553404,15.137203814653974,6.387457926042402,8.59467058638253,21.895698170922916,15.238996494026763,6.575143467035618,8.431140765649424,22.210850229284027,15.45877830623758,6.86354176548593,8.438473117983692,19.996585094298116,13.678093731070256,5.389766261036589,7.924721022140102
4.099999999999994,16.040415322380902,18.68519547317047,22.391655744308554,15.682999921361448,-0.08702685936792334,-0.07820670287627048,22.017177187983336,15.508880335893776,6.3793079342644,8.993129928650765,22.43086891019441,15.606538335273159,6.5674967242367925,8.822041606062424,22.770054078074377,15.84295686443754,6.864557855597587,8.829734089806932,19.588198278407965,13.408703079118029,4.86246255869394,7.80085707358501
4.200000000000003,16.29088145124395,19.03078930533317,22.937793689291738,16.06551211456542,-0.123732735395669,-0.07944270472874916,22.535130663698354,15.8802872014172,6.367757497155462,9.401696907147329,22.969751837368353,15.977366981333292,6.558936198356624,9.224089548783896,23.333874077464262,16.23112009719335,6.868371768981233,9.232158590501324,19.9950210717976,13.66966867236061,4.814169027252785,8.137005067282942
4.299999999999997,16.54189030193098,19.36526364470147,23.483931634274843,16.448024307769334,-0.12212058755099192,-0.08196635783869027,23.051893515533276,16.251388300657613,6.356396115941647,9.820341788840325,23.50841370555343,16.348393540670532,6.550893069237639,9.636283177104918,23.89849245769521,16.620206433272248,6.872551141873956,9.644734075162628,20.39412745554651,13.93152758320518,4.765549822812001,8.486964352245952
4.400000000000006,16.774175249163378,19.698848425373104,24.030069579258026,16.830536500973306,-0.09633606839067405,-0.08819468956790319,23.567596331786852,16.622225976451112,6.347465692403962,10.249032232749972,24.04084337814256,16.714838524011405,6.542265985487561,10.056263087660366,24.45774515676824,17.005282326743263,6.873544542148273,10.065065511743212,20.78604534490127,14.185725983263396,4.717024773021612,8.846269436322556
4.5,17.004832030863565,20.011973338639365,24.57620752424113,17.21304869417722,-0.09755835352452452,-0.0867546595158278,24.082356231557213,16.992838327852464,6.3384566144413625,10.68773662368935,24.567655601134398,17.077258623269213,6.530866792628818,10.483976206391125,25.01207046394317,17.386810292927922,6.871832052915346,10.493128317121991,21.169215221310647,14.434289692663903,4.665935814321632,9.212593297443119
4.599999999999994,17.22924751143732,20.32331913293211,25.122345469224236,17.59556088738114,-0.14917423188931941,-0.08609906627170653,24.595913624787535,17.363175213186572,6.324735546969427,11.1364301197979,25.090055028951923,17.43640831530472,6.512549545764562,10.919966511883723,25.56292913385291,17.765721360568488,6.868330545568941,10.929499636453976,21.54377249159471,14.678183978200689,4.607796274740583,9.585286489145922
4.700000000000003,17.459361571328593,20.644894860532492,25.66848341420742,17.97807308058511,-0.10503538810616461,-0.08094421629348734,25.10823001400479,17.733237415142632,6.315113021188684,11.595086481718461,25.61930897029844,17.800386507488067,6.502849685389584,11.369004886905337,26.121938188279415,18.15037490929008,6.869167950526736,11.378956965643122,21.917504975344485,14.925236476442931,4.556890834882764,9.96959962973692
4.799999999999997,17.671294449589215,20.946900281004357,26.214621359190524,18.360585273789027,-0.10018489134852082,-0.08317549901259287,25.61954265322483,18.103086645471617,6.3059705927180625,12.063677238278103,26.149160720264533,18.164928593862573,6.494358355629471,11.8283129185313,26.682429392871697,18.536217005895715,6.87075038127933,11.83869226482927,22.28777891516481,15.171468710083396,4.507190444546784,10.363645657276733
4.899000000000001,17.885669576118012,21.23400558244327,26.75529792472385,18.73927234506094,-0.13436880610521362,-0.07710073233497128,26.12402630518325,18.46889337891571,6.295271133079539,12.542291585132041,26.6776871820958,18.529175406295604,6.486714315160485,12.300004249372819,27.242684043386525,18.9225284896447,6.874931752726499,12.310792568175906,22.65312821311723,15.417150355439249,4.459169494367983,10.771665436242339
5.0,18.09244659690016,21.515773526171543,27.306897249156812,19.125609660196915,-0.10421143247615659,-0.08418493887566199,26.638701546070102,18.84209014737886,6.284355522741247,13.030574908690078,27.216890946186258,18.900780740191912,6.4789158496315205,12.781224698009094,27.8142569696693,19.31664424579264,6.879197596324115,12.792430251388108,23.025858304967663,15.667795266357835,4.410178423983552,11.187928039025413
5.102000000000004,18.293660718820785,21.820225235231995,27.86395795303963,19.515772097264946,-0.08577116499978701,-0.08700507633413189,27.156915881455873,19.218686508367334,6.27647348132384,13.538897954169439,27.756185143994994,19.272322258451805,6.4723153478520645,13.279464815528598,28.38761288822715,19.711864848187908,6.8814091552749135,13.291053392268708,22.636424418568552,15.414479691998615,4.009301306485359,10.870482628566776
5.201999999999998,18.496774367200665,22.089094567982436,28.410095898022735,19.89828429046886,-0.1707237527185853,-0.09418568056612255,27.663697701747292,19.58767454930019,6.261160862516036,14.047198661902481,28.252021968495036,19.61412713507528,6.442601898699118,13.761029661286765,28.916505684297732,20.076750816989847,6.868204818824862,13.772977313225713,22.96271422272159,15.616341308596756,3.943589390545942,11.263647547031072
5.302000000000007,18.681164112125913,22.34551006870834,28.95623384300592,20.280796483672834,-0.1524134110896154,-0.0816965321788862,28.16888629287406,19.956394223195648,6.2475603864824745,14.56532932151728,28.762867109594534,19.9652455043282,6.422391843572338,14.261478857578293,29.462720787127626,20.452441752914677,6.86311751433193,14.274006841616924,23.282151836648065,15.82019741661363,3.880430136601062,11.665324579354685
5.400000000000006,18.86691066162618,22.5961434335604,29.491449029089388,20.65565843301269,-0.10680142968712819,-0.08222384616107704,28.662727262261583,20.317540437211253,6.238263926505249,15.08260936759652,29.269993243351916,20.313758517795378,6.410578187128227,14.765305373552453,30.005879050298827,20.82598428562033,6.861806683186788,14.778435078990544,23.590490632915337,16.02045237153834,3.8238414278991955,12.067650766192518
5.5,19.04438070306969,22.84166183136359,30.037586974072493,21.038170626216605,-0.10834408119074382,-0.08714105654071853,29.16559352788262,20.685897887296964,6.228685982901181,15.620129339768035,29.77840859167165,20.66303387712564,6.394814947203063,15.284731642341875,30.551669100434445,21.201233005400958,6.856799446852118,15.298572968879752,23.895098625387245,16.218117887187457,3.763657034548745,12.481944680619662
5.599999999999994,19.227006602006742,23.08629066968003,30.583724919055598,21.42068281942052,-0.17176420233773043,-0.09195479267791913,29.66707310337726,21.05405892188384,6.213581721686532,16.16741586783132,30.252835520714378,20.988377521294208,6.358654655011268,15.797130881701484,31.06318223714905,21.5523610126533,6.837123955415868,15.812020917027152,24.17718877554259,16.399119151534936,3.689433687663315,12.889310535491349
5.698999999999998,19.414516997510272,23.328473220197964,31.124401484588923,21.799369890692436,-0.12437453224732523,-0.09192225412760965,30.161564793146653,21.418279402113093,6.204422191085283,16.723689098778472,30.68959394848755,21.283587014418742,6.316500699459432,16.304110537191722,31.537427304575687,21.873186501573798,6.804376684476816,16.320877309130527,24.42783006697087,16.55907954411249,3.614205916344734,13.28580601651502
5.799999999999997,19.587645264256473,23.555088480487708,31.676000809021886,22.185707205828407,-0.08813373011863893,-0.08596681938501474,30.666046214022472,21.78985787184191,6.195077619461787,17.291200172775035,31.135175778841976,21.584760335687193,6.273495148845945,16.821332205924165,32.02125308043516,22.20049331350278,6.770967852508694,16.84001362834708,24.68353481883203,16.72227145977241,3.5374583920702256,13.69031150725632
5.899000000000001,19.761723294239836,23.77525443528853,32.21667737455521,22.564394277100323,-0.1468968474878523,-0.08106188150892439,31.158191581445596,22.153810665365622,6.183441156668743,17.866679393070758,31.612342375424085,21.905954903435898,6.247121087341898,17.368124812432313,32.54029777264359,22.55023797933176,6.758027022975634,17.388479247278184,24.942242553714717,16.89073552830136,3.4681194167868656,14.11728179958248
6.0,19.90866523222569,23.989638254215514,32.768276698988174,22.950731592236295,-0.12586069478323259,-0.08381653192559956,31.66027927952371,22.525116040576663,6.171569613819274,18.45378445620071,32.09914870123005,22.23363825033103,6.220214216514539,17.925963734223426,33.06982821620974,22.907048193965352,6.744824762542918,17.948024979723023,25.206176707483912,17.062602911346037,3.397379654124047,14.552877754379855
6.099999999999994,20.08233622081094,24.19067868084111,33.31441464397128,23.333243785440214,-0.10125727688144062,-0.07372554434351236,32.15558865395486,22.892562012063753,6.162907028122457,19.049580986354332,32.61170700924362,22.584857343711104,6.211429766833496,18.508870767762275,33.62597392887409,23.288712558278476,6.746155167681663,18.531629208183617,25.483113876705605,17.246556607313607,3.340944966765515,15.018251738191436
6.200000000000003,20.246238216308416,24.390829550350215,33.86055258895446,23.715755978644186,-0.1579635918286718,-0.08507656099139695,32.64960713199409,23.259891987998028,6.149465337673899,19.655027726948152,33.121932226786434,22.934211042548164,6.1963952102654245,19.100892441401722,34.181197079283905,23.669374532360994,6.747021059481028,19.124548166783168,25.21550013248683,17.07488148156196,3.0715904318914475,14.276456644235628
6.299999999999997,20.390330864627973,24.59098041748905,34.40669053393757,24.0982681718481,-0.15007742936362137,-0.08587658148752658,33.142090610873204,23.627095563699395,6.136773003275445,20.270112037549268,33.62733814483364,23.280027524294308,6.180729759451608,19.700371126910873,34.733100341999496,24.047464539862162,6.746541619838294,19.7251566225494,25.46788835882509,17.238033257499122,3.007261207802481,14.717276556054946
6.399000000000001,20.543717624476983,24.779011038596018,34.947367099470895,24.476955243120013,-0.10684054787198966,-0.09248103354304507,33.62775928908238,23.99049343607435,6.126360333464989,20.893311790040737,34.08817795358892,23.593960465567793,6.153368783984049,20.285228311863253,35.24036786251659,24.393570372753874,6.731352231225674,20.31217038083995,25.694894558424995,17.382204395414774,2.940027704022823,15.150768522977303
6.5,20.69506917741073,24.95970279472731,35.49896642390385,24.86329255825599,-0.14411907142646257,-0.08693084839273324,34.1232394557402,24.361232679608374,6.115737306688666,21.529101436521902,34.55832765747055,23.91423548646295,6.125455061537349,20.881900793481307,35.75788321173098,24.746668242673685,6.715855986277447,20.911043002934324,25.926486741855193,17.529288081571142,2.871435947641559,15.59301790337282
6.599000000000004,20.836651737241645,25.145954295280585,36.03964298943718,25.2419796295279,-0.14758142436350102,-0.08618472312579305,34.60615028691679,24.724478753440195,6.104239511220419,22.171260842582083,35.0313285844556,24.236349385536883,6.1026757207243865,21.49527773645678,36.280354617235396,25.10305460661704,6.707010468203379,21.526549805905393,26.143658103060567,17.670001395194443,2.8038135080933886,16.04085668600559
6.700000000000003,20.98054086491487,25.316416118104232,36.59124231387014,25.628316944663876,-0.13359170677316445,-0.07621092771196142,35.098816892460555,25.095063131793854,6.092509437055844,22.826393165936377,35.51388508572316,24.564970636107244,6.079436191208133,22.12104613282567,36.813381000628766,25.466640695084486,6.697986252794482,22.154491089744536,26.365216764492303,17.813557402022248,2.7348249586553597,16.497742716772336
6.799999999999997,21.110522745434285,25.472978574342324,37.13738025885325,26.01082913786779,-0.11478527773693943,-0.08418862006442615,35.58466321122394,25.46189715958245,6.083111783239693,23.48935477478019,36.01107372361664,24.905010255136038,6.067067877830482,22.767592062268868,37.36273540171815,25.84289693530076,6.697341742975872,22.802543087704226,26.58433607728166,17.9577106673141,2.6723222233888833,16.969088665394995
6.899000000000001,21.231956756984953,25.616976005595248,37.67805682438657,26.389516209139707,-0.1486974558635126,-0.07549377887429667,36.063616558092,25.825006388651804,6.07126308958994,24.15982141087996,36.50012815544099,25.24076285066163,6.0512833234593995,23.420320628411186,37.90328645055267,26.214381985168345,6.695776458413261,23.45594937277927,26.796777072006773,18.098752939454872,2.6085990284481366,17.450687836225683
7.0,21.361531596121317,25.773204877420845,38.22965614881954,26.77585352427568,-0.14672786545975314,-0.09068407077615066,36.552245730149295,26.195451157702344,6.059175028391707,24.843832827506965,36.99906247477692,25.583298326904895,6.035179889202034,24.086235630233116,38.45475772259594,26.593371783518084,6.6941795519402945,24.122555784825494,27.013509803999053,18.242644550426768,2.5435884962358632,17.942016283234743
7.099000000000004,21.470618685829905,25.90708356911684,38.77033271435286,27.154540595547594,-0.06954606238243695,-0.08782041220710637,37.02892691980545,26.558525662862948,6.051755822313093,25.533121701699162,37.45696050834265,25.897367865317985,6.014934364781455,24.738822015170967,38.96642863040196,26.944930751829958,6.683023893308894,24.77759116986498,26.994930786148412,18.23261820739098,2.4119707567294797,17.616524866642674
7.200999999999993,21.587643082417607,26.043186159529732,39.3273934182356,27.54470303261557,-0.11761219139020065,-0.09073289237254517,37.520052993996565,26.932602425755636,6.044111791807855,26.243298117533445,37.92873423989515,26.22095466247082,5.994075339620861,25.41118374510684,39.49360471723232,27.307143022211836,6.671530184415937,25.45247611202678,26.975788767756846,18.22228803577835,2.276364600874437,17.28117007379029
7.299999999999997,21.714300791697344,26.165055798944575,39.86806998376893,27.923390103887485,-0.13633775891150796,-0.08764398695901264,37.99501192083003,27.295680119337792,6.033454299785404,26.94661875944636,38.35120253141106,26.509784947609123,5.958687641059476,26.057933044815666,39.970084081606316,27.633655725188955,6.649054304012441,26.103476804347615,27.145028915007185,18.328312053762076,2.206422685457617,17.725145188162948
7.400999999999996,21.819249627370027,26.298934490640573,40.41966930820189,28.309727419023456,-0.09241298070276371,-0.0842294786010439,38.47841309518169,27.666106449758875,6.026145066915891,27.673664124871095,38.800344847813385,26.815516391930664,5.93364088036172,26.7416464733453,40.477350144562564,27.979694836342592,6.633403243373633,26.7916926441687,27.31256545131034,18.434717131000593,2.1399575383524967,18.183867422463923
7.5,21.913751067644828,26.40034426344013,40.96034587373522,28.688414490295372,-0.10567675682860594,-0.08381806623421253,38.95126231214426,28.02921862176891,6.018009663179567,28.39561754360331,39.25280661718502,27.12327537703543,5.912334094628073,27.43002034986219,40.988679714716326,28.32826778568635,6.622967836394455,27.484262430029563,27.472592497158164,18.537344338037745,2.074073348737149,18.64027809701295
7.599999999999994,22.01496869067972,26.520879564414916,41.50648381871832,29.070926683499287,-0.14204350278078692,-0.07803910561895694,39.427655015696686,28.396035145033245,6.007049234567538,29.13420396595447,39.739433176961235,27.45588346653236,5.897395566553628,28.15179550092642,41.5352896079155,28.702528936806527,6.622485251740395,28.207499275047955,27.638387388165302,18.64563243338044,2.0072613942066355,19.11974158933778
7.700000000000003,22.116729035553654,26.62273411695785,42.0526217637015,29.45343887670326,-0.10812359828766065,-0.07674899675812578,39.902797734306276,28.762897598900068,5.99876909486141,29.882161259767187,40.21546950056344,27.782824859042552,5.883082498929492,28.871313020075593,42.06677165658137,29.067911701999833,6.617462436037026,28.925671993599913,27.80311310457833,18.754582984904605,1.9453976882707538,19.611033126391934
7.799000000000007,22.198951394191788,26.711690058522958,42.593298329234834,29.83212594797517,-0.08720383007316682,-0.08506805408909947,40.37170687276809,29.126162442852916,5.990964656144916,30.636512549220292,40.687363779546246,28.106335986462803,5.869918178949073,29.603450489852882,42.5985616862841,29.432949083802697,6.614337101550139,29.65907055900317,27.95441542605591,18.85444037673975,1.8832237170574593,20.101478152984882
7.900000000000006,22.281173752860052,26.781075692959543,43.14489765366779,30.218463263111147,-0.12100849261243862,-0.09146293512653977,40.85008892311799,29.496765970521967,5.983002551999808,31.406103258662313,41.168791276286264,28.43638269221476,5.856487913110464,30.35037861558523,43.14109494891009,29.80536095816722,6.611148628992811,30.407285257040797,28.10877436008858,18.956315089622066,1.819793706021677,20.601831159913015
8.0,22.356340727605645,26.878482448068688,43.6910355986509,30.600975456315062,-0.11018542199322641,-0.08892723758529242,41.322059362750245,29.863800509279134,5.9747743288776505,32.182049765760155,41.612265043369725,28.740778638460863,5.8331640535095115,31.083322880862887,43.64657878274117,30.153030679039162,6.598650324842949,31.143980631392896,28.24286515910452,19.044683172395914,1.7531524451332952,21.090118302220464
8.099999999999994,22.44344758281026,26.947868082505273,44.23717354363401,30.983487649518977,-0.10971609237814069,-0.09218001791111864,41.79293308106151,30.230913156861266,5.966656046615208,32.967285539578775,41.9817882186629,28.994725045831608,5.7884289767506205,31.774054776228027,44.073641837363795,30.447473965792994,6.563136704849024,31.841411868602115,28.35568405734063,19.119033437484433,1.6819115908936546,21.557691178080518
8.200999999999993,22.526212663347696,27.03593446537371,44.788772868066964,31.369824964654953,-0.14698053002577427,-0.07995825153592917,42.2672160750606,30.601802339342864,5.955782902498743,33.76978325817375,42.432200937949474,29.30117226519158,5.762975631250502,32.540889895078266,44.590948205637474,30.800166750806476,6.552979146911214,32.613406102899745,28.38231167836811,19.13732500281666,1.5825925391826756,18.6954398546445
8.299999999999997,22.575600350700924,27.093311046739046,45.329449433600296,31.748512035926865,-0.0617731971985836,-0.08081533604450358,42.731073790890704,30.96543829546001,5.951339519195495,34.56554188710616,42.89697856609093,29.61828657588115,5.753843494063674,33.31647763841886,45.12233744330512,31.163460356298536,6.550464635980476,33.391753008116545,28.505776185354172,19.218193327213058,1.5238651312669402,19.12843886427246
8.400000000000006,22.63557111395322,27.159138443228596,45.875587378583475,32.13102422913084,-0.08874639031448049,-0.07717646823144082,43.1988709663668,31.33282003142604,5.944945365219946,35.37851362232049,43.36688591606579,29.940391549972684,5.74248237841391,34.10174084350599,45.65450964614254,31.528733720686805,6.546841307714724,34.17559346795799,28.629992470330368,19.300150646264868,1.4632235726647265,19.576737904125
8.5,22.69038601972704,27.215625465897265,46.42172532356658,32.51353642233475,-0.141855682775542,-0.08291763570907588,43.665521500558974,31.700322729357836,5.9348157770319325,36.20069820640794,43.83396812951156,30.26050496113282,5.725326527059943,34.8962804408048,46.184517458874986,31.89238183696405,6.542666419398802,34.969214210082114,28.749039329933815,19.37881836565186,1.397319076402281,20.03067277404571
8.599999999999994,22.750899504818378,27.281452862386814,46.967863268549685,32.89604861553867,-0.08321244093222258,-0.08479844346034351,44.13105371910821,32.06795091027956,5.928930381848342,37.03207618226735,44.30423064504916,30.58260421248516,5.715236693974155,35.706496668038056,46.72054728213801,32.259932362619224,6.54025598655762,35.779809752389625,28.862359620206316,19.45374189438127,1.3371521557956083,20.48966602164639
8.700000000000003,22.793231808279064,27.307250085922647,47.514001213532865,33.27856080874264,-0.06747129207847605,-0.09383610250584196,44.595838004995784,32.435669801906364,5.92420436615717,37.872618276363696,44.737863105654924,30.880511047211975,5.696885845829164,36.501069273981216,47.22147796236435,32.60474577653445,6.528335649261043,36.57831794023593,28.96284204443135,19.520180463973578,1.276384384509563,20.940466242452608
8.804000000000002,22.82905144968626,27.36240276857109,48.08198467631532,33.67637348967473,-0.0911587714888491,-0.09051471079951796,45.07837706924262,32.818207723182496,5.917639678826784,38.75647755703957,45.12633413310381,31.14802261145364,5.658706325940487,37.289555698936134,47.675460568996456,32.91826717121627,6.497933551501992,37.373691062453425,29.054456922197364,19.58083666507641,1.2087141381718596,21.39942822844535
8.900000000000006,22.867856061185613,27.40554640051855,48.60627710349915,34.04358519515053,-0.11427488316387371,-0.09014600735299808,45.52282573994586,33.171456834044356,5.910120400900966,39.58110263867076,45.422082496986725,31.349434700223945,5.6046672481515785,37.98219611708434,48.028766720442334,33.15967287101139,6.452256192123701,38.07749440818438,29.12603400011552,19.628237708532136,1.141955313512166,21.81069908691742
9.0,22.9023188979726,27.450024370906057,49.15241504848226,34.42609738835444,-0.0821020292148985,-0.08283611381436144,45.98484455137202,33.539565975939205,5.9045515362902385,40.44900229473835,45.804645960186235,31.60610044108973,5.572272124793894,38.776049572101904,48.481445308336006,33.46402288524717,6.427811132189055,38.88164416326105,29.202769904396664,19.67893027723999,1.0776779727802048,22.25930306403932
9.099999999999994,22.942480314077102,27.484272408776018,49.69855299346537,34.808609581558365,-0.06602384983944434,-0.07991030432138847,46.44613177830238,33.90779048311324,5.900117737683226,41.32597258928345,46.2468306170243,31.90492245796764,5.558184658446555,39.622010756414724,48.99755618208176,33.813631662819716,6.420981311296408,39.73300734582634,29.28249274886834,19.731555115499408,1.0171881203529634,22.730122328425328
9.200000000000003,22.970701849737644,27.53809075298441,50.24469093844855,35.19112177476233,-0.12840288365853908,-0.07519889017886972,46.9064601990119,34.276175378626974,5.891581847812478,42.211999439380804,46.69835764177675,32.214584603174416,5.541221671464941,40.470089233799264,49.51506139244632,34.16940925952037,6.415289492358998,40.57825531731648,29.36465423829842,19.7858557489127,0.952488915568114,23.219656767302375
9.299999999999997,23.010320544003097,27.5629984162434,50.79082888343166,35.57363396796625,-0.1425668434230769,-0.08019964311861028,47.36545391864274,34.64479301381569,5.882204589574157,43.10707408789657,47.12717348305233,32.509654935721585,5.51742403131497,41.30466240008602,50.004474813088294,34.5069433895816,6.402524955432416,41.40800294438164,29.29382492101054,19.74019459366778,0.8484104906309374,16.985057335162782
9.400000000000006,23.05102468196171,27.60569726844748,51.33696682841484,35.95614616117022,-0.09098563890453021,-0.08286853123337419,47.823298687419936,35.01361937107555,5.876286033659947,44.01117323033483,47.55388692030308,32.80312104010549,5.498673741116296,42.15052501820909,50.49302805178281,34.84377892940474,6.389796528177717,42.25015190889973,29.362035335540803,19.78529582142822,0.7870443574288553,17.334581052636207
9.5,23.09172881990526,27.650175238834986,51.883104773397946,36.33865835437414,-0.10768302353406672,-0.0852873881810343,48.280167780549085,35.38263220925582,5.869360466101222,44.92427191536617,47.99598009764925,33.10635354505781,5.482494930736235,43.02628293280105,51.002979744714665,35.19436553747697,6.38268288885229,43.12461689678554,29.425054683761783,19.826970316163933,0.7240084914119965,17.68801475148187
9.599999999999994,23.11995035555074,27.684423276704944,52.42924271838105,36.721170547578055,-0.12388549916123448,-0.09191788991042933,48.735901504466035,35.75187202166799,5.861490138701161,45.846351754724864,48.43402557816532,33.40573004462519,5.463912659714134,43.914729489307675,51.51674565110798,35.545978582755815,6.376506427533961,44.017123551147456,29.48274502878998,19.865128441019593,0.6593524139397345,18.04535621143185
9.700000000000003,23.15332774867469,27.717781754298056,52.97538066336423,37.10368274078203,-0.10586853423538173,-0.08969254216477578,49.19051070524755,36.12134656806971,5.8548519112000275,46.77738760919773,48.823258721972614,33.67219726226949,5.435384490276053,44.76855511140289,51.97859744296361,35.862682895627884,6.357588272453052,44.87764743840004,29.53511164819617,19.8997786735947,0.596498146495236,18.406605900491943
9.799999999999997,23.193489164779194,27.740910300163698,53.521518608347336,37.48619493398594,-0.09843129695342585,-0.08804693835846712,49.64412192456,36.49103900878114,5.848759263512617,47.71735093944424,49.17752292184834,33.91413423240951,5.399472624861803,45.6028864570758,52.40331338538188,36.1533179387348,6.329813933930307,45.72110699947149,29.582258339349963,19.930994801902553,0.5343877585319611,18.771765966541032
9.900000000000006,23.19674549581347,27.773379218270048,54.067656553330515,37.868707127189914,-0.13543071699840006,-0.08279259687008694,50.096593165143624,36.86099167181463,5.840485920050193,48.66622072020144,49.577334453968014,34.18585594719868,5.371592375861028,46.49271043525071,52.8805043546895,36.478256880803094,6.315236269455909,46.61885344648982,29.624059796077788,19.958698358060943,0.4685776408886932,19.140834554379584
10.0,23.215469399268102,27.80673769586316,54.613794498313624,38.25121932039383,-0.12117827356999734,-0.07851530333495835,50.547815788367956,37.23123952708236,5.8331787559312485,49.62397709672547,50.02057858165159,34.48840320402969,5.356307040371892,47.4264437836624,53.402677304008144,36.835439923635214,6.311989767087746,47.554537770128036,29.660420604570806,19.982827436670046,0.404192882721223,19.513810414965025
10.102000000000004,23.223474546397807,27.83031101989201,55.17085520219644,38.64138175746186,-0.06939918082408263,-0.07456350461775446,51.00711183564655,37.60912476303674,5.828965425602548,50.610012793287034,50.41467026486067,34.75921997508684,5.332558161974915,48.31227275938388,53.8568081133209,37.14804310463497,6.290146804265708,48.43347239936852,29.69219144292433,20.003942910342467,0.34380186280535513,19.89827616234702
10.200000000000003,23.236364190093987,27.85210522573743,55.70607038827991,39.01624370680172,-0.08014223103315084,-0.08091915474823273,51.44768705763793,37.972370951896,5.824341853977566,51.566035620710174,50.7654518622091,35.001215485817426,5.302628417728844,49.14605647654793,54.259957329280894,37.42718211653169,6.261863598308039,49.26152136852291,29.717827406746277,20.021010621928614,0.2847263582812404,20.271501564643767
10.299000000000007,23.24979655562922,27.864003083477787,56.246746953813236,39.39493077807363,-0.09503666256689192,-0.0824087152027074,51.89150090556205,38.33965657099813,5.819245346415742,52.54480724352174,51.15531398010996,35.26970524635472,5.280623783078413,50.04997242379218,54.71459171885386,37.74168223129802,6.245151194801096,50.16313052382143,30.218319714871747,20.34877237987357,0.3353769879965935,18.486901878895196
10.400000000000006,23.26974158320288,27.87523377081299,56.7983462782462,39.781268093209604,-0.08344815902830878,-0.08987244332624085,52.344280689807846,38.71436210159725,5.814045879105194,53.54335203043046,51.553052100392634,35.54361904245841,5.258174610354238,50.972149299263535,55.1784106415495,38.06253588373638,6.228101166980883,51.08295400548958,30.7289229787169,20.683155587473962,0.38705086275669875,16.6662496742427
10.498999999999995,23.283716670562093,27.886242069066583,57.339022843779446,40.15995516448146,-0.06590559441856124,-0.0922879807539217,52.78660332407325,39.0820647959826,5.809928702793186,54.539475393363475,51.947517891077005,35.812755466876254,5.239231859261682,51.90505823719516,55.651979537773165,38.38582417911745,6.215912493138325,52.02196560216492,30.75610915052564,20.701262029900313,0.33010045592385634,16.968238437217526
10.599999999999994,23.28493779469618,27.897472755611698,57.89062216821241,40.546292479617435,-0.08245127411449335,-0.08532605542936007,53.23786176913193,39.4571958276283,5.805728351202146,55.55572246059827,52.349952687633824,36.08732899077731,5.21990642632887,52.85681382033763,56.135115482405446,38.71564355117291,6.203477583460564,52.979947130086316,30.78384453792648,20.719734259042347,0.271999535821658,17.276327983282783
10.700000000000003,23.291179095852748,27.908592248406098,58.43676011319559,40.92880467282141,-0.0938044121847424,-0.08220213167490714,53.68345118584022,39.828969415217166,5.800582866165333,56.57498807596419,52.76912070685408,36.37366291230654,5.2040963369109186,53.83892093878562,56.63670887508503,39.058811916589015,6.196840527672702,53.96621759121735,30.803976238500567,20.733210680118425,0.2125208488460867,17.586007173891332
10.799999999999997,23.291721817691794,27.90948180789286,58.9828980581787,41.31131686602532,-0.0447205798599729,-0.08226772565489486,54.128378482082866,40.20094627680089,5.79816438012177,57.60294018990106,53.19704396013175,36.666300233345765,5.195434436620818,54.83989999867438,57.147143296517335,39.408497066753384,6.192353646873474,54.96981073526766,30.81934075575405,20.743557453938628,0.15795190093261377,17.898782514323493
10.900000000000006,23.291721817691794,27.899251874585218,59.52903600316188,41.693829059229294,-0.06668758762389254,-0.08003059860744849,54.5727749167882,40.573091888961656,5.794608446628468,58.63955203194846,53.618003074594014,36.95420423538989,5.1832062732501285,55.839571091820495,57.64576281314164,39.750038352270195,6.185312051452521,55.96941137207146,30.830051745344203,20.750848511436207,0.10119059627599306,18.2146564823163
10.998999999999995,23.291721817691794,27.89836231509846,60.06971256869513,42.07251613050115,-0.07056799674818658,-0.07785981225312034,55.01178692922228,40.941825337602424,5.791361435997706,59.67861623500236,53.98395478497772,37.20453040996663,5.160730129277,56.785786912985635,58.07636689130085,40.04510585364898,6.164781307119638,56.91508080069906,30.833610839464495,20.753436807642423,0.05693432645270547,18.53197123262229
11.099999999999994,23.297963118818235,27.89836231509846,60.621311893128095,42.458853445637125,-0.055238652997335755,-0.08362186485282215,55.45966787120053,41.31800794682184,5.788048829192585,60.73867163407765,54.35729945920759,37.45991367897929,5.137799921789259,57.75111820528552,58.51567004174615,40.3461343146516,6.143835800274976,57.87985466222832,30.837241834476103,20.756077392660888,0.011783990572377423,18.855696381924393
11.200000000000003,23.310988443000536,27.888132382580906,61.167449838111274,42.8413656388411,-0.12050264784734042,-0.08108112745050693,55.90198631181425,41.690852569218904,5.7819052212359825,61.80113621518979,54.70721067284671,37.69998644051613,5.105786867658349,58.70613481382049,58.928845557235334,40.63062024167421,6.119079310738935,58.83679419275176,30.83356190505332,20.75390681009198,0.07377780138081075,19.18086000145162
11.299999999999997,23.318315187820136,27.887242823094148,61.71358778309438,43.22387783204501,-0.08562038069230489,-0.09083649011740948,56.34333280452971,42.06403993249573,5.777613075819968,62.872180024191145,55.12835300903375,37.988268793070276,5.09301444661354,59.75014911663178,59.43394065407221,40.97711938024165,6.114377625668911,59.882841005736154,30.82483548620153,20.748416164295662,0.13242746467358038,19.509116437892253
11.400000000000006,23.325099210815743,27.90770268891934,62.25972572807756,43.606390025248984,-0.07043760786468894,-0.0934875134549417,56.78394578775332,42.43749339112446,5.77414513719923,63.95176910324794,55.45968455024953,38.21592847533319,5.062988646621422,60.677540399665396,59.83759097494595,41.254685791500336,6.088273860530674,60.8115773619983,31.8502277331336,21.42054358495932,0.029785701226159183,18.367506748297938
11.5,23.32564193265479,27.899251874585218,62.80586367306067,43.9889022184529,-0.08828009904095954,-0.09229843457918441,57.22381549970558,42.81122491525875,5.769879805411967,65.03987316838922,55.6215259765414,38.327313349636704,4.9960064307515175,61.40821270805732,60.044316891372205,41.39662336091758,6.0210831751115235,61.5480754235519,31.85018865699866,21.42081881582665,0.0274329021266283,18.67445981005199
11.599999999999994,23.331883233811357,27.91882218092365,63.35200161804377,44.371414411656815,-0.05433563670669556,-0.09187585663400538,57.66301937767147,43.18521166193042,5.767303685611247,66.13645930101154,55.609894490111394,38.31116137723629,4.896466944576308,61.95139244115649,60.052561730452496,41.38940437458705,5.912312361265196,62.10840800749753,31.845522132840703,21.41806648970874,0.08095906176153114,18.98428387231685
11.698999999999998,23.332425955650404,27.900363823943664,63.8926781835771,44.750101482928734,-0.11234075446740342,-0.08484171041627948,58.0966610005843,43.555925371940226,5.7632780855310015,67.23462051080513,55.67597391078344,38.3310144029085,4.81141249856836,62.57269094148664,60.14661833498721,41.416696743838386,5.822634517115657,62.72219830035234,31.83385769165739,21.410742811512677,0.13735595424248523,19.29527096994768
11.799999999999997,23.34490855794847,27.89836231509846,64.44427750801006,45.1364387980647,-0.064326606131147,-0.08752713898089678,58.53906306032363,43.9341282478088,5.759171160196609,68.354966795544,55.743388269246836,38.351268499806416,4.724639780923892,63.20654092667191,60.24257507294686,41.4445404740847,5.731144999346938,63.34838839710318,31.821957605197642,21.403271180221747,0.194892177884668,19.612540635207402
11.900000000000006,23.345994001626565,27.89836231509846,64.99041545299325,45.518950991268674,-0.05512623270162202,-0.07920063811179039,58.97612603873325,44.30898020020146,5.7567026672283115,69.47682374831713,55.9856435129786,38.49358365569272,4.680055576300622,64.01626628121541,60.53635807940655,41.61286885860676,5.68373881928647,64.11076542854879,31.803255135102837,21.391360571014626,0.2485695526746939,19.93097767888579
12.0,23.352235302798196,27.908592248406098,65.53655339797635,45.90146318447259,-0.1085346088711922,-0.07950693559898475,59.41243611557065,44.68415270482954,5.751932117064356,70.60705413207664,56.32761470559592,38.71648389983046,4.652209013865456,64.96852473540189,60.95340072115015,41.88451598067137,5.663790999291247,65.01868164532577,31.779832733727265,21.37637157474217,0.3075885245927142,20.252285739383396
12.099999999999994,23.352778024637242,27.90948180789286,66.08269134295945,46.28397537767651,-0.06810995074778708,-0.07922845196169798,59.84793575250392,45.05967629463822,5.748995578903569,71.74563583919266,56.712593835517474,38.97926100151398,4.638418495357729,66.02382861402765,61.42736803040373,42.21068012984643,5.6570243498644555,66.05492045307064,31.75163714772814,21.358267007060068,0.36256573212186516,20.57646440535783
12.198999999999998,23.352778024637242,27.929719284636448,66.62336790849278,46.662662448948424,-0.0628494173359537,-0.08854610141399075,60.27813031135939,45.43187009119939,5.745727782960971,72.88517560498586,57.00343640833788,39.16962765085317,4.605494877044432,66.91780821060516,61.78753120411978,42.44614278039632,5.627836732877137,66.92348459649453,31.716862930786437,21.335863210968373,0.41808987577916396,20.901668872512204
12.299999999999997,23.35901932576368,27.92149085938393,67.17496723292574,47.0489997640844,-0.0951907233757595,-0.09068386163926288,60.71701566938364,45.811582954357746,5.742393970938725,74.04773637614856,57.30015458869,39.3638400910881,4.571906135128848,67.82984800105288,62.15497040154725,42.68636225216943,5.598059467061793,67.80959549029058,31.681386204411574,21.313006812935434,0.4747357193083247,21.233443126881802
12.400000000000006,23.378285951072424,27.930831233994898,67.72110517790892,47.43151195728837,-0.08352159052113806,-0.09399099127244656,61.150384345889556,46.18807744049904,5.739020038239273,75.21119897103345,57.25054159333177,39.312865047279345,4.471212221119334,68.17697230694999,62.10519474296178,42.62810949263262,5.487320804422095,68.11402970339093,32.702528471201575,21.983327012319833,0.32451182959365493,20.382146398624993
12.5,23.386155417731068,27.93172079348166,68.26724312289203,47.81402415049229,-0.07951903636775873,-0.08842721020837523,61.58301695305704,46.56492227988033,5.735884801518462,76.3828946172085,57.14653472220972,39.2130918546461,4.3609294087726385,68.42761810871852,61.99462325938833,42.510664877011564,5.364969318930313,68.32399059919884,32.67287655831659,21.9644084292731,0.3789508426073016,20.697539039795377
12.599999999999994,23.392939440726682,27.93172079348166,68.81338106787514,48.1965363436962,-0.06937063917812025,-0.08377351763393373,62.014980234203875,46.9420929998703,5.7332130736625455,77.56279014229622,57.16706092870001,39.19426489119776,4.2769518108220135,68.82919020812385,62.032151553309234,42.48915408696766,5.272534206111458,68.66131424201858,32.638701150562,21.94255281569653,0.4323756455672386,21.015652518465508
12.700000000000003,23.399723463722296,27.93172079348166,69.35951901285831,48.579048536900174,-0.099354235575947,-0.08018606525944946,62.446188479722935,47.31964003668671,5.729475209429436,78.75085963726451,57.36491768951585,39.306512799931994,4.226009688895681,69.49401815491143,62.28430014306341,42.63042929556184,5.223906886312898,69.24666561298878,32.59991849803009,21.917707040413916,0.4887990202948429,21.336485915300187
12.799999999999997,23.406507486717903,27.95218066009694,69.90565695784143,48.96156073010409,-0.10590520920100065,-0.07805085294419589,62.876481731920975,47.69765189679861,5.7255855460807155,79.9470816716199,57.692302737253314,39.52329577331831,4.20113390739749,70.43066051532618,62.69896351393559,42.90722628343533,5.208946461445923,70.12861555633525,32.55637597373217,21.889770726449598,0.5458775887167627,21.660037308159392
12.900000000000006,23.413291509713517,27.943729845762814,70.4517949028246,49.34407292330806,-0.039735357444168395,-0.07634898813600352,63.30612789319216,48.07599774437044,5.724159277052066,81.15142409151028,58.040727749593955,39.769559938547346,4.188485696579573,71.52360126445296,63.138763850132996,43.22335363336377,5.200881577121293,71.21001717142363,32.508324875594035,21.858904234366268,0.5963392786109073,21.986311249255856
12.998999999999995,23.420007692458537,27.96307776222956,70.99247146835785,49.72275999457992,-0.06528359525735238,-0.08336928309976815,63.73064878739321,48.45100209868593,5.72124168573282,82.35568939012259,58.37085136509794,39.99585869553938,4.168406062076267,72.5923782524929,63.552257834759956,43.50925986894405,5.187984119718588,72.27742239469923,32.45420023412005,21.82408083570497,0.6508162485542018,22.313354505402444
13.099000000000004,23.42679171545415,27.965079271074767,71.53860941334104,50.10527218778389,-0.10529660131956775,-0.0912735208795566,64.15945777143475,48.82979437577236,5.718294623794186,83.57211898468073,58.70430956257678,40.22444329856169,4.148123602982015,73.67195096768496,63.969928526302425,43.79805404629791,5.174956384968379,73.35560948891721,32.39952887909581,21.788905685542034,0.7058434909211765,22.643701228782902
13.200000000000003,23.43988487984186,27.965079271074767,72.09020873777399,50.491609502919864,-0.02717363985925466,-0.0844735892926044,64.5915909617221,49.21289886187146,5.717384934133207,84.81290432084585,59.035297156786775,40.44645965163693,4.132470091728657,74.75025132574092,64.38968182376964,44.08042620313656,5.161037884026822,74.4368807004143,32.33748708995563,21.748940105853578,0.7555414789671913,22.981477712721603
13.299000000000007,23.447143784425922,27.965079271074767,72.63088530330732,50.87029657419178,-0.07238731504097624,-0.08425350967585757,65.01437924415634,49.58886426277759,5.714771721498948,86.04102709353175,59.36547327871862,40.670043531512654,4.113221973652829,75.84888844432749,64.80486081604381,44.3624790312138,5.148605270250121,75.53430318062604,32.967104492966165,22.163119493666105,0.6841647003386625,22.649401749991355
13.400000000000006,23.453995647657067,27.965079271074767,73.18248462774028,51.25663388932775,-0.09353236138817586,-0.07971594411033367,65.44570870401347,49.97242492430807,5.71210571669026,87.29396042728196,59.70231962533593,40.89814425744647,4.093585004706783,76.96972025217836,65.22842726270736,44.65022989622188,5.135921492558739,76.65389581195312,33.60944143947183,22.585666141838463,0.6113459665863286,22.31061718195344
13.498999999999995,23.46688529135325,27.975198009841606,73.72316119327354,51.63532096059961,-0.053450568350394634,-0.07892900295339968,65.86728261036036,50.34909683829336,5.7105064967846415,88.53782084325134,59.89427911199786,41.03465002123223,4.053776422152028,77.89714685849437,65.4520179979562,44.812002284151866,5.090620905226883,77.55878899436902,33.55429747656798,22.550381096940754,0.660791778752706,22.62999664964366
13.599999999999994,23.474347716643905,27.976198763869167,74.2747605177065,52.02165827573558,-0.0538997897482549,-0.07489510950589846,66.29737316127995,50.73337828589456,5.708874969406182,89.80680975247276,60.090116568087325,41.1739134772157,4.013163625808283,78.84330935584715,65.68012571775554,44.97704280113096,5.044405154514582,78.48196284713686,33.498039494211525,22.51438322285319,0.7112364962153789,22.955828227792306
13.700000000000003,23.481131739624455,27.99665863127454,74.82089846268968,52.404170468939554,-0.07755240940980605,-0.08470883263230222,66.7224122688683,51.11433223315136,5.706636223505783,91.07508916662196,60.24548505228134,41.28967147493783,3.9650028546260945,79.70718566287681,65.84469636736398,45.10671534794741,4.9894950748142675,79.28971049317941,33.43595858226651,22.474588882464552,0.7635691976456355,23.282299738607747
13.799999999999997,23.487915762620062,27.99843775024805,75.36703640767279,52.78668266214347,-0.01602179630406793,-0.08058040637510348,67.14705234403573,51.49553046399056,5.70618777333337,92.35123408136062,60.329005009118404,41.36016563230702,3.9113567457406466,80.42074522331573,65.90242901476698,45.170755556326476,4.917241657086044,79.89522048731257,33.36975037568771,22.43210594493519,0.8097491773418649,23.61135067542233
13.900000000000006,23.488458484459112,28.00866768276561,75.91317435265597,53.16919485534744,-0.0619514773214673,-0.08690051654303918,67.57136240223565,51.87693625959901,5.70450659346236,93.63521367840123,60.53044650714401,41.50707992464801,3.874128733928642,81.31973489085004,66.11085948585979,45.33183110586988,4.871799947343863,80.65351327338591,33.2994804622479,22.386976637622094,0.8605221208357681,23.94298215441641
14.0,23.50094108675718,28.009557242252363,76.45931229763907,53.55170704855136,-0.08915033396757699,-0.09185953714026167,67.99503589143188,52.25874895286072,5.70217402389095,94.92700616232146,60.8506400698772,41.72453156891088,3.8544122273723964,82.47007378973689,66.51033500136857,45.60430593326632,4.858498720082108,81.73340530354925,33.224841865081096,22.339002312838204,0.9140151770072097,24.277190223156378
14.099999999999994,23.50826783159184,28.01978717556,77.00545024262217,53.93421924175527,-0.04956365789887968,-0.09271661809214606,68.41812780249154,52.6409395336515,5.7009269534324885,96.22657515244701,61.10453054826298,41.89186236160753,3.8271305207016777,83.55576595970051,66.87308722501156,45.84115964359052,4.838229982916447,82.87103515755004,33.14588450124659,22.28821982426507,0.963549929861984,24.613976035936076
14.200999999999993,23.52142883618495,28.020676735046763,77.55704956705515,54.32055655689125,-0.07504897743833354,-0.08218737375773327,68.84492366583207,53.0273028683308,5.699099004871855,97.5469930871518,61.399162476438256,42.08881391639403,3.8040726346832554,84.71776723530924,67.26545850947586,46.10282731237552,4.822856361903178,84.04814223641513,33.03013917760703,22.22117342191211,1.0208511938886629,24.841186294976595
14.299000000000007,23.52855206032808,28.030795473023513,78.09226475313869,54.69541850623116,-0.0720201134840113,-0.08329291955789825,69.25818160296475,53.40277615555384,5.697634652330769,98.83950396919465,61.70001593852119,42.29200567730978,3.7857576600334886,85.88017310220617,67.65343661373724,46.36519644713384,4.809748435756482,85.20508175541362,33.845534811225484,22.761077979696342,0.9189046358926188,24.161011198778926
14.400000000000006,23.529162622402662,28.052256093666358,78.64386407757165,55.08175582136713,-0.05917217977709399,-0.081439358136407,69.6840902932749,53.78974352299794,5.696125472671078,100.17158151089168,62.01007920046376,42.501417594171905,3.766882022894446,87.0781628221712,68.05329159874125,46.635597290099014,4.796239246564482,86.39743779029965,34.68589153566887,23.31751022802491,0.8138372648967109,23.460014415963062
14.5,23.535403923559226,28.05403521263987,79.19000202255475,55.46426801457105,-0.027054519051665872,-0.07428711959098314,70.10516214956436,54.17331054390654,5.695543849926068,101.50190917019697,62.20959504509206,42.64069349535112,3.7348587141958247,88.04788238273248,68.2832071201728,46.798522947302914,4.756087318809937,87.30572106183067,34.615746687044805,23.27195184665526,0.8589885913184069,23.775753271476464
14.599999999999994,23.542187946539777,28.05403521263987,79.73613996753787,55.84678020777497,-0.0941274875927414,-0.08235636525700595,70.52574109495433,54.55722993201906,5.693600065857301,102.83985767484018,62.39562939082224,42.771628061493544,3.69444432468273,88.99642496827073,68.49383578532554,46.95024715045373,4.713440565337123,88.1834275105165,34.54153789173503,23.223745506454062,0.9108471691369306,24.09382871407783
14.700000000000003,23.548971969535387,28.0847250125628,80.28227791252104,56.229292400978935,-0.0618892170345717,-0.08300086903632567,70.94568807173404,54.941606636719044,5.692380170162993,104.18540300478915,62.58447525315323,42.90488650474644,3.658276424462873,89.95487360756313,68.70640336043951,47.1044941708895,4.6717869737183335,89.05872990473912,34.463120073695315,23.172794813502044,0.9594819262288804,24.414239829447926
14.799999999999997,23.555755992531,28.097623623540624,80.82841585750415,56.61180459418286,-0.04624557618951094,-0.08690519148343706,71.36519973940298,55.326304013395415,5.691510963548824,105.53850828810269,62.84875840996252,43.08703347367759,3.6362927494892436,91.08072489514267,69.02506249746484,47.32685266012136,4.647722288983995,90.11401011065016,34.380908598209224,23.122679461942038,1.0062567009738794,24.731053071767413
14.900999999999996,23.556298714370048,28.108854311665915,81.38001518193711,56.998141909318825,-0.08544691193597108,-0.08801790414139284,71.78837175190077,55.71525092797423,5.689979052750127,106.91278570468349,63.151688747852454,43.292980474961276,3.6161086706597665,92.31737129201035,69.41016812157656,47.589532651732476,4.633636058148725,91.31737113257452,34.293417016009116,23.066294661629815,1.057732785869645,25.057684218727807
15.0,23.56254001554168,28.109632675821782,81.92069174747044,57.376828980590744,-0.04776825345386996,-0.09328261443018121,72.20263865928597,56.096897391719715,5.689183353811083,108.26726636720504,63.34963681937517,43.426713023188626,3.584274344388151,93.3617927869209,69.69624336244826,47.78176647691798,4.60504406210107,92.41526971678968,34.20609249344517,23.008135965236438,1.1042014813152912,25.37799761808239
15.099999999999994,23.56932403852223,28.119862609129424,82.46682969245354,57.75934117379466,-0.02914436570657513,-0.08522509505406212,72.62078841648236,56.48263350595477,5.688720923531696,109.6428418743266,63.55347031867574,43.56397266835363,3.5549793166546886,94.43817149540388,69.98576554455809,47.97637426471356,4.5766371868359474,93.5330949098702,34.11429532118253,22.947385687206506,1.1492126145013895,25.7031606718055
15.200000000000003,23.576108061502772,28.120752168616182,83.01296763743672,58.14185336699863,-0.07828788547576533,-0.08329073863487142,73.03851782561557,56.86870405472378,5.687551508411233,111.02583685929145,63.795545690221175,43.72701189529517,3.5272548437217663,95.59988939626294,70.3161597026206,48.19908293188365,4.555129601281821,94.71548853105878,34.017780444720465,22.883993191090084,1.1992228417588022,26.031591576718785
15.299000000000007,23.582824244247796,28.14098964614986,83.55364420297005,58.520540438270544,-0.06570652714585432,-0.07637594003564421,73.4512915973797,57.25154460922299,5.686772494653452,112.40599827631839,64.07729324840972,43.918825919384346,3.5090815288448716,96.82466207948376,70.67470982796574,48.443984290137195,4.539414502341119,95.91185852548531,35.555908179994695,23.89756608812663,0.9885557406940091,24.03697774609155
15.400999999999996,23.589743947729527,28.153332282843508,84.11070490685279,58.91070287533852,-0.05030817381998101,-0.08391881483034747,73.87657366525781,57.645986392646364,5.685969874418163,113.82798276658836,64.3675786113918,44.116452489658016,3.490357507456558,98.08654908643837,71.04412510862433,48.69630690167111,4.523223188281003,97.14448215610642,37.14064584664065,24.941853315376257,0.7715047880818281,21.981921072112264
15.5,23.602701431646178,28.15411064699938,84.65138147238612,59.289389946610434,-0.038491745346338306,-0.08333813313199451,74.28878809860063,58.029290294150684,5.685504367588226,115.21903482492348,64.64540466746405,44.30548430105429,3.473818802625238,99.32138894199632,71.39820471411139,48.93785994211695,4.507091697025649,98.35233248341682,37.074882445619785,24.899027642863803,0.8139179327079612,22.25344052800259
15.599999999999994,23.60378687532427,28.174570512824573,85.19751941736922,59.67190213981435,-0.069134359782493,-0.09185917133883326,74.70475771208093,58.41681316617926,5.684724514389663,116.63139583551875,64.88379205746485,44.467936935301275,3.447751839173754,100.50644493559626,71.72135053207698,49.15871526558629,4.485682307893817,99.54970867490779,37.00475359233281,24.853360674431862,0.8598237501217816,22.52961744326192
15.698999999999998,23.609960336230245,28.186468371355023,85.73819598290255,60.05058921108626,-0.08960859513505762,-0.09195170685319654,75.11578041364645,58.80114342888554,5.6842047027590885,118.0403959233301,64.8723243174668,44.461249641676815,3.3862960136150866,101.18358163083828,71.7509309950138,49.181454713215146,4.420558761562975,100.30805418788603,36.929596339160746,24.804428612448355,0.9035871055468687,22.805890014543277
15.799999999999997,23.616812199461386,28.18746912538258,86.28979530733551,60.43692652622224,-0.015395235228299935,-0.08990453728564421,75.53510660413247,59.19323793932323,5.683674389883452,119.47786065938,64.86062490595366,44.454427251211456,3.3235986562269546,101.87439785527705,71.78110904306047,49.20465354362439,4.354119588033534,101.08171981223752,36.85292075764177,24.75450802396013,0.9482345691623596,23.087743849890913
15.900000000000006,23.623596222457,28.19769905790013,86.8359332523187,60.81943871942621,-0.06677457279388761,-0.08673826184221622,75.94978094948493,59.581895666681355,5.683122212482083,120.91187387406627,64.79087059620554,44.39970535553017,3.25176063033742,102.4832690738629,71.7550901798775,49.17666685683206,4.280145163817868,101.81971728307458,36.77153400415267,24.701536762131408,0.99390427316081,23.36969823208948
16.0,23.64286284775068,28.22927841730981,87.3820711973018,61.201950912630124,-0.08849015434940932,-0.08210262861391765,76.36388187411731,59.971076709360354,5.682477977650904,122.35303630129113,64.88241844235901,44.45143495320851,3.202813903424667,103.4293320957485,71.92103885917402,49.27468674424058,4.235789470476112,102.84602922951143,36.69752167923869,24.64417480173625,1.040698698680749,23.639191962987166
16.099999999999994,23.64449101326782,28.23194709577009,87.9282091422849,61.58446310583404,-0.05188107447271978,-0.07838256178979634,76.77746774654881,60.360734530274414,5.682148660397311,123.80131290966365,65.12133511907251,44.608251961521525,3.180597526098267,104.67503837941587,72.25113847486593,49.49222674307098,4.217203783969691,104.10600359175727,36.61242308177164,24.585911280570333,1.084482191518433,23.917588056380534
16.200000000000003,23.64449101326782,28.23194709577009,88.47434708726809,61.96697529903801,-0.017704134822907128,-0.07579699734534358,77.19080002761349,60.75063055871306,5.682051100978453,125.25666485000885,65.36087140555004,44.773691904638795,3.162721097261634,105.90023994801537,72.55608771881406,49.704873555164774,4.195950277873209,105.29573918368602,36.51976824927226,24.52579442920866,1.1252316775221738,24.20360372167922
16.299000000000007,23.656837935109895,28.242065833746842,89.01502365280142,62.345662370309924,-0.019300449685685072,-0.08311305453928693,77.59967836579605,61.13693815212675,5.681850165694894,126.70797857115022,65.47036757284185,44.85431552280051,3.1234236298074816,106.7833051974778,72.67467916371758,49.796185469464476,4.148641216577169,106.10808343444381,37.81681816504348,25.381282346322937,0.96248423598404,22.7708266112805
16.402,23.670813022469105,28.26397123413306,89.57754573613401,62.73964992930996,-0.0830499258657273,-0.0742429122001075,78.02507704087485,61.53885413315307,5.68164111181402,128.21793123051938,65.584287827701,44.938196660887954,3.082538385890539,107.70204985095884,72.79806218215255,49.891186754038905,4.099420678057052,106.95324967513112,39.16627413801746,26.271335431805387,0.7931611402423607,21.280159516623385
16.5,23.67786840637671,28.25507564084565,90.11276092221748,63.114511878649814,-0.07400891241418693,-0.08394142117701638,78.42909449917484,61.9219795622569,5.681431656851303,129.66487696657256,65.61331650329181,44.9687497636304,3.0308936612350896,108.31992541805387,72.79144058867199,49.906726377966905,4.0359178335005685,107.42282567439337,39.09932913912495,26.22784356079966,0.8360668643237323,21.52341977554868
16.599999999999994,23.690893730528888,28.264416013876442,90.65889886720059,63.49702407185373,-0.03688522894096848,-0.08621099643446603,78.84097067801727,62.31331101266826,5.681359383458231,131.14824090235481,65.74890891552526,45.06838927690793,2.9977082740048675,109.21820653399486,72.93081693018081,50.016779822275964,3.9928311086135775,108.13853356785059,39.02753963672155,26.181202777469604,0.8761358489220852,21.77327576912552
16.700000000000003,23.69197917420698,28.28576543997848,91.20503681218376,63.8795362650577,-0.07757317622369923,-0.08926074200752432,79.25244685309058,62.705051744064875,5.681282658305807,132.63852786719042,65.98730675037429,45.23142320628858,2.975321105296267,110.45086198889878,73.23582460269512,50.22752398747359,3.9734344947724027,109.24792903952407,38.95221963125654,26.13226798098259,0.9202736284858143,22.024780211851457
16.799999999999997,23.698220475363545,28.287544558952,91.75117475716688,64.26204845826162,-0.09581007408293685,-0.09149667388943912,79.66332210292167,63.09741731252664,5.681288569602918,134.1357062888976,66.20481432655927,45.37551472994738,2.948057692224843,111.72972685779375,73.557256636256,50.43943059619069,3.9559529981051282,110.55062857695698,38.873120799579205,26.08088060253235,0.9662350839392316,22.27793215552614
16.900000000000006,23.71748710065723,28.30800442477719,92.29731270215005,64.6445606514656,-0.0371306024852817,-0.08625702338438852,80.07374005432442,63.4902652739259,5.68132869065838,135.63973113089864,66.39302029995378,45.499998900611516,2.922777907065673,112.95010637244714,73.84126070074748,50.626667114579945,3.9333744716065198,111.81973126829996,38.792756338930865,26.024267812402147,1.006291402691519,22.528951645783135
17.0,23.725356567330934,28.32001347705835,92.84345064713315,65.0270728446695,-0.0900973096550565,-0.0831671467449258,80.48372574689253,63.883579948343,5.681513138884883,137.1505634254806,66.60473757876797,45.64149410877136,2.8959443614276457,114.22877237208674,74.14488487770238,50.829670141871674,3.9140165498877706,113.11931116032244,38.708157538107024,25.967232592573165,1.0515813064660477,22.783397102597625
17.099999999999994,23.73214059031148,28.35159283646803,93.38958859211627,65.40958503787343,-0.10309841458772531,-0.07819959465338057,80.89306021049433,64.2776080678076,5.681826156068831,138.66817559360854,66.83991573348293,45.80151393464601,2.871622276898574,115.54699218588442,74.45687848909719,51.043082542972314,3.8963834741028633,114.39756341725354,38.61811497121887,25.90848589465921,1.098274282126658,23.040812006488554
17.200000000000003,23.745165914463662,28.354261514928304,93.93572653709944,65.79209723107739,-0.04742780219689159,-0.08181520950536057,81.30189101013632,64.67219544590827,5.682013920560066,140.1925304638179,67.05806115265027,45.95058094125763,2.8507637631814418,116.82267291768707,74.74104202764323,51.23850298392392,3.87510287725935,115.62070572945069,38.524221207755325,25.847611533388232,1.139398989863511,23.30030216972804
17.299000000000007,23.752424819062792,28.364380253695145,94.47640310263277,66.1707843023493,-0.09041235051070956,-0.08057396163566277,81.70594098852892,65.06362550887832,5.682404787807192,141.71158590829083,67.21828575723104,46.059911182359734,2.820073984910636,117.96082523965325,74.96241791023043,51.390202309842685,3.8459988236845297,116.74814650140442,38.42772683326198,25.78471397102051,1.1825383161175949,23.557934596140367
17.400000000000006,23.765517983435434,28.385840873547902,95.02800242706573,66.55712161748528,-0.05858267142652961,-0.09715068455205524,82.11815359274763,65.46296324988813,5.6828035513623405,143.26132934154091,67.38174722251041,46.171450115201274,2.7887642111192097,119.12197053782072,75.18826603286989,51.54496626860829,3.8163068094314316,117.8983638546097,38.329283077465746,25.720545750827174,1.2265491439121632,23.820771718035754
17.498999999999995,23.772776888034567,28.397738731288257,95.56867899259899,66.93580868875713,-0.050106207918674345,-0.08646660890037539,82.52139505003035,65.85534055796555,5.683318249356193,144.79350691610492,67.43360941178153,46.205699015092385,2.7443357007410554,120.00501309167221,75.29568313167627,51.61668628227672,3.772040753638307,118.85923563952345,38.74703478012935,25.994399886876774,1.1971249973643565,23.737488840544167
17.599999999999994,23.77338745010914,28.408969418623453,96.12027831703195,67.32214600389311,-0.08662323466113514,-0.08955651192703658,82.93278279937944,66.25564468034759,5.683843345289316,146.35663757298352,67.48651932204803,46.24063981195099,2.6990096446986915,120.90589488903593,75.40527027288279,51.68985518511016,3.7268804340917816,119.83951897564766,39.173225911129634,26.273786429715283,1.167106423613561,23.652523480679005
17.700000000000003,23.792111353548712,28.420088911417853,96.66641626201513,67.70465819709709,-0.06520649783648313,-0.07988719738843263,83.33939446272485,66.65283509449112,5.684423786699295,147.91413438085985,67.64545950911109,46.34573651145779,2.6696719702872285,122.12315379087718,75.64845617476908,51.85118774193138,3.7011581454518074,121.09673739412126,39.07623377529108,26.210021972288818,1.2088500861986113,23.909417981555094
17.799999999999997,23.799980820237483,28.431208404212253,97.21255420699823,68.087170390301,-0.030896954403073218,-0.07918329407542243,83.7457033762651,67.05039865325026,5.684725928602379,149.47814188434617,67.86518700198245,46.49407346982074,2.6524589990211402,123.5011882680283,75.95533210170758,52.05925009991872,3.68459980685638,122.46177644070553,38.97377040369825,26.143450606103315,1.2474024824798933,24.169971071540658
17.900000000000006,23.806764843218033,28.452557830314294,97.75869215198142,68.46968258350498,-0.08701532582234545,-0.08053097637347065,84.15164563361387,67.44842388554288,5.685654612345999,151.048629634732,68.07458591716352,46.63676071301038,2.6285492961545756,124.8422807074713,76.23786045017167,52.25280404494014,3.6650659355022586,123.76523173207677,38.86719633548973,26.074558979500647,1.2916310528716364,24.432813791548384
18.0,23.82603146852678,28.464566881805364,98.30483009696452,68.85219477670888,-0.08899676345799529,-0.0895154190855523,84.55704518919198,67.84714191738446,5.6866912545068065,152.62557015410175,68.27632126158612,46.77291643170051,2.603595117226083,126.20012923396784,76.5285048676662,52.44973164052715,3.646704885042335,125.1292064969274,38.758554071134846,26.003987166569537,1.3358577564451797,24.695320193770385
18.099999999999994,23.840142236341986,28.485916307907402,98.85096804194762,69.2347069699128,-0.029244670669909108,-0.08860523375184604,84.96208340562107,68.24632787625976,5.687060814080721,154.20891785414648,68.41317305111205,46.86522785206409,2.576204587729973,127.37496524675718,76.74220175860658,52.594871367265135,3.6182966552764038,126.34458257839391,38.64897958291895,25.93273103975976,1.3737762265295936,24.95621287395293
18.201999999999998,23.847604661662764,28.508600072449497,99.40802874583045,69.62486940698084,-0.0720469981145037,-0.0914014393871169,85.3749073529476,68.6539161938491,5.68806703594064,155.8304859508394,68.35984570915855,46.829085820033434,2.5186502076605914,127.97645885875079,76.71354610882159,52.57673330624961,3.5569589392064267,127.05592404286645,38.54000073739482,25.861799155926,1.4159904027365555,25.21618752326519
18.299999999999997,23.860494305313757,28.520164345777363,99.94324393191391,69.9997313563207,-0.09758286738971564,-0.08197125522832124,85.77104925321485,69.04618682786035,5.689468230891799,157.3946611528834,68.4394505312346,46.880231969528815,2.478570932970508,128.99766171906865,76.86295014601544,52.67428019065374,3.5217270492527843,128.16158359425333,38.42844201176017,25.789490723257646,1.4594772407495427,25.47099858435565
18.400000000000006,23.867821050148418,28.531283837781675,100.4893818768971,70.38224354952466,-0.012945767859215147,-0.07936298078179287,86.17495509290768,69.44690109982999,5.6896693703280885,158.996979337391,68.62920445357196,47.00723086414341,2.4608631556632177,130.37231865333885,77.14395843909787,52.86323742529307,3.5031895855594852,129.5490001631007,38.30669027269805,25.710866832902937,1.4959733073990218,25.737972186692083
18.5,23.88708767545716,28.532173397268433,101.0355198218802,70.76475574272858,-0.051912772232995924,-0.07836273054463247,86.57867259180223,69.84787936536443,5.6905193688722,160.60554273340395,68.82175698973045,47.13845535921964,2.4399801461229753,131.73273832050324,77.40745552775746,53.04391487737576,3.482785619191069,130.864767640668,39.26954864068172,26.343861489564734,1.3930533045567741,25.36678441742372
18.599999999999994,23.894957142100736,28.57309312970891,101.58165776686332,71.1472679359325,-0.09683732460463106,-0.07781446657009718,86.98196236837367,70.24946608179114,5.692191910284718,162.22032734911502,68.91739651980912,47.20612648954687,2.402391284376509,132.736505308041,77.51584968141535,53.12258129223276,3.4426376486924957,131.77855814754048,39.151522733270504,26.268182663130105,1.437314181765087,25.630868901399324
18.700000000000003,23.914223767409485,28.58688130175367,102.12779571184649,71.52978012913647,-0.05379280644846912,-0.07610579328735743,87.38482276497933,70.6516715572714,5.693168867289474,163.84130089868123,68.78261007393243,47.12159107907387,2.3399474693862357,132.8759436644652,77.27657680571573,52.972956266066134,3.3584341798331825,131.7743037808046,39.03356087811541,26.19294835308416,1.476777819460409,25.891806609129684
18.799999999999997,23.922093234083192,28.577540927142703,102.6739336568296,71.91229232234039,-0.059107513855869265,-0.0833532221981113,87.78736536879265,71.05434357982439,5.6942932566158495,165.46842734263257,68.6990252796628,47.07391458834977,2.2843539542516718,133.15564224651305,77.1042548147539,52.87547644358998,3.284147608037378,131.84402796535107,38.91113001778136,26.11452233289796,1.516937595490562,26.15578561067734
18.900000000000006,23.928877257078803,28.597111234271225,103.22007160181278,72.29480451554436,-0.07228000729041653,-0.08977257209269626,88.18954267769195,71.45756160680267,5.695736472819777,167.1016727177273,68.82432074362765,47.16303740321138,2.2544606820420254,134.23879986021606,77.25023495562101,52.98505254890379,3.2508259613958663,132.7137031117378,38.78199714568127,26.031216816472618,1.558869070321871,26.42607892737853
19.0,23.941902581215917,28.619350219860024,103.76620954679589,72.67731670874828,-0.0659772948007517,-0.09064701306922554,88.59134038037298,71.86135736115122,5.697119631625159,168.74099617215674,69.01209336192485,47.28945375987204,2.233151737163386,135.65550895181116,77.52721986271978,53.17188583216525,3.233823962723595,134.0633038330312,38.650423499537524,25.946034204540158,1.6000545651950902,26.69795276688571
19.099999999999994,23.955470627207145,28.641589204658732,104.312347491779,73.05982890195219,-0.05479273583464605,-0.0921266102242642,88.99281098753188,72.26566069593827,5.698322564547142,170.38635180596424,69.09838337949407,47.34464426126431,2.2001903089628616,136.77645769433278,77.70233042938325,53.28290527671779,3.203702754509564,135.32139860048323,38.52153333694662,25.862466301276047,1.6393551308348409,26.965811908531975
19.200000000000003,23.97527997432481,28.643368323632252,104.85848543676217,73.44234109515617,-0.037146545672219485,-0.08487574567563627,89.39403598792848,72.67035261141206,5.69917362883035,172.0376917241497,69.1898971190768,47.403642527675636,2.1700013872813524,137.9106370438383,77.87235588492942,53.39192271852223,3.1733417497716836,136.55422832421667,38.38926476246859,25.77688147286595,1.6769005145943614,27.23487859780912
19.299999999999997,23.983149441013577,28.663828190247532,105.40462338174528,73.82485328836007,-0.08504170625315244,-0.08404127730304245,89.79494007091255,73.07556438917926,5.7012006402448145,173.69497764480988,69.302119301025,47.47715719621579,2.1379826499597647,139.11946416612335,78.06214001788227,53.51592875076011,3.145864817623955,137.82343302174925,38.252614434283586,25.688614330678554,1.7193557997925535,27.506115442902075
19.400000000000006,23.989933463994124,28.68606717583633,105.95076132672845,74.20736548156405,-0.033767417817455465,-0.07775100612425895,90.19553504951394,73.48128345461411,5.7020358302055465,175.3581705283101,69.47872955756137,47.59675487262202,2.1195610478983133,140.55754215347912,78.32061057010819,53.69198023880648,3.127552667105125,139.23792104657795,38.1074686458074,25.59505063754013,1.757315022825357,27.78364146642923
19.5,23.996717486989738,28.708306160635043,106.49689927171157,74.58987767476796,-0.03262121834456131,-0.08437910654771581,90.59595995072817,73.88728757908659,5.70286952064492,177.02722943673223,69.65366989473296,47.71517282155841,2.101232706364597,142.0053758397256,78.57849642333828,53.86742001788722,3.109343299306413,140.66643694532317,40.35832423006042,27.068812750336203,1.4950390914530274,26.494741620258317
19.599999999999994,24.00350150998535,28.710085279608563,107.04303721669467,74.97238986797188,-0.09183619422418504,-0.08544316999370126,90.99607126201204,74.29382919608504,5.705300943600511,178.70212262601459,69.82332103264996,47.82980768727261,2.0765364318352573,143.4516415327386,78.8337325606735,54.04057258431079,3.090964473267499,142.10648787412646,40.230013184694904,26.98515926322896,1.537515947034254,26.757933074714458
19.700000000000003,24.016526834122462,28.73054514701393,107.58917516167786,75.35490206117585,-0.03651368756859756,-0.09196426311681327,91.39586230974918,74.70092693228018,5.706302095594449,180.38280996750794,69.87673058426377,47.86550639324387,2.0433248496373757,144.44004294237212,78.94116968655754,54.11289806466298,3.054601148822539,143.1657597098795,40.10279620953997,26.90174597882179,1.5739415625945326,27.022526304874724
19.799999999999997,24.036336181255194,28.752784131812643,108.13531310666096,75.73741425437977,-0.029212835601086323,-0.08652693731817705,91.79549220407199,75.10831107260101,5.7071300395588285,182.06924076293214,69.9023242086316,47.881866562066826,2.007751544003658,145.32626088834974,79.01190786816264,54.15942697249261,3.0140718784941294,144.13880183616266,39.97508720053389,26.818343755798054,1.6093075028186692,27.286053375502274
19.900000000000006,24.05044694908547,28.775023116611354,108.68145105164415,76.11992644758374,-0.10315293771665812,-0.08568524490960344,92.19480392071422,75.51627553674169,5.710149800094764,183.76137840750192,69.92603466858779,47.89627362107543,1.9649112389346197,146.21602967247279,79.08113561820163,54.20367684122066,2.9736942374124107,145.11843343703646,39.84552140123752,26.734081502365193,1.65187461209163,27.54873825057633
20.0,24.057773693905062,28.79726210220015,109.22758899662725,76.50243864078766,-0.05185699170360302,-0.07976195270085254,92.59374690629934,75.92492171342563,5.711716002709271,185.45918417555126,70.06196066087742,47.98702850330512,1.941181507316451,147.58911651921846,79.30030911628491,54.35056698228358,2.951899593034712,146.5151465475024,39.70814283349922,26.64534111501149,1.6898207115562456,27.816021326941975
20.099999999999994,24.064557716900676,28.809271154481305,109.77372694161035,76.88495083399157,-0.0076835642946576355,-0.08098345966569266,92.99255009412705,76.33383072638676,5.71195428442288,187.1626109740829,70.22150596320792,48.094761686614916,1.9249787342213702,149.0631883940905,79.54409175005925,54.51602557988428,2.933388545509757,147.97847902738354,39.56581992203746,26.553705276090227,1.723567157434073,28.086307672075943
20.200999999999993,24.077718721493785,28.8205018426066,110.32532626604332,77.27128814912754,-0.10910413900074441,-0.08154906886215925,93.39506884395131,76.74735809820248,5.715474112606001,188.88874358632074,70.37715281377243,48.200449697274024,1.897961132568614,150.53156092051208,79.77551349439139,54.67406170903673,2.913161461625943,149.41525105214575,39.41786399844869,26.45860240938015,1.767992755330644,28.36159516836012
20.299999999999997,24.097392388200646,28.841740072587662,110.86600283157664,77.64997522039945,-0.023158159535710612,-0.08458983926440344,93.78931753559556,77.15328381950204,5.716225274718157,190.58618938361866,70.5307961017133,48.304593892912884,1.8803248925676985,151.99565290322536,80.00744889995957,54.83203152754098,2.8941151770428317,150.85435634815087,39.269868845828135,26.363470469430624,1.8029898224003849,28.632491075527792
20.400000000000006,24.099020553717782,28.863979058176458,111.41214077655982,78.03248741360343,0.013631270129302264,-0.09025689844156831,94.18752730215735,77.56335114610918,5.715767584881865,192.30625481770406,70.64713539057358,48.38313997989679,1.8617240222171703,153.32110637144032,80.20149437533064,54.963788975533895,2.8702675690371047,152.21295669117913,39.12206935415123,26.26835824308782,1.8341336456066306,28.90310071068159
20.501000000000005,24.117947977833815,28.886440433636945,111.96374010099278,78.41882472873941,-0.0966699531197934,-0.09256149383511157,94.58953542408373,77.97790151814648,5.719142942684467,194.04906446250004,70.56995886559689,48.3313935237275,1.8091312440738136,153.74411903017423,80.12424263587295,54.91312759878471,2.814283495059742,152.76291294400176,43.9290495390321,29.407244206458834,1.286017691787232,25.412625592548608
20.599999999999994,24.119372622659426,28.898227096046416,112.50441666652604,78.79751180001126,-0.09552186521178166,-0.0915930552876572,94.98317479476334,78.38510235510755,5.7225013888060685,195.76273102994946,70.2763133394202,48.1315564355405,1.7325379901174278,153.11738584192065,79.73804252296992,54.64905042430103,2.7232874649493506,152.38586302994523,43.820517599237334,29.334315706393205,1.3254813789179545,25.649197434359333
20.700000000000003,24.13185522498763,28.909346588050727,113.05055461150921,79.18002399321523,0.00013256782964468639,-0.08390779673683864,95.38058999975351,78.79684390119026,5.722496561168421,197.49905068834855,70.1268043282258,48.02476962632081,1.6823546186659342,153.2236747615695,79.56729111049245,54.520981188831776,2.6573162251498714,152.70999212108134,43.71205250036215,29.263015003698662,1.3552133143515366,25.88846878547149
20.799000000000007,24.14528759050779,28.920354887094415,113.59123117704254,79.55871106448714,-0.031298515804104025,-0.08217285932512773,95.773767625109,79.20506222353362,5.726239726659594,199.2258971764135,70.18408881974142,48.06002889656469,1.647433531600349,154.31308642410286,79.67801405759148,54.58941026597294,2.6256061206894348,153.84509634272018,43.59812503900274,29.189546112685903,1.3947035542595414,26.127414899783833
20.900000000000006,24.158991316985137,28.941815506157077,114.1428305014755,79.94504837962312,-0.16627207168588554,-0.07535832621714891,96.17488823279488,79.62152738067178,5.73005851165564,200.98762945211607,70.2425305737119,48.09600047529834,1.6118069680283902,155.42450640305097,79.79097383190464,54.65922174871291,2.593255408058082,155.0031319627759,43.481896012767386,29.114593001652686,1.4349915767919486,26.3711882083247
21.0,24.166318061774607,28.953824559228323,114.6889684464586,80.32756057282704,-0.07948014712186718,-0.08178418009568533,96.57134472974995,80.03545375645002,5.733158510953588,202.7398305491889,70.37403373584692,48.18513095693725,1.5877309076322164,156.89864073640697,79.99912958812074,54.80202124805121,2.5732271906606083,156.46669759522686,43.359471019526815,29.036240603703448,1.47309638189291,26.615644990580606
21.099999999999994,24.166860783613654,28.975173984540277,115.23510639144172,80.71007276603096,-0.10013198202275889,-0.08555490910782805,96.9674500077052,80.45020665982899,5.737153359277943,204.49725564550582,70.50426049097324,48.272758901887535,1.5616469635457984,158.39103270565832,80.2113302543158,54.94587526207248,2.553760810875024,157.95518458509878,43.23411533288463,28.955970111584428,1.5132267461120068,26.861058360379356
21.200000000000003,24.179343385926785,28.997412970129076,115.78124433642489,81.09258495923493,-0.0831468513871221,-0.08810500438783264,97.36320348576338,80.86580573310007,5.7405472619168565,206.25986349109036,70.6078872198728,48.34150277240546,1.5344205588427855,159.75848784086222,80.39310377969575,55.066870174692504,2.5308881374786925,159.34805754621493,43.10720676133127,28.874647438742766,1.5514609603252756,27.105974265045525
21.301000000000002,24.186737970996976,29.009533217741122,116.33284366085786,81.4789222743709,-0.16695531974778907,-0.08272457641618229,97.76243869039642,81.2867398479427,5.747605068180055,208.0453171284611,70.72655788104805,48.42100233123262,1.5003774872554745,161.2356012624455,80.59629810104539,55.203664364230804,2.510299439263037,160.8360412158372,42.97468443783371,28.789847285917688,1.5986176215124854,27.35508042847086
21.400000000000006,24.199695454913623,29.020541515204634,116.87352022639118,81.85760934564281,-0.08031875220885976,-0.09097305322279442,98.15331606200468,81.70048065917919,5.751003661587889,209.8004624727203,70.75118530723849,48.436421760346875,1.465481249155404,162.15279823982567,80.66200929207902,55.246073388202305,2.4751666282525844,161.81234159791833,42.84629982539511,28.70765892316535,1.6356928246475955,27.59536094364816
21.5,24.20702219973322,29.031661007999034,117.4196581713743,82.24012153884674,-0.17332926213197683,-0.08691748766459867,98.54768872151702,82.11958095057359,5.758582446164635,211.57836864292136,70.7408919357336,48.428023704016105,1.4173395876943091,162.87589937075666,80.67486886847799,55.25206809035409,2.4339600670985946,162.6121426498771,42.71531788144979,28.623897342638426,1.682187123287589,27.836728118545754
21.599999999999994,24.213806222728834,29.053010433310984,117.9657961163574,82.62263373205064,-0.15483858642858678,-0.08574318712898546,98.9414847533613,82.5402174112803,5.7655085193536255,213.36129364683316,70.72672588102114,48.416667683316234,1.371033186676274,163.5874123932753,80.68335816946272,55.254135416387655,2.3925947505360807,163.40549843921454,47.036701643952675,31.438626404234036,1.2222183436140002,25.117515387293793
21.698999999999998,24.220522405473854,29.064908291051342,118.50647268189073,83.00132080332256,-0.17014992932576634,-0.08547924844414617,99.33048912019252,82.95900865271405,5.773854919399542,215.13375612188372,70.69404518955892,48.39242136085711,1.3210516910948253,164.1749446719867,80.66099309031064,55.234104101666965,2.348730363208343,164.0694648142658,46.92916441481535,31.36961788340674,1.2679319047695026,25.3380857089063
21.799999999999997,24.227374268704995,29.076138978386545,119.05807200632368,83.38765811845853,-0.19385389157664087,-0.08730206184490111,99.72735216110112,83.38626032326765,5.7823699335878,216.94202591966248,70.66070428210757,48.36768521370184,1.2700604683299155,164.774346289662,80.63817619137772,55.213668113921614,2.3039798266416636,164.7468446514393,46.81945471640252,31.299215251047585,1.3145689722109726,25.563111996611976
21.902,24.234293972156607,29.097933184231962,119.61513271020651,83.77782055552656,-0.40386775825572263,-0.08812590993562476,100.12682887135811,83.82153967812883,5.80213325223321,218.77576663881092,70.54269906412324,48.28502239685597,1.18743166891856,164.79241327989752,80.47106943929482,55.0929509936762,2.243381011426386,164.84322557373335,46.706967097734434,31.227377763320757,1.3836789641577896,25.791831177996688
22.0,24.247183615837724,29.119727389287295,120.15034789628997,84.15268250486642,-0.28444234465764806,-0.09080005592599638,100.50956167058234,84.24295733144552,5.815833767014302,220.542366810653,70.28443475689835,48.10651482958863,1.1044497042624675,163.70459433100552,80.04842155659074,54.79482123957133,2.1566531149219554,163.8220446449223,46.599787889845324,31.15912930653904,1.4377007879086061,26.007409887407377
22.099999999999994,24.25451036067238,29.131736441568453,120.69648584127307,84.53519469807034,-0.3652641901667182,-0.08643952753408303,100.89910838156027,84.67603718882124,5.8342182475347055,222.34979374055504,70.0588235890105,47.948288637794,1.0165431630627484,162.82052933309697,79.67788301579498,54.525682572522136,2.0752755658546542,162.94472972333023,46.48702982967998,31.08750368679279,1.500728498152087,26.225619478673995
22.200000000000003,24.261294383667995,29.153085867670494,121.24262378625626,84.9177068912743,-0.5527061347830734,-0.09649317574915761,101.28727344361957,85.11349397195126,5.862781160001856,224.16201953831614,70.14015359194099,48.00305321846406,0.9444493390354494,164.29299806918922,78.66789209243235,53.81485434415554,1.9245693732313174,158.99747436267322,46.38492451857569,31.02299513622061,1.5806479984082389,26.428426210478467
22.299999999999997,24.261837105507038,29.16509491995165,121.78876173123936,85.30021908447823,-0.5192616791709155,-0.09862131361324834,101.67386888816183,85.55607556425497,5.8903890480481085,225.97900660076033,70.21563106730117,48.05390114456881,0.875700267011968,165.77211160580848,77.0338534525291,52.66141515720765,1.7065520876052107,151.64200079483362,46.303234360132244,30.971991903080887,1.6542512328036123,26.605816550566363
22.400000000000006,24.26807840666361,29.17621441274605,122.33489967622255,85.6827312776822,-0.41240442616787465,-0.09075287171215772,102.05914226228052,86.00312389985903,5.912883180079745,227.80068932570154,70.28583438928918,48.10122949841023,0.8176372607264494,167.25787398882616,75.77983254569997,51.747816124292335,1.5305884087545456,145.39541448824914,46.222631149789876,30.9219780009579,1.7164107690848418,26.77524933861578
22.5,24.26862112850265,29.187333904750364,122.88103762120565,86.06524347088612,-0.3118670152484204,-0.09245607744561518,102.44342012159338,86.4536540420262,5.930263877028781,229.62700049279405,70.35162332526944,48.14561805782847,0.7696281615570106,168.7502906978843,74.7185107729184,50.971431031998804,1.3772312702429117,139.29101488455856,46.14865933679111,30.876521457727527,1.7672615189108414,26.933681349203344
22.599999999999994,24.274862429644152,29.198453397544757,123.42717556618877,86.44775566409002,-0.29755880173729676,-0.08392944429191944,102.8268882880137,86.90712174286068,5.947173800544229,231.4578819571491,70.41347383360159,48.18738809515687,0.723050196444267,170.24936484940963,74.2218331221363,50.5939850405952,1.2864557317027383,136.18824059146974,48.658442821144796,32.508082827106264,1.5360761364413444,26.29820693715884
22.700000000000003,24.281646452639773,29.219802823646802,123.97331351117194,86.830267857294,-0.25664865583988394,-0.09286676823639362,103.20964301605535,87.36326704467089,5.962020310358502,233.29328434501852,70.47161505270692,48.22669363720215,0.6805633639497778,171.75509805030228,73.69928049777036,50.21081356045966,1.1943198974327156,132.79320139612136,48.55689459303836,32.44557652303837,1.5847072888923974,26.5021809971281
22.799999999999997,24.27594787332225,29.22158194262032,124.51945145615505,87.21278005049791,-0.42490139084452405,-0.09688784330515755,103.59155379392558,87.82271391066455,5.987083266074135,235.13316967334464,70.52551470814826,48.263185259305565,0.6212527227416831,173.26748763924218,73.05316987447037,49.75330933995525,1.0903626136783227,128.66149727597545,48.475141027925595,32.39627281033806,1.6475068481720319,26.682426019706288
22.899,24.275405151483202,29.22158194262032,125.06012802168837,87.59146712176982,-0.42850144133082047,-0.08837477703299244,103.96820083958745,88.28349960003456,6.009972201763813,236.9612266659635,70.57169871295918,48.29456415213493,0.5669070862301502,174.7746340442834,72.8920824249134,49.63513945355456,1.0396080693149095,128.0467540187614,48.3975051484167,32.34993488389293,1.7041267704696599,26.84500278146208
23.0,24.275405151483202,29.231811875927956,125.61172734612134,87.9778044369058,-0.3339593390878529,-0.09449159772307865,104.3524569164748,88.75359409121,6.033323540194695,238.8262141028776,70.61881572796828,48.32657696199116,0.5114635580719222,176.31222785144658,72.72774068344619,49.51458229672153,0.9878281806209245,127.41959170584609,48.318300867301566,32.30266083772164,1.7618905295813787,27.01086392224324
23.099999999999994,24.275405151483202,29.232701435414718,126.15786529110444,88.36031663010972,-0.34127570142433783,-0.09562792528205065,104.73172453976018,89.22417719135906,6.054622328519097,240.67925537153533,70.65895526590694,48.3539757333503,0.4605194701679425,177.84458337742396,72.80906536373742,49.56845382262133,0.9631556835686024,128.5235164913747,48.266392045880075,32.273452301526135,1.811577804275138,27.142659098105838
23.200999999999993,24.275405151483202,29.24304256405325,126.7094646155374,88.7466539452457,-0.2779051394304958,-0.0923109093718815,105.11411846391914,89.70253548602174,6.0724508603780105,242.55516251284016,70.69544585827268,48.378983304174774,0.41546793493145506,179.3990220156111,72.8891089736472,49.62149079471094,0.938236611189398,129.64336275700356,48.21880015401013,32.247308516649916,1.8544207601794196,27.26659658490096
23.302000000000007,24.281782133095763,29.243820928209118,127.26106393997044,89.13299126038173,-0.34021752774736236,-0.09620812860950491,105.49587632057884,90.1839816599857,6.094630593152605,244.43536876502273,70.72786626925677,48.401318853196145,0.36412779487761193,180.96025416859416,72.96704644247788,49.673149809554836,0.9133177061550801,130.76811590051022,48.19434869332429,32.23640476011331,1.9007004166870505,27.36771998043134
23.400999999999996,24.275880033086718,29.243820928209118,127.80174050550369,89.51167833165358,-0.4745569414431148,-0.079453118546908,105.86929913421015,90.65984532165513,6.1254375617828964,246.2824816339438,70.75488331761365,48.42009311220486,0.3005159032678843,182.49715992529164,73.04139528374377,49.722450589129295,0.8888923955131157,131.8753591140598,48.12034272156609,32.193521748212476,1.9641340038387076,27.50352972126837
23.5,24.275405151483202,29.254050860726668,128.342417071037,89.8903654029255,-0.434240025927195,-0.10615730734013662,106.24189695691388,91.14008543295431,6.154080107159749,248.13366086219224,70.77679519849667,48.43552419975006,0.24090604191909915,184.0405872068769,73.11371903228087,49.77042979629229,0.8644671661059995,132.98731724117624,48.11551086391868,32.195654790391856,2.0158167657263224,27.583262317771
23.599999999999994,24.275405151483202,29.265170353521068,128.88855501602012,90.2728775961294,-0.3910239371639035,-0.09378463964197462,106.6175366717209,91.62921707220612,6.180571945747439,250.00760697242546,70.79409020115286,48.447951541355785,0.18503903646636943,185.60622759465144,73.18471571036606,49.81755464053632,0.8397956833850057,134.11529426991694,50.02697629967689,33.4345868455931,1.864053969695214,27.299549150596093
23.698999999999998,24.28157861240424,29.276178651774668,129.42923158155344,90.65156466740133,-0.38763271333124527,-0.10763088036973562,106.98850747036806,92.11898724629329,6.204860832455655,251.8687623838946,70.80441855006899,48.45583820986007,0.13352080957006177,187.16609906111256,73.25192728675718,49.86221633700684,0.8153718402788482,135.23913686612093,50.081561845018676,33.478745769763655,1.9012927056815372,27.37146436600558
23.799999999999997,24.27594787332225,29.287409339899956,129.9808309059864,91.03790198253729,-0.32094230342315355,-0.11033865461985805,107.36697262858384,92.61865176733168,6.229640403743833,253.7675168945852,70.81495555249859,48.4638842050008,0.08096181041322512,188.75748308245159,73.32049667277236,49.90778028997171,0.7904545862008505,136.38568335315728,50.137250128650194,33.523796793412394,1.939283739364552,27.4448324140496
23.900000000000006,24.2691638503417,29.288298899386714,130.52696885096958,91.42041417574127,-0.29805101772121145,-0.11941473238205563,107.74096804530419,93.1181780940453,6.250779199486925,255.65333361707602,70.81918280540793,48.467843747672134,0.035245620283942763,190.34310214252247,73.38527468371431,49.95089081776989,0.7657857937842362,137.52809660133826,50.426087920224106,33.720520016742086,1.9468100103543544,27.325820753523445
24.0,24.26862112850265,29.288298899386714,131.0731067959527,91.80292636894518,-0.3731021793312297,-0.11078807989761146,108.11451747953933,93.62103037594052,6.277644785345274,257.5429680672019,70.81916632034422,48.46908793741061,0.023086984672788167,191.93538186467003,73.44797245405931,49.992674691868835,0.7411189296261779,138.6753232191375,50.79886252259802,33.972283204882295,1.953109462594242,27.131921673567867
24.101,24.26862112850265,29.288298899386714,131.62470612038567,92.18926368408115,-0.36300819304659937,-0.11399072788040358,108.49134738666514,94.13261900421818,6.304453592973794,259.45530281904007,70.81455592336692,48.46742438491097,0.07494607038021549,193.5503440923136,73.50918153468437,50.033536264825514,0.7162076453398344,139.83890856799692,51.26556808052102,34.28586372907902,1.9491498744793603,26.861392947736523
24.200000000000003,24.26862112850265,29.288298899386714,132.16538268591898,92.56795075535308,-0.42279858532421655,-0.11975764646913598,108.86028802702432,94.6379403502539,6.335480371319523,261.33341016502584,70.8053420123323,48.46282952792957,0.13314546059814322,195.1399189117624,73.56711118002579,50.07228783712262,0.6917922393897065,140.98421906106293,51.853300359477025,34.67879478220157,1.9378888268674825,26.497623869079483
24.302000000000007,24.274998110100153,29.29875122177596,132.7224433898018,92.95811319242111,-0.4450161970458679,-0.12757677184696847,109.23997064240943,95.16300246362735,6.369664185500529,263.2721296505897,70.79061696685113,48.454816986522154,0.1955823582176494,196.78448682823273,73.62465097632258,50.11087409276552,0.6666412451686907,142.16917195564596,52.608163604124826,35.18162035109821,1.9134451372927606,26.018166383234252
24.402,24.275405151483202,29.299418391391026,133.2685813347849,93.34062538562502,-0.49034611921667504,-0.13367429710110634,109.61180453968976,95.68247317894736,6.407129618375632,265.1763986130235,70.7707255285765,48.443575692916966,0.2613888024056436,198.40353062346338,73.67894324658094,50.14739289642236,0.6419885936333929,143.33575442399473,53.526602680470695,35.79209179294949,1.8760889058982617,25.428748103446292
24.5,24.275405151483202,29.299418391391026,133.8037965208684,93.71548733496488,-0.29465915966695666,-0.1464661902998431,109.97591754760919,96.19536147229795,6.429515852524473,267.0459134659455,70.7465893332661,48.42970490087516,0.30673606616323573,199.99665332084626,73.73010807873551,50.1819315685994,0.6178363239329676,144.4836780647918,54.64262263993856,36.5322837436265,1.7988526052523155,24.711691616754152
24.599999999999994,24.275405151483202,29.299418391391026,134.34993446585148,94.0979995281688,-0.3477922384811629,-0.12704912136672664,110.34727448544785,96.72189411199822,6.456848302983129,268.9568719727209,70.71781490415914,48.41303717849405,0.358330671978725,201.62888219861145,73.78022661422034,50.21591172175503,0.5932008185525389,145.65979744566198,57.55705690192849,38.411461684413496,1.5490132201857276,23.853686107471503
24.700000000000003,24.275405151483202,29.289188458873475,134.89607241083468,94.48051172137276,-0.3536510746726452,-0.12157328464033365,110.71847002419858,97.25193020058099,6.484985221403371,270.87106816902934,70.68459040810501,48.39369956704877,0.4105158112679484,203.26776934421105,73.82822743321675,50.248625904652705,0.5685747656234719,146.8407340668912,58.01574633381232,38.74197847972246,1.5450500552665074,23.709216179154936
24.799999999999997,24.275405151483202,29.288298899386714,135.44221035581776,94.86302391457669,-0.33142777895442865,-0.1320018218705733,111.08954969889396,97.78538967381361,6.511663727663599,272.7884183638715,70.64697566172191,48.371751483203035,0.46048099075096316,204.9133143260331,73.8741054978414,50.2800825824718,0.5439596577026059,148.0264881216796,58.59146990611426,39.14196650498915,1.5275301371071692,23.42173513232519
24.899,24.28157861240424,29.298417637363467,135.9828869213511,95.2417109858486,-0.2863650011427388,-0.13737671891578712,111.45684278940026,98.31848942943739,6.54336944786096,274.69108489481044,70.60329538994131,48.34624933080784,0.5157713046900911,206.55225602187943,73.91637147814629,50.30938313852407,0.5196143996762225,149.20751484274473,59.27090992734352,39.60314691086372,1.5055891218745618,23.02875644520752
24.998999999999995,24.276015713557776,29.299418391391026,136.5290248663342,95.6242231790525,-0.4931117056113622,-0.14279492877627928,111.82784591112375,98.85697403107751,6.575395427858292,276.6129702795971,70.55917390329424,48.320489580913694,0.571620106648801,208.20775268435034,73.95906438754515,50.33897965978898,0.49502322995260517,150.40047112664877,59.95721297909018,40.06898570467637,1.4834264802254655,22.631808276401834
25.099000000000004,24.28157861240424,29.289299653414275,137.0751628113174,96.00673537225649,-0.42628842293775104,-0.15988256383219598,112.19886761555036,99.40198715337134,6.610974517073325,278.5392183616749,70.50721611452721,48.2902150789993,0.6310693448868836,209.87319346829108,73.99855860599682,50.36673941049023,0.4704656850124432,151.60062947248196,60.81341542947088,40.639444126513055,1.4484870438475115,22.134178372263474
25.200000000000003,24.27594787332225,29.288298899386714,137.62676213575034,96.39307268739246,-0.496971771112625,-0.15503224452562003,112.57370892859693,99.95713656548396,6.653439319664554,280.4875415825834,70.44916840578604,48.2564962339921,0.6982457321669795,211.56203673779314,74.0362646198026,50.39354963637351,0.4456973691635823,152.81767882290947,61.695256907577246,41.22499293777925,1.4189002319480926,21.654435141002836
25.301000000000002,24.275405151483202,29.308981155083597,138.1783614601833,96.77941000252844,-0.2535855434235752,-0.16244602423861687,112.94869441065586,100.51611140091057,6.675361866531019,282.43855211032627,70.38627254080737,48.220087564387896,0.7408385890280439,213.25766102160682,74.07176714506338,50.41914364917749,0.42096973988440084,154.03964113865896,62.62804044940468,41.84120307417515,1.360091439282141,21.176329912117385
25.402,24.281782133095763,29.310537884185425,138.72996078461628,97.16574731766441,-0.4006867213553035,-0.1651099100891234,113.32387006642611,101.07841785159589,6.710392741086267,284.3921188782866,70.31893667714574,48.18126608184218,0.7982756260534355,214.96006409124837,74.10505682077651,50.4435385694832,0.3962940001207449,155.26651530985666,63.583450372491704,42.47016493997486,1.3143089524714449,20.718739911320352
25.5,24.288430475620316,29.300307950877787,139.26517597069974,97.54060926700426,-0.47341955748660036,-0.17809021403306466,113.6882090899987,101.6282672964432,6.750979620554263,286.28999985824123,70.24839835978337,48.1408218055571,0.8611207829713361,216.61837405334552,74.1352334734614,50.46607943412386,0.37241171938475764,156.4616414790303,64.59426328103281,43.131528071681366,1.2691843350125342,20.257340332001096
25.599999999999994,24.282731896317863,29.309648324698667,139.81131391568286,97.92312146020818,-0.1143845032260627,-0.11557675235565976,114.06022647348244,102.1922195660765,6.761084485516533,288.22885204454815,70.17238537023417,48.09743420258732,0.8893600608219918,218.3170979769424,74.16386001725172,50.487951230029886,0.34811779474985577,157.68592175894668,66.50378679862054,44.3248361685783,1.1042294048312138,19.903288467448757
25.700000000000003,24.282189174478816,29.310537884185425,140.35745186066603,98.30563365341214,0.5111716545233292,-0.1673227561227475,114.4320282527609,102.75419963305605,6.715654422668132,290.16980278317135,70.09664249860906,48.054180827714674,0.855100518768201,220.02246594115718,74.19029265222231,50.50869423782239,0.32390274960849924,158.9150126127005,66.87442745935684,44.59333883197712,1.024131196828385,19.887940800253745
25.799999999999997,24.282189174478816,29.32076781670298,140.90358980564915,98.68814584661607,0.2958352542941347,-0.19523254204530205,114.80336657608343,103.31217147830348,6.689165749885969,292.11270698458463,70.02299567713801,48.01199594652411,0.8423597029494918,221.73447634047417,74.21452366707832,50.52832360350542,0.2998112826391437,160.14891209141743,67.56038208879681,45.04647238145402,0.9364214479036485,19.669424267796735
25.899,24.288362635384786,29.33177611495658,141.44426637118247,99.06683291788798,0.4165950717010849,-0.09658284306468945,115.17037309780136,103.86009991453845,6.671301506982658,294.0388327332968,69.95188488456031,47.97112416119647,0.8392046440347806,223.43921239002523,74.23522401715185,50.54614095078018,0.2762084680010143,161.37760780472354,67.47810115980587,45.00693942065273,0.9328169692303775,19.80230730415802
26.0,24.282731896317863,29.332776868984137,141.9958656956154,99.45317023302395,-0.012054904470377027,-0.2549504502671858,115.54479389268528,104.41909761211149,6.653076370283322,296.0038701132959,69.87933751031439,47.92942668323596,0.835985846556136,225.17838755168836,74.25634255611574,50.56431824446452,0.25212882882474197,162.63112565365196,67.39415798982522,44.96660781417869,0.9291396728061315,19.93787484630438
26.102000000000004,24.282189174478816,29.34322919216347,142.55292639949823,99.84333267009198,-0.14309965364162092,-0.18904665024702674,115.92291995182458,104.98342365153947,6.666472872117403,297.99087163311464,69.80391054112665,47.886302713734125,0.8676283109977821,226.94496950021372,74.27423922169343,50.581042051858816,0.22823110212832462,163.90444761632477,67.3072433724738,44.92498771248709,0.9603854484940746,20.075753522748684
26.200000000000003,24.288430475620316,29.343896361778537,143.0881415855817,100.21819461943184,-0.24830981970726815,-0.20507289603717765,116.28658300788327,105.52749146280543,6.688986775560592,299.9013542422173,69.72820789478963,47.843389745008615,0.9082805906888193,228.64873799133102,74.28923440766894,50.59610613408252,0.20564657167743564,165.1325324293886,69.92687417274664,46.522176913728224,0.7472969791770614,18.393931453886452
26.299000000000007,24.28279973655339,29.35401510054538,143.62881815111504,100.59688169070375,0.13842211216139877,-0.27884381038553174,116.65390153724496,106.07699978967753,6.676979001939561,301.83307550416197,69.64957763844805,47.79907461674312,0.9121042478106954,230.37959733006767,74.30104644914616,50.6098698281118,0.18381739149416865,166.38020510465066,69.85973913999982,46.49063026207134,0.7496899294139193,18.512442637260353
26.400000000000006,24.288430475620316,29.355015854572937,144.18041747554798,100.98321900583973,0.12048157706729298,-0.16815674682761353,117.02864064295737,106.63760929487024,6.6647286470332565,303.8038214380651,69.56935889207938,47.75386423336115,0.9160051505309932,232.14542352413227,74.31309711772393,50.62391157656591,0.16154721777184683,167.6530832885038,69.7912478439652,46.45844630432038,0.7521312220798047,18.63334798595493
26.5,24.288973197459363,29.365245787880575,144.7265554205311,101.36573119904364,0.3308112735631926,-0.18308463736487895,117.3989410250122,107.18985849979882,6.633394895525454,305.7564202479734,69.49028719447415,47.709240935949204,0.8998809933891962,233.9036028978758,74.32160835994328,50.63640053641645,0.14104987425433105,168.92051685408995,69.72399829338853,46.4267829797124,0.7344878017012685,18.75392154247583
26.599999999999994,24.288973197459363,29.366135347367337,145.27269336551421,101.74824339224756,0.12561710443925664,-0.22419305420020286,117.76863174918431,107.73990857194795,6.621425239152821,307.70973537168,69.41177091879267,47.66484408802571,0.9041009508453486,235.66832246325575,74.32782717936111,50.64797731028003,0.1222936850086481,170.19271339349208,71.6978429214276,47.57284754752801,0.5503726222977673,18.793256791597365
26.700000000000003,24.288973197459363,29.376365280674975,145.8188313104974,102.13075558545152,-0.28522644626232524,-0.20869003227407398,118.13857057402483,108.29071730121,6.648790193124432,309.66362144977154,69.33093628765833,47.61956551112327,0.9489401990873664,237.43956455131016,74.33174224626376,50.65867094444706,0.10626182506841687,171.46966338635397,71.64659468200675,47.54749483312499,0.5931604024165582,18.914202345008
26.799999999999997,24.288973197459363,29.387484772679286,146.3649692554805,102.51326777865545,-0.1873343489928163,-0.267843542648093,118.5092407281698,108.8437726942185,6.666881381063122,311.61791461852357,69.24630880190502,47.57288093002888,0.9840590536257374,239.21731034270883,74.33334200258217,50.668512208257866,0.09436427038002684,172.75135601412555,71.59172079088405,47.52092293935048,0.6262159222699749,19.035686645302675
26.900999999999996,24.30159148022849,29.409056589443107,146.91656857991345,102.89960509379142,-0.21528550293959445,-0.23690445339694843,118.88430434520681,109.40428376840882,6.688033602414634,313.5919440287854,76.93864978264487,52.718475421895185,0.3346345761627943,15.969243286262184,74.33259338879891,50.67762642238917,0.0883865656789569,174.0506644418374,71.53293419840217,47.49302070610731,0.6623422554923041,19.158932748513674
27.0,24.290058641137456,29.410613318544936,147.4572451454468,103.27829216506333,0.08385457528409387,-0.25626991154829615,119.25216910222547,109.95432074527207,6.679916582496059,315.52685588832617,76.90689376896768,52.70807603401614,0.34042478722753483,16.027002843988054,74.32954040120174,50.68579375358147,0.08949425143648948,175.32890859387751,71.47328893583719,47.46505956003308,0.6684437872159678,19.28028326226893
27.099999999999994,24.301455799772494,29.420843251062486,148.00338309042988,103.66080435826726,-0.02502515002890847,-0.26884529616813885,119.62364394325735,110.50964362662113,6.682376098701337,317.4810837124786,76.87374135165243,52.697237508445404,0.3571578805395626,16.085702829613798,74.32411373295702,50.69331047435754,0.09744283343325076,176.6247360304249,71.41191858744162,47.43650412865946,0.6853224815392092,19.40341553369369
27.200999999999993,24.296232102073557,29.432073939187774,148.55498241486285,104.04714167340323,-0.1273932484377268,-0.27471541433785973,119.99915408739787,111.07122654979365,6.695086356126569,319.4543933645347,76.83812535857021,52.685668655117816,0.38438034627839207,16.145305119225746,74.31622922160115,50.700199237199364,0.11099479234407804,177.93826644880892,71.34774628329058,47.40709626615288,0.7124882048454537,19.52833138921048
27.299999999999997,24.295757220470037,29.443082236651286,149.09565898039617,104.42582874467514,0.13752644307644132,-0.2585058946441717,120.36720199778472,111.62166057761424,6.6815881981733725,321.38794738453663,76.80189300991002,52.67396003459733,0.3848564190858984,16.204076405960233,74.30614379396663,50.70631104056507,0.12793057395400118,179.2303911383457,71.28347495345004,47.377933256353785,0.7133340398361705,19.65132061760139
27.400000000000006,24.301998521611544,29.454201728655597,149.64179692537937,104.80834093787911,0.035644529533149186,-0.24992300021744365,120.73858199450869,112.17688700771684,6.678043720464362,323.3401450517024,76.76475380774914,52.66199872503587,0.39549954829027206,16.26383426560089,74.2935769917948,50.711880970602536,0.14743288720263278,180.5401739979263,71.21797182452553,47.34834942703095,0.7241417279867448,19.776110993126284
27.5,24.302541243450587,29.465321221449997,150.18793487036245,105.19085313108303,-0.05201564780056532,-0.23646159490159205,121.11000454020254,112.73218347913301,6.683228108846708,325.29124927209034,76.72614933165977,52.64969283437694,0.41486693066078323,16.323945223320532,74.27860893397792,50.71688424973081,0.16849549841841002,181.8545637469517,71.15095535747477,47.31845825288976,0.743465294641737,19.90144744989352
27.599999999999994,24.302541243450587,29.466210780936755,150.73407281534557,105.57336532428694,0.10034936958667806,-0.2746243237371192,121.48130088687088,113.28727375122725,6.6732094124015,327.2410664054177,76.68639178032336,52.63712825696631,0.4190462178161625,16.384427112594093,74.26123091221649,50.72135913832514,0.19059654867863118,183.17353762709595,74.62401915063741,49.27254381147489,0.43475494800353764,19.905985038703847
27.700000000000003,24.302541243450587,29.486670647552035,151.28021076032874,105.95587751749092,0.148930520873832,-0.2561811821989577,121.85194722867337,113.84130063268535,6.658323171568641,329.1893878689419,76.64646104470346,52.624526993106784,0.4183918272286974,16.445328005352074,74.24143394469803,50.725348506695,0.21343014841749966,184.49706887293945,74.58507816480545,49.25337206963736,0.4333372998917282,20.031343057241013
27.799999999999997,24.302541243450587,29.488449766525555,151.82634870531186,106.33838971069483,0.02625810865102024,-0.3299110060589714,122.22212365281004,114.39458833336819,6.655697455978598,331.1360003233898,76.60599101381361,52.611831435182154,0.42989737814520024,16.50664008602312,74.21920957702909,50.72889659017401,0.23678095137198343,185.82512917713825,74.54567708013337,49.234128632865406,0.4436433658762018,20.15726295266479
27.900000000000006,24.302541243450587,29.488449766525555,152.37248665029503,106.7209019038988,0.2862376654804779,-0.27780010950569567,122.59140027634714,114.94659873271907,6.627086935185591,333.08066635248804,76.56566011160184,52.599146460829836,0.41568549873574806,16.568436752199965,74.19454874485501,50.732056804022264,0.26053005095851983,187.15768544313536,74.5064962948394,49.21490492655868,0.42923592158528995,20.28379028562955
27.998999999999995,24.321061626213698,29.508687243269144,152.9131632158283,107.09958897517066,0.1076891047775323,-0.3104385816242562,122.95528291439423,115.49080736696204,6.60910239501244,335.0025496266485,76.52646542380651,52.5866894353144,0.41182244626619396,16.630393910832446,74.16651381767265,50.734713222347196,0.2844077651803754,188.483498990077,74.46856217868906,49.195975638272245,0.4248178224482272,20.409986773324665
28.099000000000004,24.31054639058029,29.500570013347513,153.45930116081146,107.48210116837463,0.25605324510275573,-0.22248265811864895,123.3228411346439,116.04051305811666,6.590936192817334,336.94384586317454,76.48687483007384,52.57410658125839,0.4079203730646234,16.692976899350118,74.13819570940764,50.73739647318046,0.3085266684347796,189.82270459304863,74.43024488964829,49.176855145053615,0.4203550960471528,20.537457973016725
28.201999999999998,24.315702248043696,29.51002158249928,154.02182324414406,107.87608872737466,0.4769329681962342,-0.36727582008860804,123.69839320508467,116.60301905416524,6.542150399297677,338.93943946023956,76.44864866127038,52.56139054125682,0.37440177932115226,16.758326380883943,74.10521146338812,50.73976450101775,0.3336222671163314,191.20892590662606,74.39346084951538,49.157372209008074,0.3880885391662734,20.669769490003073
28.302000000000007,24.32248627103931,29.521141074503593,154.56796118912726,108.25860092057864,0.37257853488492965,-0.28606080960425667,124.06015516837672,117.14589810050506,6.505313037292428,340.8740244279917,76.41440181902222,52.54926211316139,0.35226258336963306,16.82239721115665,74.07069045242059,50.7418808959738,0.3581084910539708,192.559173202979,74.36070038746723,49.138628973221,0.3668837130521322,20.798914354711926
28.400000000000006,24.32913461357893,29.521808244118667,155.10317637521072,108.63346286991849,0.1094245140942906,-0.26882132430968986,124.41308574588307,117.67619349756212,6.4947606743327215,342.7669292183459,76.3818081182956,52.53743679544712,0.35533946030349983,16.88571009001005,74.03446939236302,50.743831435961724,0.382176701774567,193.88657853808428,74.32964358459635,49.12030713122468,0.36900216408550385,20.926089507263246
28.498999999999995,24.329677335417976,29.5319269828855,155.64385294074398,109.01214994119036,0.5104454932053606,-0.2820595909988227,124.76595124253171,118.20829469265618,6.453975233191733,344.67423515888066,76.3519240202345,52.52555577022873,0.3294013602125575,16.950519382434994,73.99424077208725,50.745707278434466,0.4065571876444338,195.2337740230706,74.30143343108543,49.10181137847829,0.34509214299820845,21.05553148934263
28.599999999999994,24.335918636574544,29.54315767101079,156.19545226517693,109.39848725632632,0.3355488969104722,-0.26554418550134673,125.12594533507229,118.7511454068431,6.412365843744862,346.62007253255774,76.32143620302065,52.51343472429885,0.30293925809957334,17.01663795349479,73.95319945241197,50.74762101671474,0.43143020858238124,196.6081855784608,74.27265337548336,49.08294197416126,0.3206990911818744,21.187588460958988
28.700000000000003,24.342702659570154,29.554277163015104,156.74159021016013,109.7809994495303,0.4870191174708457,-0.28789875980948765,125.47780213951437,119.28440808764633,6.365358995461987,348.5412659802081,76.295333860881,52.501438024978555,0.2718347304845536,17.08299637738042,73.90886384341981,50.74951523102692,0.45609292125213047,197.97524970707747,74.24836405799118,49.06419033085307,0.29347706670932483,21.319345814538956
28.799000000000007,24.3432453814092,29.55516672250186,157.28226677569344,110.15968652080221,0.3741223982685349,-0.26285509678330055,125.82168184641871,119.80856207875358,6.335174925063497,350.4374586005582,76.27322075150657,52.48946167773233,0.2566934331535649,17.14955517903925,73.8613097755919,50.75150515439449,0.4805173112553225,199.33472754691735,74.22816489160485,49.04545539416048,0.2806717140884577,21.45077087919384
28.900000000000006,24.3432453814092,29.5653966558095,157.83386610012641,110.54602383593819,0.2667917534766161,-0.2820324711831075,126.17250861810899,120.34330503937812,6.304381075465039,352.3719581425315,76.25066091264982,52.477243384077084,0.24124625102801148,17.217458602953812,73.81279501952507,50.753535278234146,0.5054351232787798,200.72166958554183,74.20755766125112,49.02634197389834,0.26760766747525044,21.58485099565993
29.0,24.349486682550705,29.55605628198862,158.3800040451095,110.9285360291421,0.4645992493353973,-0.2653836579165311,126.5157121151294,120.86953270512,6.2607800221086665,354.2810708864172,76.23143758451592,52.46496359002804,0.21541894111518575,17.285530977511957,73.76106603696313,50.755757049432866,0.5300969547951956,202.1009264786722,74.19038631499369,49.00717147512948,0.24786220650865282,21.718577509643424
29.099999999999994,24.36251200670288,29.575626589117146,158.92614199009262,111.31104822234602,0.3786256273770523,-0.27690191500167716,126.85550413051794,121.39328345335635,6.225644702808639,356.1858162800485,76.21499807898564,52.45246239674589,0.19798263273839917,17.3541829429772,73.70687804206514,50.758179555255154,0.5547432540972431,203.4841511997816,74.17607588365516,48.987722451446814,0.2355809585353458,21.85297255879571
29.200000000000003,24.36983875153754,29.587635640608216,159.4722799350758,111.69356041554998,0.2814925160523747,-0.2527338718636357,127.19257466581763,121.9151671275095,6.199839402824737,358.0860012384787,76.20042679010893,52.43977872480715,0.1885407485557466,17.4233805514389,73.65023523988769,50.76084893321202,0.5793678767659157,204.8712929202264,74.16371141762757,48.968048378886174,0.2293754623226854,21.988005034469445
29.299999999999997,24.38286407568972,29.58852520009497,160.0184178800589,112.0760726087539,0.21778111296095667,-0.2632701954278762,127.5275502864551,122.43569343853197,6.180118630903356,359.98144379677495,76.1869213313721,52.42697194649774,0.18376045522977624,17.49309536611436,73.59114236963183,50.76380857799042,0.6039682041810996,206.26230272143442,74.15249151939798,48.948221335449794,0.22633909339880343,22.12364587517429
29.400000000000006,24.377708218196183,29.57829526757742,160.56455582504208,112.45858480195787,0.2560436110512698,-0.2504619972333044,127.8605025854437,122.95498759349765,6.157242583196709,361.8719825480494,76.17435284503912,52.41403718652329,0.177083630293805,17.563321004371254,73.52960489518543,50.767101359498355,0.6285393215043531,207.65713111689817,74.14228705268633,48.92823726509914,0.22260861220218528,22.259887772703344
29.5,24.383406797528764,29.57740570809066,161.1106937700252,112.84109699516179,0.3374451627385774,-0.2403273810264964,128.19088148186734,123.47280447963226,6.127514245358022,363.75748299540805,76.16331030111947,52.40086709237611,0.16709516119163462,17.634072712752463,73.46562881668827,50.770768743698,0.6530803806617983,209.05572922667227,74.13368475211423,48.90797692209284,0.21809478502738747,22.396748666340162
29.602000000000004,24.38394951936781,29.5878580304799,161.66775447390802,113.23125943222982,0.24087324632545046,-0.245083903633748,128.5252564635664,123.99955515376823,6.106211386084856,365.6753491957779,76.15353376939572,52.38718474507469,0.16278279756717587,17.70677613105315,73.39786770428867,50.774936928902385,0.6780763031084842,210.4861328821771,74.12647543746328,48.88702043984774,0.2166117076108226,22.536978310694543
29.700000000000003,24.390190820494247,29.59875513340261,162.20296965999148,113.60612138156968,0.35129810643945314,-0.26186170543773357,128.84394221067376,124.50433831598106,6.076808744213177,367.512784291334,76.14561057214847,52.373761854000136,0.15594396804427138,17.77713743217878,73.33038746686714,50.7793874393009,0.7020600140317276,211.86404099176673,74.12109214189205,48.866566285141154,0.21560471168167147,22.672309250226327
29.799999999999997,24.390733542333297,29.59964469288937,162.7491076049746,113.9886335747736,0.10965105924281279,-0.20296498040229133,129.167091078622,125.01843002237752,6.06759701567298,369.3822905900402,76.1383703237331,52.359900958138,0.15682628893684583,17.84942865822886,73.25913696061362,50.78441761646665,0.7264959245543954,213.27365689796324,74.11651964085075,48.8454979690675,0.215574527190071,22.8109804554979
29.900000000000006,24.390733542333297,29.59964469288937,163.29524554995777,114.37114576797757,-0.12765568783727077,-0.2113961787971843,129.4903256748024,125.5325506562208,6.0781777519214115,371.24611424705483,76.12965233242834,52.34636681085059,0.1661093549443504,17.922154480947302,73.1854760813397,50.78997444173076,0.7509063119069317,214.68685475665788,74.11055515154622,48.82476411642492,0.21666998713034627,22.95014070844652
30.0,24.409457445803,29.62010455950465,163.84138349494089,114.75365796118149,-0.08311554128869653,-0.1494547659614594,129.81452791724092,126.04708865620668,6.084979103298916,373.10411023956914,76.11851995581736,52.333387203711425,0.1764546379520424,17.99529072910316,73.10941136701872,50.79608701348656,0.7752936669409979,216.10359752576576,74.1022660638842,48.804608434272964,0.21971468020376725,23.089748129224855
30.099999999999994,24.42356821363327,29.64234354509345,164.38752143992397,115.1361701543854,0.020572474869358093,-0.14589091100934615,130.1390184371033,126.56174786384199,6.083313053441618,374.95621609303225,76.10569871737805,52.32080997110249,0.18289126861173788,18.068857497808466,73.03094758449417,50.80277564760507,0.7996749928295452,217.5238597984995,74.09237488738526,48.78486509717329,0.22206551986697906,23.22982889593265
30.198999999999998,24.43082711821733,29.65424140204372,164.9281980054573,115.51485722565731,-0.09062288691500514,-0.12549759468683427,130.46047530157634,127.07134515183505,6.081549898835575,376.7809179100105,76.0907326827811,52.30891991723565,0.1898679160002045,18.142335651674014,72.94971267291416,50.81028085882203,0.8238080839672934,218.93511211283072,74.08043757002636,48.765890362922164,0.22506305757312506,23.369216901202503
30.299999999999997,24.443920282605042,29.665472090169008,165.47979732989026,115.90119454079328,0.13427043177339856,-0.1433478807715759,130.78842624411953,127.59123733453502,6.079751124944561,378.64248238995793,76.07546430405087,52.29678966026039,0.19698550576015497,18.21729821268836,72.8668366520093,50.81793769046762,0.8484287122997424,220.37487457492617,74.06825909474101,48.74653230070637,0.22812115159656676,23.51142082577073
30.400000000000006,24.438764425126568,29.65613171555804,166.02593527487343,116.28370673399726,0.09111806561207192,-0.15321340173311818,131.1119568508443,128.10555895271247,6.072606975514116,380.4765620509663,76.05948617769036,52.28499663476735,0.20020903352097855,18.292208969758075,72.78119593632054,50.82643660035928,0.8728001480437475,221.80559674846046,74.05546273328088,48.72756614591524,0.2294793147965955,23.652988608263215
30.5,24.444463004444085,29.67570202268656,166.57207321985655,116.66621892720117,-0.030193976022853262,-0.15264205002662237,131.4352006155324,128.61977798770917,6.07494479504989,382.30449245088937,76.04242661048495,52.27349031391028,0.21153118678926594,18.367567676558775,72.69317012087403,50.83556691216364,0.8971620256353651,223.239771684482,74.04166907175235,48.708884065337344,0.23521304912366475,23.795046258865693
30.599999999999994,24.476212232035838,29.708170941583,167.11821116483966,117.0487311204051,0.17559278032300313,-0.12082686295526943,131.75775183585597,129.13377585393232,6.061520156625889,384.1262189454199,76.02469418346546,52.26216365132586,0.20930124968701388,18.443384268037065,72.60276347581198,50.845344550023306,0.9215172834653129,224.67737965819697,74.02728452209175,48.69037105987124,0.23369547293638038,23.937609532476475
30.698999999999998,24.503619684915215,29.74119583476362,167.65888773037298,117.427418191677,-0.14267693568674883,-0.12371040364497704,132.07753010033164,129.64276024334055,6.071156941446584,385.9203601357732,76.00465733471384,52.25164242232269,0.22875249489600227,18.519086457656737,72.50974297311845,50.856003655006,0.9456305768954417,226.10566825456084,74.405793211535,48.87167793971251,0.21727668404685252,24.06248973648255
30.799000000000007,24.530755776882604,29.77455431314682,168.20502567535615,117.80993038488097,-0.11593115917236291,-0.13973969610897177,132.40053844828688,130.15688588920744,6.0808910675280945,387.73262396441294,75.9844180935506,52.24101491827909,0.24840021732932482,18.595553315858428,72.4157828693876,50.86677042771579,0.9699874389460781,227.54838400846378,74.78812522107364,49.05481620217845,0.20069204880490438,24.188631356690717
30.899,24.594932634406337,29.81803152871668,168.75116362033927,118.1924425780849,-0.06376190056598009,-0.11589840284491869,132.72502295349003,130.67144376323128,6.085614893676678,389.5352599433405,75.96065143494211,52.23138655081566,0.2646110946274168,18.672648748995044,72.31827523243852,50.87854735909057,0.994340341318239,228.99618346223144,74.77414734641154,49.03984741868429,0.20928511972201236,24.332239786290486
31.0,24.632244760844547,29.873184212945297,169.30276294477224,118.57877989322087,0.23277185767741396,-0.1320165280116088,133.05191543869944,131.19092732542524,6.0684219143758416,391.34939036548866,75.93608983417705,52.221821193877496,0.25737227183750694,18.750985042389992,75.34971299207507,52.84728988387183,0.8407778236646775,13.327795017555786,74.75957657153631,49.02486575328747,0.20465768012768346,24.47779894588964
31.102000000000004,24.711482149390523,29.992607563771553,169.85982364865507,118.9689423302889,0.2904432805847075,-0.12253324066206496,133.3794198576824,131.71488001356914,6.047084284226165,393.1748429236243,75.91247068169875,52.21181110727848,0.24572131456762852,18.830615057925268,75.26634284246161,52.872167333161435,0.8651574010936025,13.344846482965094,74.74614499196736,49.0093348626393,0.19823811403775052,24.625401849141046
31.200000000000003,24.803744862088678,30.051096095285427,170.39503883473853,119.34380427962876,0.1245602390042456,-0.12274148239565494,133.6920906230797,132.21779561986105,6.038409463518281,394.92234984019,75.89040540941755,52.202006876237036,0.24704223487819776,18.907600748568278,75.18399952767405,52.89674553445471,0.8885806861385451,13.361351410779267,74.73396258932496,48.99418552901139,0.19849663608287754,24.767763355648377
31.299999999999997,24.87375597937086,30.178303091620815,170.94117677972162,119.72631647283266,0.042451767468350304,-0.13853143141965624,134.01034154863592,132.73078703579034,6.035433069362089,396.6989880167366,75.86732866636339,52.19217338938904,0.2546851647407203,18.986614332370827,75.09771286707002,52.922517117398236,0.9124813477037991,13.378320703299087,74.72107187547061,48.97887504864883,0.20187386421278583,24.91352711960604
31.399,24.9594381897348,30.290165187599705,171.48185334525496,120.10500354410458,0.07330654460594033,-0.10684576821994368,134.32458038073892,133.2384711459348,6.031630143853279,398.4479362973567,75.84327380491453,52.18281226127974,0.2613920092452456,19.06551529929013,75.00890080784916,52.949088206947735,0.9361416910381354,13.395320378509586,74.70725502526219,48.964062448259526,0.20505471600684463,25.058559225991168
31.5,25.06723631507377,30.37178226418914,172.0334526696879,120.49134085924055,0.0386441927746021,-0.08239053973591452,134.64516747207634,133.7564115007286,6.027750391566514,400.2322168664741,75.81873298666872,52.173262019471274,0.26823434555794284,19.14601022513709,74.91829456561373,52.9761960861851,0.9602800211064976,13.412663481502115,74.69315904676672,48.94895060341791,0.20829982743310652,25.20652127391942
31.599999999999994,25.16329808064525,30.50076837870796,172.57959061467102,120.87385305244447,0.08109815290676961,-0.11382660918700213,134.961720467448,134.26905251780022,6.022265584859932,401.9887208889327,75.79323412492833,52.16418156231046,0.2731257536687849,19.22639376242365,74.82516569785314,53.004112347208874,0.9841790481017104,13.430045028410227,74.67815685165421,48.934333405219654,0.21063957282189624,25.353751529516234
31.700000000000003,25.295722209432842,30.65466215648577,173.1257285596542,121.25636524564844,-0.05840851066854301,-0.12137689703640765,135.27816247773296,134.78166983721684,6.026165215354376,403.7384068393544,75.76648603566977,52.15549539672682,0.28945243274699434,19.307225687296402,74.95940741163633,53.120630962350184,0.9960252489875605,13.16491347131956,75.72350794062591,49.437555545010625,0.14842330319547525,25.452939286679463
31.799000000000007,25.417698942837617,30.768303372228267,173.66640512518754,121.63505231692035,-0.4204359143099584,-0.11301565920154391,135.59451726794714,135.28968412985049,6.036307011036329,405.4602026239482,75.73501924161167,52.148491281948715,0.3144574104266711,19.387853802302367,74.93288241663888,53.17504321630756,1.0158929609221337,13.11387695849298,75.7106649524295,49.42720150662355,0.16171335421210495,25.599320698861906
31.900000000000006,25.58472158888325,30.93175991369865,174.21800444962048,122.02138963205633,0.10638082600684529,-0.097182020166411,135.9172630640242,135.8079613374868,6.046653691479533,407.21678216176605,75.70291675474431,52.141345669902364,0.33996753917058253,19.47011076811653,74.90582156315662,53.23055470771862,1.0361620407745762,13.06180940500324,75.6975625099261,49.416638295743795,0.17527189110785785,25.748659311290453
31.998999999999995,25.734105775152344,31.096884380391835,174.75868101515374,122.4000767033282,0.1457207897163947,-0.07197234144328314,136.2332091125332,136.3159252018333,6.047602288326658,408.9248215558213,75.66915883876491,52.13507877776952,0.35379824346348643,19.551636401794877,74.81825014027103,53.26689212884269,1.0590971864414906,13.056453936653499,75.68268922837778,49.406965122749526,0.18451642542169902,25.895973844445976
32.099999999999994,25.90357066948122,31.26534469358019,175.3102803395867,122.78641401846417,-0.17364296444741434,-0.05521066062705689,136.55553790949693,136.83415096242928,6.048570048746452,410.6673667962213,75.63471894468492,52.12868528175521,0.36790835592392507,19.634809017971786,74.72890959773119,53.30396363928241,1.0824956683845066,13.050990277023965,75.66751547649515,49.397096532119015,0.19394771800450758,26.046264428776375
32.2,26.060688641983084,31.473056817146567,175.85641828456988,123.16892621166814,0.0957893206110676,-0.11238450583528098,136.8751457558338,137.347311376802,6.042477062589306,412.3821202247712,75.59813539549782,52.12315455877105,0.37207892779552637,19.717825680350497,74.63551776872893,53.341388896936635,1.105722081567683,13.05383514561779,75.65020809500412,49.38809210103308,0.19625109307215774,26.195739298583337
32.30200000000001,26.26448069264294,31.657195615894004,176.4134789884527,123.55908864873616,0.4021077431343657,-0.11505666684440516,137.19858515398164,137.87041709169296,6.016885286814433,414.1240464082213,75.56187973992762,52.11716963972811,0.3485456521716339,19.803015667095163,74.54425372483644,53.382235438754876,1.1289418215898817,13.05875673073773,75.63374062959194,49.37850675099162,0.17795807778276113,26.348798029884147
32.400000000000006,26.45144836629236,31.831549261077182,176.94869417453617,123.93395059807602,0.07258045575690633,-0.07175213976429379,137.50699860115196,138.3727329301695,6.0125181026307635,415.7908405582516,75.52796223746917,52.11112236187379,0.35457205685964144,19.885350302897333,74.44655959496652,53.41985658459125,1.15176100586791,13.065905213168755,75.61895590525776,49.368946566431276,0.18138290499569978,26.496414838453596
32.498999999999995,26.651848405446884,32.01780076242055,177.48937074006943,124.31263766934788,0.014262081237620572,-0.10845012908855518,137.81692205395674,138.8800143866323,5.998061678494963,417.4642081400265,75.4932658918387,52.10515322029594,0.34569892233158883,19.969221175931597,74.34341178458655,53.45857993481523,1.1748383190045073,13.07499957731664,75.60377654140888,49.35937041099365,0.1746633345396509,26.646294889929106
32.599999999999994,26.86988690440808,32.25987211839768,178.04097006450237,124.69897498448385,0.4703998148023444,-0.05719872662334456,138.13310658661618,139.3975439533267,5.983313205386721,419.17138112749404,75.45786860993286,52.099063489999345,0.3366465325605444,20.05478641003727,74.23818018005748,53.498085574942735,1.1983818404873008,13.084277665992767,75.58829052374485,49.349600797870416,0.1678080151854994,26.799202821232416
32.699,27.10949859649019,32.44134223868485,178.58164663003572,125.07766205575577,0.04405026528513818,-0.09550476384009478,138.43865201532094,139.90442957389004,5.976069091397096,420.8307718414955,75.42467145917625,52.092603316238566,0.3380639091806364,20.139630688004484,74.12657012997614,53.537201242142,1.2217236044302608,13.095174350872693,76.3431303175982,49.69943790362625,0.12372216553889988,26.91222484960682
32.8,27.331200467853648,32.682412839054244,179.13324595446866,125.46399937089174,0.2061892115917844,-0.0834537646188088,138.75037007894903,140.4215553080001,5.968678631670308,422.5236856002242,75.3908036589094,52.08601263391696,0.3395099196718413,20.226188991789215,74.01270533140833,53.577107124840225,1.2455369191599461,13.106291170800697,77.11321940021622,50.056342425659956,0.07874569266711864,27.027530151281706
32.900000000000006,27.573254408203947,32.92704167816077,179.67938389945186,125.84651156409572,0.21125423250969874,-0.057885522858743585,139.05628842206178,140.93335969035547,5.95660976003434,424.18914330550183,75.35782804677918,52.07930554410189,0.33351345081623807,20.312616725844663,73.89251009039488,53.615850145035594,1.2693611356374308,13.118437566670268,77.11172108517798,50.04856556427484,0.07988044576130121,27.180285493310677
33.0,27.8424444404915,33.161440583169565,180.22552184443495,126.22902375729963,0.19497414516670106,-0.11249588537784581,139.36018008328418,141.44502969719687,5.945630954341416,425.84745315446895,75.32543049434449,52.07241092533009,0.328953922079316,20.399532678231523,73.7729294034056,53.65696818575178,1.2929959735267393,13.13059319220499,77.11096511337837,50.040541565424085,0.0814572730573573,27.33359970854082
33.101,28.11020982798357,33.39728502273938,180.77712116886792,126.6153610724356,0.1676156209047843,-0.08637361188414877,139.66527410261685,141.96171204385473,5.93629348739705,427.5150449753611,75.29308432923973,52.06532534650003,0.3267530763052888,20.487809425673003,73.64948124918575,53.69917706092191,1.3168879436245549,13.14320125081762,77.11074417620219,50.03225626197025,0.08271853110603869,27.489004352149458
33.2,28.378382256828562,33.66937900823429,181.31779773440124,126.99404814370752,-0.03790627209319314,-0.09164062063966948,139.96367527251164,142.4681297022639,5.938335060870313,429.14239102339747,75.26065916757886,52.05861519421453,0.34223803980955847,20.574798367936165,73.52652083606621,53.74151457335147,1.3402675796245365,13.155775990838691,77.1099739051634,50.024320724969066,0.07911129947821889,27.641822579276
33.29900000000001,28.653203028243293,33.89399275967882,181.85847429993458,127.37273521497943,0.44155354601231267,-0.09086601865724786,140.25963829499486,142.97446046028475,5.933347568193283,430.75897375424677,75.22855024555095,52.05180093755848,0.3465845008260863,20.66250050675991,73.39925557131724,53.78439284623685,1.3637240509027062,13.168769656698862,77.10976413951289,50.016196308737015,0.07883709226752188,27.795443136416335
33.400000000000006,28.971577227237745,34.09814664608825,182.41007362436753,127.7590725301154,-0.24997989983865876,-0.05905017194189931,140.56158036843732,143.49102012250802,5.928259318088434,432.4082147220828,75.19579265843157,52.044849019151805,0.3510187691358771,20.751974405963928,73.26941929111881,53.82813734685728,1.3876543902875045,13.182025820859238,77.10955013617246,50.00790776288411,0.07855734551721483,27.95216713915546
33.501999999999995,29.296803289463334,34.31275285330674,182.96713432825027,128.1492349671834,0.02671858185018107,-0.08488233264902167,140.86719447970276,144.01270308293493,5.92683940514824,434.06231981425725,75.15997797720819,52.038720873990066,0.36145688503384255,20.84302444610044,73.13380954532323,53.872824994928145,1.4119207899875303,13.195806549058126,77.10686332399638,50.00036532368244,0.07875555049090757,28.111129415585307
33.599999999999994,29.603034087292173,34.53002774135578,183.50234951433376,128.52409691652323,0.22631241230720575,-0.05170473130470437,141.15960352641918,144.5139129234505,5.915451866373188,435.64433929665455,75.12540174808079,52.032887239464756,0.35416185561930275,20.93097144376182,73.00208190248438,53.91482876659614,1.43511500125584,13.209188327356333,77.10427863464456,49.99311992734866,0.07854703861769423,28.26437274643564
33.7,29.940064349520792,34.79333732731398,184.04848745931693,128.9066091097272,0.17207051515636043,-0.06094859387796059,141.45601090132504,145.02533436495074,5.906738138905891,437.2513830252637,75.09065277676271,52.02676213705082,0.35153249346808907,21.0211980488855,72.86738203939197,53.95734767182781,1.4585407092498412,13.222893151681657,77.10233689351843,49.98549571704048,0.07887379416126682,28.421298908510735
33.8,30.31047200487336,35.0806650170444,184.59462540430005,129.28912130293114,0.1940619629009523,-0.08527042302370305,141.75058762693297,145.53675141356052,5.897068213961181,438.8510632663371,75.0562916608759,52.02051289458627,0.34696710273170117,21.11191226113507,72.72972481754984,54.00108220768848,1.4820832789725862,13.236808386577344,79.46631447576328,51.04679208121297,0.16199928031723718,28.48562308996948
33.900000000000006,30.652386763638333,35.339082026615515,185.14076334928322,129.6716334961351,0.2103909390404977,-0.08290272989302366,142.0431421303808,146.04817925011542,5.88679419542195,440.44337021620856,75.02250096603576,52.01408136345119,0.34098692278296633,21.20311740600754,72.58950732289884,54.045792058586514,1.5056810774285396,13.250913929270968,79.4824030658299,51.04247993419056,0.17113002447962258,28.642980031143576
34.0,31.016553117834334,35.63575009095692,185.6869012942663,130.054145689339,0.2470184381873564,-0.0643292405719509,142.333409814446,146.55963840427765,5.87497432258174,442.02829848562226,74.98953295926326,52.00738710083618,0.3318469277262672,21.294817782156606,72.44894806149038,54.09032184589114,1.5290592246548942,13.265062698713919,79.49953674393014,51.03783345432049,0.18392138595401214,28.80091675748339
34.099999999999994,31.407855563997728,35.884826726707146,186.23303923924942,130.43665788254293,0.21863599468450254,-0.04536195590668598,142.62134970960886,147.07114460786386,5.864694371534559,443.6058316306415,74.9574272793049,52.000418719986506,0.3252262593810089,21.387014266224877,72.31226640242848,54.133391553628684,1.55168327796831,13.278983513387557,79.51775525471571,51.03284158525174,0.19387942711704992,28.95943610341115
34.203,31.838912384882565,36.136794429999256,186.7955613225821,130.83064544154303,-0.0432821422787131,-0.09590886109801987,142.91703164175047,147.5980162383276,5.86675892841662,445.22283394507286,74.92379350484973,51.99341738928675,0.34191984620975296,21.482471673988933,72.16404968413468,54.18029237850142,1.5756332003471576,13.293860084893193,79.53618844983879,51.02780292509849,0.1771783424169247,29.123250911739827
34.3,32.22193832300427,36.353624537514825,187.3253151292157,131.2016822689508,0.44210579327872135,-0.09646471466971598,143.19362708503428,148.0942678468408,5.847350715018171,446.7384028572347,74.89257945198963,51.98667828202283,0.31665730436114764,21.572844457515988,72.01980826100234,54.2261314594808,1.5984929161391968,13.308217990181232,79.55422446148368,51.0228439442089,0.2085000604342678,29.27807222870904
34.400000000000006,32.646618162276546,36.60670419016538,187.87145307419888,131.58419446215478,0.02242737988631592,-0.06909645775129954,143.47652251851494,148.60595842407255,5.8463601561349074,448.293495423721,74.86121494625866,51.97947447170306,0.3269957181082414,21.666501184574027,71.8702652038778,54.27347206220873,1.6219110243840695,13.323108889153994,79.5738525627831,51.01740566572997,0.198851088809218,29.438256224253095
34.5,33.08649421302706,36.84199265545102,188.417591019182,131.9667066553587,0.12069328238502036,-0.08878515561018505,143.7587033567737,149.1176869222583,5.8411217297522136,449.8409912056594,74.8291753183374,51.97248331321205,0.3288752235665372,21.760630437697845,71.71703278871651,54.322124546962435,1.6454957249861688,13.338300035723769,79.59302847166332,51.01211010569772,0.19902247745650736,29.598951553611844
34.599000000000004,33.51687263163193,37.06304816973861,188.95826758471532,132.34539372663062,0.30859927351323435,-0.07059595572486643,144.03470815798224,149.62450932486453,5.830735223779972,451.361856481621,74.7986458559691,51.9651882340256,0.31968095609145064,21.854556005827117,71.56285676625836,54.37088859677318,1.6687588753880747,13.353573412698221,79.61353321233715,51.00638909012148,0.21201238169416448,29.75890694428142
34.7,33.97411578127712,37.24674218874267,189.5098669091483,132.73173104176658,0.1930781233956503,-0.08376283188044152,144.31628881376062,150.14157056388703,5.820138889404251,452.913446308612,74.76749963678527,51.95774577950205,0.31030094583909,21.950379060181216,71.40556607667985,54.42063777890333,1.6924919884243614,13.369155342742863,79.6344521901963,51.00055249847299,0.22526470823965242,29.922093756984715
34.8,34.42240402057052,37.43488400439044,190.0560048541314,133.1142432349705,0.15563655384369274,-0.061500859819427475,144.59209720841315,150.65372613336487,5.8138585607323545,454.4383345565085,74.73747942387273,51.95012062851823,0.3091687360531376,22.04599269538133,71.24916423480369,54.46979536977036,1.7157008194316656,13.384696177000503,82.04742298295821,52.03649369249549,0.3855228682284209,29.960518580457588
34.899,34.859498621935465,37.622025065220555,190.59668141966472,133.4929303062424,0.21199884895234358,-0.07911513267961587,144.86201164001832,151.1610285143844,5.8034714807832355,455.9367574530139,74.70875327178112,51.942263227843334,0.2985243212428302,22.141383417567575,71.0909680040303,54.51941312124024,1.7386881388919446,13.400411059385428,82.08669682576416,52.033372384010214,0.4007150314232344,30.121302483551325
34.998999999999995,35.34984780374743,37.76046274889115,191.14281936464783,133.87544249944634,0.3280549749186462,-0.07291740886531872,145.1346524800235,151.67345516187888,5.792979480834631,457.4503159343324,74.67973695653708,51.93432645948485,0.28777238709100555,22.23773768240216,70.93117383153194,54.56953206211891,1.7619076534982847,13.416284677956057,82.126367374053,52.030219547156406,0.41606065081193344,30.283710466474275
35.099999999999994,35.80634471086205,37.854311267633435,191.69441868908078,134.26177981458233,0.17083960635618936,-0.0770673623514817,145.40615729048017,152.19136914660507,5.786549119496755,458.967543030474,74.65207633688992,51.92580049341703,0.2853942749687123,22.335816194433683,70.7666573225652,54.62099728125533,1.7853333872035915,13.432643014495197,82.16850498529598,52.02640921623191,0.42175290098440227,30.448655258039043
35.2,36.23536632484671,37.973957008331375,192.24055663406398,134.64429200778628,0.2917110037349474,-0.09958498213499012,145.67266553973428,152.70439953856538,5.775987546566537,460.46209761012733,74.62554078016981,51.917096439724126,0.2732066342924334,22.433424729142722,70.5976144406909,54.67416318362866,1.8089409787002466,13.449363848276146,82.2113577853073,52.022295789148785,0.4392489172913602,30.612561928298184
35.29900000000001,36.74491429176201,38.034335853359565,192.7812331995973,135.0229790790582,0.4197928182174667,-0.0975237675889122,145.93108895109512,153.21293973532266,5.762822054931958,461.9305258928356,74.60246425950602,51.9074889571291,0.25427526913978205,22.530825893651688,70.42488401950163,54.72932114391383,1.8324071097999874,13.46647875441138,82.2573951647971,52.01713006065834,0.46630764693003646,30.7758025217515
35.400000000000006,37.23505995291258,38.07002942500046,193.33283252403027,135.40931639419418,0.36339613901196055,-0.10812943742204878,146.19473303743294,153.73175347140835,5.74939059376941,463.42861939337627,74.57892154650558,51.897687383976596,0.23496145216586595,22.630194758453758,70.24866409485399,54.78559340642698,1.8563473041542675,13.483939416226113,82.3043625923574,52.011859974016566,0.493913017571513,30.94234090497154
35.5,37.72920818761293,38.12384776920886,193.87897046901335,135.7918285873981,0.47824847358683165,-0.08661342295765807,146.44965656205235,154.24623716758862,5.7342925460198,464.90060089241393,74.55945657253693,51.8867805594351,0.21195858210991445,22.729363495556417,70.0704551244426,54.84299656399819,1.8800096698166726,13.50166160204134,82.35513442931148,52.00533921236353,0.5298826487665698,31.108243997498416
35.599999999999994,38.18699405909718,38.14875543404802,194.42510841399647,136.174340780602,0.2114602679000576,-0.10036998474072534,146.70116626082975,154.76120880658937,5.7279128841666465,466.36498616458687,74.54192361344306,51.87526675378912,0.20758704155515167,22.829044420916876,69.89063767311667,54.90157844351388,1.9034799394775632,13.519657198421537,82.40812004094515,51.998139723465734,0.5395681101514478,31.27479271893302
35.7,38.666488804128214,38.19145428467192,194.97124635897964,136.55685297380597,0.22770132112456423,-0.09412347154407977,146.95050581060968,155.27651501652667,5.721337877221069,467.82165278613917,74.52512721499083,51.86352045227359,0.20239397618667254,22.92922007018096,69.70902003116903,54.961062877378495,1.9268480916952653,13.537916675772856,82.46212132187671,51.99062742364412,0.5508593651060939,31.441929412223377
35.79900000000001,39.130990858387605,38.18489378385212,195.511922924513,136.9355400450779,0.4423153727860687,-0.09561985913731035,147.19221463968827,155.78753137409794,5.711188820097207,469.2524213113302,74.51144931463477,51.85095496577842,0.19034993695704294,23.029154512033166,69.52591396846263,55.021103519207806,1.9499875310082377,13.556400523278427,84.11819816257487,52.65094458768399,0.6811702303824645,31.428023676384647
35.900000000000006,39.61625202298675,38.15320323148181,196.06352224894593,137.32187736021388,0.32482952240841323,-0.07748285633008996,147.4388064754149,156.30887129444838,5.700834731516297,470.7120942511715,74.4974950930594,51.838135631071225,0.17806258380358303,23.131107831498543,69.33910879337833,55.08235710329629,1.9735944337416733,13.575257781844716,85.80773110106485,53.324601492411496,0.8141136383916847,31.41383701658958
36.0,40.07919375191934,38.089154953175694,196.60966019392905,137.70438955341777,0.34848931012767614,-0.0946706860819158,147.67776113113698,156.82598097904915,5.692266392685621,472.14584087821345,74.48667472594009,51.82449072336201,0.1707625919345839,23.23281942954544,69.15064250003752,55.14421838105815,1.9969844177831517,13.594362066779956,85.8901468420698,53.31920323905179,0.8377415397409547,31.580377126383294
36.099999999999994,40.39071608768265,37.86898899758478,197.15579813891216,138.0869017466217,0.32724383552003367,-0.10230262016729572,147.91339738848285,157.3437258131184,5.684710527258392,473.5719081907234,74.47771731628998,51.810252219418835,0.16615201715007963,23.335040528634845,68.9615636878445,55.20698273994399,2.0200456037754226,13.613725876488406,85.97478268918574,53.31313720829632,0.8593233600817202,31.7475584945076
36.2,40.80779782122334,37.65593951788794,197.70193608389533,138.46941393982567,0.24606114910487828,-0.09837651396545496,148.14622352422006,157.86203635530518,5.679389949335692,474.9902354094776,74.4701342789579,51.79557367186551,0.16443948521761728,23.437764142695674,68.7715296365607,55.27047580637518,2.042884445789208,13.633350425016593,86.0611474863227,53.30654852779957,0.8729938608572609,31.915358063385735
36.29900000000001,41.34203963183786,37.55808798303541,198.24261264942865,138.84810101109758,0.25366471074417885,-0.10344398552652416,148.37296996600372,158.37597559536437,5.674107579970615,476.382816759882,74.46426814716743,51.78051180783226,0.16377031295686978,23.540201058574464,68.58521648840814,55.333848105470096,2.064676278695203,13.653035907834049,86.14881400532549,53.299365453696055,0.8893820833789914,32.082379290673444
36.400000000000006,41.84711014356973,37.39663295041024,198.79421197386162,139.23443832623354,0.29686578560093657,-0.11106899116072212,148.60429714398504,158.9002974463338,5.668718496072909,477.8035310668602,74.45828350766404,51.76514566371753,0.16308762206459204,23.644707407097265,68.3951394382727,55.398500653031576,2.0869083506498027,13.673119077173068,86.23825156511623,53.292037266984394,0.9061013811031802,32.252774684168976
36.498999999999995,42.38677917251445,37.20115226820663,199.33488853939488,139.61312539750543,0.2558655512138752,-0.08300902489798646,148.8256826376059,159.41549397709855,5.664102723548185,479.18068061189626,74.45497286399777,51.749249541265264,0.16475782548537715,23.74813579471764,68.2056684436093,55.46296252464134,2.1086188692423065,13.693368446182966,86.32917408909564,53.28385049984195,0.923306806711241,32.42101451081372
36.599999999999994,42.92929749117067,37.00922982474013,199.88648786382782,139.9994627126414,0.31106080435307093,-0.10715591365180427,149.05154056544134,159.94109851858585,5.6593937030936665,480.5856513598624,74.45159533864127,51.73303228502608,0.1664617703894106,23.853653644714193,68.01236975208398,55.52872665628364,2.130767984170014,13.714026893354681,86.42193343174131,53.27549834346429,0.9408598166750218,32.59265312183515
36.7,43.40282229598726,36.69743925070401,200.43262580881103,140.38197490584537,0.30401735226824067,-0.0920011033514957,149.2708031113166,160.46259724743769,5.655043253039509,481.965018314723,74.4504933414463,51.71623794386603,0.17051262998944358,23.95888134282705,67.81892230244507,55.59463063841012,2.15257995941021,13.73490590321167,86.51654857543701,53.26636705145501,0.9602391735790037,32.76353172988836
36.8,43.87091988241338,36.34428416369394,200.9787637537941,140.76448709904926,0.16134594869534008,-0.1136407751829644,149.48781590181392,160.98468976694105,5.652955244083622,483.3365095500816,74.45024908884342,51.699160069332905,0.17108526949208852,24.064603886121695,67.63072064844567,55.65968995436857,2.173307057100475,13.755766206968456,86.61237266659252,53.25685826956917,0.9656551757728573,32.93500566429881
36.900000000000006,44.33901746885457,36.01915019814652,201.5249016987773,141.14699929225324,0.38053035363574106,-0.09382663768169408,149.70221849954314,161.50750857996042,5.64862099579116,484.70014925278423,74.45122445776572,51.68167450845762,0.17987130092980969,24.170825672675416,67.4391577822385,55.725510927221414,2.194327342560865,13.776995592447902,88.90901984332146,54.13223962113038,1.1328022467546353,32.79618036143976
37.0,44.75094334488666,35.61484544538834,202.0710396437604,141.52951148545716,0.20645235528931685,-0.106504551635178,149.91379947652658,162.0311348786099,5.646574622632577,486.05594778331,74.45363306791656,51.66370892868239,0.18270233566050456,24.277549279502725,67.25009817356393,55.79084629804803,2.214743807280424,13.79831825927915,81.39740199962532,50.49913834717958,0.7161455735801231,15.749933413783467
37.099999999999994,45.20791513361986,35.275033749099485,202.61717758874352,141.9120236786611,0.3998902148674828,-0.11779712219736252,150.12247659478385,162.55563220817382,5.643259230510849,487.4039046687615,74.45756530690876,51.64522842765789,0.19584005477849895,24.384775586591864,67.07008562783636,55.85387014375749,2.233672655204098,13.819377563121671,81.46675220863787,50.4762186738841,0.7446436355626476,15.806731435013036
37.202,45.60193118897849,34.8511586884227,203.17423829262634,142.3021861157291,0.2848925674064362,-0.10613747280943128,150.33196424836908,163.09166373460954,5.641387393905668,488.77077139278475,74.46352165283947,51.62571623248673,0.20435845594602572,24.494668335487578,66.88858304709636,55.9172575948689,2.2526110208448555,13.840908984466076,81.53970684908795,50.45210057547365,0.7619817479823847,15.865137473898066
37.3,45.961755768462126,34.46775858202318,203.7094534787098,142.67704806506896,0.2699707223989227,-0.12010255379448528,150.5306486671836,163.60751223472596,5.640081269603562,490.0763059647344,74.47049778545444,51.606538430022084,0.21223302119249557,24.6007405627011,66.72810289578825,55.9738681630669,2.2688506701527813,13.860966983550751,81.61131121593957,50.428419144785316,0.7771774090488999,15.921688460726434
37.400000000000006,46.334334311155814,33.95581713926804,204.25559142369298,143.05956025827294,0.2289475715327973,-0.10573660789371025,150.73104850399955,164.13467326386842,5.639313391427233,491.40063774882555,74.4786162637322,51.58662245008283,0.21796007601568285,24.709468129829766,66.56535976706071,56.030598414564565,2.285390657263495,13.881429781942956,81.68563605106877,50.40382615612648,0.7885806824155256,15.979828571640795
37.5,46.694972973390485,33.40251118432905,204.8017293686761,143.44207245147686,0.15273935570115843,-0.1029111073829565,150.92964551993038,164.66246030135105,5.6390131236678975,492.716973879388,74.48719263027346,51.56654655441295,0.21866219334808182,24.818684952811186,66.40216430033773,56.0869363043548,2.302052777186238,13.90197064415774,81.76067921351087,50.378986981708344,0.7923634326430021,16.038395283292267
37.599999999999994,47.00459578270959,32.93860594990846,205.3478673136592,143.82458464468078,0.30682002609932435,-0.1026037379615054,151.12608145695833,165.191028051828,5.638850442059952,494.02534609061223,74.49659354050549,51.54617970417065,0.2301314366812409,24.928395301748864,66.23822783523245,56.14320623509833,2.3188133360621075,13.922617555522901,81.83680798648793,50.35377234326458,0.8115527446558503,16.097401493954397
37.7,47.253705106967494,32.43155708512058,205.89400525864238,144.20709683788473,0.28342836452689124,-0.10337622779459472,151.3197507130786,165.72062299920205,5.639139844570269,495.3258161255227,74.50743459132717,51.52530273663921,0.2404482781657168,25.038606055548886,66.07420979028706,56.199372921956204,2.33553981665919,13.943342547173843,81.91463913830945,50.327966392452524,0.8284027372360849,16.156867119502287
37.8,47.5353777415983,31.920060422898917,206.4401432036255,144.58960903108866,0.3408230028563135,-0.10897317654749934,151.5105058777771,166.25133603237882,5.640033453685016,496.6183968450124,74.51987483047562,51.50385548063614,0.2556021279305176,25.149318839370387,65.91505135599654,56.253904122152406,2.351583725728939,13.963836928924863,81.99433192939625,50.301509494517866,0.850990936544611,16.21679935495202
37.900000000000006,47.78285890032401,31.388103893271875,206.98628114860867,144.97212122429264,0.15302206709539054,-0.11336514753388333,151.69896360149616,166.78295389465754,5.6406699198284915,497.90301244259734,74.53329963294881,51.48205561449692,0.25643740851121244,25.26052693556557,65.76501976489833,56.30529526075791,2.3664556521617497,13.983781850994552,82.54066651463549,50.30560131545624,0.894087324136321,16.259310613591456
37.998999999999995,48.01229455789011,30.78887443417443,207.5269577141419,145.3508082955645,0.17332973646656671,-0.10825155773451431,151.88313553082085,167.3102499685257,5.641935423648063,499.1628249522784,74.54704609210704,51.46030753130308,0.2608487157745965,25.371347865309286,65.62784040053802,56.351996964321955,2.3798678712998154,14.00269611869347,82.62549320984284,50.27790101057011,0.9025210405456687,16.319511965390785
38.099999999999994,48.2202927028214,30.21210634895731,208.07855703857487,145.73714561070045,0.22308600861814062,-0.11730848494524902,152.07102810518242,167.84819848833064,5.6432264932013645,500.4480882197309,74.56107025751089,51.43812009289319,0.26534914035643326,25.484407601714505,65.48788973588759,56.39964213664487,2.3935510443598633,14.02199249281055,82.71203357566046,50.24964110356507,0.9111251350642972,16.380929506115358
38.2,48.41757209142777,29.634782289456,208.62469498355804,146.11965780390443,0.3543252160005994,-0.1080372389171324,152.2534995834437,168.38236318516132,5.646300858443222,501.7086777302631,74.57659319070606,51.415548403024246,0.28267481814116185,25.597092291860356,65.36167677323199,56.442037715837834,2.405824378966618,14.039993848898746,82.79977072467261,50.220923543801625,0.9352231408539953,16.442429460332413
38.3,48.626791360478094,29.0258788713351,209.17083292854116,146.50216999710835,0.1346312498235536,-0.1054211892075749,152.4337384028756,168.91752391675556,5.647670732775062,502.9612810788085,74.59307383281629,51.39262179732423,0.28203429276776626,25.710271750888467,65.23683480009558,56.483746062261936,2.41809975458003,14.057635636993032,82.88874218551706,50.191759999249676,0.9373614921814223,16.504388877226017
38.400000000000006,48.787165664014246,28.414306775544013,209.71697087352433,146.88468219031233,0.13605993753804413,-0.1071951738958001,152.61274817310192,169.45325143096116,5.649230559590661,504.20577037706676,74.609488942372,51.369719708616664,0.2815121592266675,25.823935959154788,65.11537942703059,56.52425681680211,2.4300743163624525,14.074782421170978,82.97792135404869,50.162520712075455,0.9396424846438255,16.566779903284367
38.5,48.91199168705518,27.751585011634543,210.26310881850745,147.26719438351623,0.19632491467827004,-0.09534134769252474,152.79025672806404,169.9896918900121,5.65174129626327,505.44217671587126,74.6261271559159,51.34673331833557,0.2860184802693091,25.938088093366385,64.98262275307351,56.5691265264113,2.4434210032339916,14.09250363076623,83.06759756383524,50.13309872648621,0.9479459953870841,16.629613467404514
38.599999999999994,48.99665629399163,27.12533518589211,210.80924676349056,147.64970657672015,0.20711160005697318,-0.09544439769696184,152.96595127417618,170.52701457810133,5.6546582849028075,506.67053808260374,74.64332068592012,51.323536756296505,0.29146918455313986,26.052731758258197,64.8396219093786,56.61833980612305,2.457827448689475,14.110925069525058,83.15810394117356,50.10337060878959,0.9573272305299194,16.692901839346344
38.7,49.09678847334841,26.502643596516535,211.35538470847374,148.03221876992413,0.2539140751306682,-0.10361478652438347,153.1395829151496,171.06536583072133,5.658580494754844,507.89088635028077,74.66133843589357,51.30002704436413,0.30096175838277767,26.16786988625442,64.69648977542734,56.6682370242606,2.472045494495115,14.129433005887645,83.24971015254064,50.07323539233575,0.9713851591127735,16.756655470831436
38.8,49.19854881822235,25.879952007931042,211.90152265345685,148.41473096312805,0.14631115011144022,-0.10316405080479538,153.31143153754823,171.60462552950926,5.661040425810528,509.10318458411837,74.6798960401438,51.27631167149899,0.30130191724744765,26.28350006305499,64.55270595878622,56.7189825434524,2.486151017410694,14.148077084705657,83.3421307593049,50.042797688102446,0.9746900852328182,16.820868014626708
38.900000000000006,49.28158525964165,25.226570618632543,212.44766059844002,148.797243156332,0.24243379214540486,-0.11014152286674338,153.48155934839627,172.14478899739302,5.665447531055666,510.3074255239227,74.6989392332145,51.2524094412658,0.3099358303400663,26.39962202752243,64.41673387462535,56.76734362536498,2.4991898898369374,14.166219107388272,83.99789764383922,50.032737847081194,1.0345710268959718,16.856489308896116
39.0,49.28809792171021,24.437531418664534,212.99379854342314,149.17975534953592,0.15459901424128905,-0.09980858505674078,153.64993791324315,172.68589104497912,5.668473476624904,511.503614517889,74.71850650582675,51.22830499403496,0.3110001823546677,26.516236361122676,64.27560572918698,56.81816801648036,2.512721110999735,14.18476746017902,82.95266091913331,49.69335597456207,0.9704951436700291,15.723455478249862
39.099000000000004,49.31279176539435,23.705646410980258,213.53447510895646,149.55844242080784,0.16240908517188282,-0.10296641850180532,153.81433594356162,173.22286172651394,5.673061714718465,512.6758472291067,74.7383582263596,51.20425402955488,0.31718124671821707,26.632413617164357,64.12632855335987,56.87301679979479,2.526974507207109,14.204017383652435,83.04366683205056,49.660317243121455,0.980390331000793,15.777321671669705
39.2,49.3401992182888,22.954191096957548,214.08607443338943,149.94477973594383,0.2638556618795518,-0.08850236554076162,153.98205514620972,173.770680300605,5.677742644490685,513.8717614092378,74.7586109917517,51.179717187004506,0.3234871810689085,26.7509378884796,63.97403567701102,56.9289736393378,2.5415158508126106,14.223656194468745,83.13651124825908,49.62661106256083,0.9904854211059153,15.83227607101722
39.29900000000001,49.36706394932913,22.196397671986727,214.62675099892274,150.32346680721574,0.18015145078434694,-0.1031982353833309,154.14287121365527,174.30971692439243,5.681967728386775,515.0280839323332,74.7796886822508,51.15518571166574,0.32654344154752546,26.868093632481777,63.80940628947604,56.99091877771542,2.557037877856602,14.244599315954726,83.05844072269804,49.554755757178675,0.9864018811890808,15.702405589717694
39.400000000000006,49.36950619761237,21.44194009509125,215.17835032335572,150.7098041223517,0.1744352193504684,-0.08663935857996158,154.30693609054416,174.85964317694322,5.686278167513089,516.2077665064,74.80119218467917,51.130158650966585,0.329661444662074,26.98761615919106,63.64145105572823,57.05411533302996,2.5728734812045118,14.26596553080406,82.97879301480242,49.48144882946556,0.9822358455163508,15.569911462331314
39.498999999999995,49.35715927575524,20.67402793135359,215.71902688888895,151.08849119362355,0.18380525833301073,-0.0863274436511079,154.46470303378447,175.40051780952479,5.691088439692485,517.3481142685522,74.82296012119546,51.10535498082943,0.33331153202542974,27.10574733869457,63.45569504018675,57.12539288507808,2.5901410867853043,14.28943304011803,83.07046746784837,49.447014673350914,0.989102651540147,15.621905897587308
39.599999999999994,49.33721424816651,19.887879799717542,216.27062621332192,151.47482850875954,0.18376985684648026,-0.10224306634294646,154.62565718799934,175.9523192023606,5.6959958890876266,518.5114993592329,74.84516781400502,51.08005022644708,0.33703535852743954,27.22626500667291,63.26618637786663,57.19811038767262,2.607757532882882,14.313374640529256,83.16399393004679,49.4118848777188,0.9961081809179598,15.674950725474739
39.7,49.31686217919474,19.089055446975358,216.8167641583051,151.8573407019635,0.1301057763481768,-0.0883152611102586,154.7829056364928,176.49997270629908,5.699663103439614,519.6512424255544,74.86748410256544,51.054866248304606,0.3359431408537118,27.346327964885447,63.06887828059381,57.27458086999264,2.6258132297330046,14.338578351900056,83.25731364293007,49.376822432326605,0.9976765496785861,15.728109037607895
39.8,49.265303604485325,18.26799210864437,217.3629021032882,152.23985289516742,0.1072160849735515,-0.09190514496930655,154.93915474143884,177.04826600182238,5.7027972466741925,520.7828448476157,74.88958031635326,51.02976972608283,0.3328120922534904,27.46688029712978,62.864774263562296,57.35414241658842,2.6443027896593962,14.36485122387059,83.35067284561859,49.341744540938514,0.9969561684743713,15.781684996379875
39.900000000000006,49.19854881820729,17.45537958464751,217.90904004827138,152.6223650883714,0.08670825950286803,-0.08505616754155355,155.0945919831684,177.59708942011358,5.705420012121172,521.906279891309,74.91125490757842,51.004841047183895,0.327867278846542,27.587921059801257,62.648984552518016,57.4387816728807,2.6637838360275174,14.392597936328052,83.7006758286352,49.28617653151084,1.0175509081441525,15.820700158378315
40.0,49.149432491750986,16.623196753522127,218.4551779932545,153.00487728157532,0.06323969152831439,-0.09164975671414713,155.24940502284247,178.14632813797743,5.707392603563126,523.0215196730384,74.93230366529282,50.98016173462615,0.3208704401052726,27.70944938832388,62.428004376601095,57.52579554068095,2.6835041046891517,14.421313887086626,83.60890320824785,49.21344500926619,1.0007738870662926,15.719603314473217
40.099999999999994,49.07073782504406,15.768774937598032,219.0013159382376,153.38738947477924,0.016783819241722897,-0.09074752261824057,155.40388660520767,178.69579097240012,5.707931744424712,524.1285189406238,74.95240202851404,50.955861773299176,0.3098501757005034,27.83146347850202,62.20161230919684,57.615244908210705,2.703506551066975,14.4509879628064,83.70195194849006,49.1779409884188,0.991069848101948,15.772508761107954
40.202,48.99407836523732,14.905902306549729,219.5583766421204,153.77755191184727,0.019871485205289294,-0.0860675872213117,155.5613025251434,179.25635073151707,5.7086020722971105,525.2491405562789,74.97171622708755,50.931550103370434,0.29900248925656636,27.956417513556534,61.96253660027739,57.71007168863382,2.72452090133604,14.482420798174086,83.79594639306504,49.14208737236002,0.9814867196854037,15.826880396272529
40.3,48.895981392795775,14.06749255980712,220.0935918282039,154.1524138611871,-0.03643916408603661,-0.08529549015555792,155.71260663126176,179.79488347791641,5.70739476520513,526.3176799112111,74.98890770513417,50.908738343114514,0.28401433594974074,28.076945705743455,61.72683272468308,57.803794200169044,2.7451070090685232,14.513547190212412,83.88514660196533,49.108076675274766,0.966761339395988,15.879504219268668
40.399,48.819932495048555,13.25020984929486,220.63426839373722,154.53110093245903,0.013619848593979855,-0.0853860725479907,155.86552128786718,180.33886467324703,5.707589803319614,527.3848798766714,75.00424983495286,50.886504683064445,0.2727542541793747,28.19941988950822,61.480253999140494,57.902230794462334,2.7664513591198525,14.546308530789688,83.97361927843856,49.07436484294504,0.9560595225030264,15.933249533840414
40.5,48.7258380961568,12.357759368472172,221.1858677181702,154.91743824759502,-0.002017629426409845,-0.083818830728038,156.02152512945455,180.89383538767518,5.707788781598026,528.4736394373934,75.01990190678808,50.86382185816488,0.2612666960096079,28.32436829920762,61.22869388520312,58.00265600682215,2.7882269081621165,14.57973171663115,84.06387928170922,49.039971963497536,0.9451415072889954,15.988080612342898
40.599999999999994,48.64334437659162,11.478429888499,221.73200566315327,155.2999504407989,0.03131588668878839,-0.08729294864009858,156.17584432025384,181.44341578983543,5.7089223774344475,529.5392078023912,75.03357919183871,50.842092662277345,0.2522824351522698,28.448811652894182,60.973560568689294,58.104717367352,2.810055480912689,14.613908187212186,84.15181983043848,49.00648206555173,0.936890738353356,16.042974755769524
40.699,48.55657672250439,10.618893104735955,222.27268222868662,155.67863751207082,-0.03204771819521983,-0.08052293689534287,156.32873746871607,181.98740883226466,5.707837780842923,530.5817919581866,75.04501965769799,50.82142249377266,0.23912081634155416,28.572735457757844,60.71501076998182,58.20847378333464,2.8319996158144574,14.648741391183849,84.23717032157732,48.97400214776971,0.92271900183217,16.09791814322347
40.8,48.47374380179167,9.742899473628217,222.82428155311956,156.0649748272068,-0.02666625192779718,-0.08715435683877902,156.48471936765225,182.54239163312678,5.7067312732091455,531.6454384201596,75.05669124407967,50.800334746106266,0.2256933062417338,28.699162773830864,60.45123774301763,58.314326288529045,2.8543870665728264,14.684278296245846,84.3242450650624,48.940866070032506,0.9082609676034861,16.153971498100724
40.900000000000006,48.39233552587445,8.885808978453758,223.37041949810276,156.4474870204108,-0.08274233319007696,-0.08937716880119598,156.63970265888412,183.0914515950231,5.703550429180608,532.6860285823329,75.06562167281649,50.780508291880466,0.20948403698601678,28.825068873350013,60.18653200589682,58.420474011471825,2.8765172876089764,14.72029379036625,84.53886923714795,48.893059768471645,0.9004926931240563,16.189892539260768
41.0,48.317168551143915,8.029608042766059,223.91655744308585,156.82999921361468,-0.09428295673359487,-0.0770146584263289,156.79537735321838,183.6399589271278,5.699863371495936,533.7182105243452,75.07240965112189,50.76154167110354,0.19380116476218262,28.951460533495904,59.91832661666527,58.528528015391984,2.898926855692262,14.756869439410817,84.62209882115394,48.86150248297853,0.8797349202775068,16.24608780110415
41.099999999999994,48.230061695924235,7.152947242043252,224.46269538806897,157.2125114068186,-0.13029725988721938,-0.079899772011453,156.95192329540282,184.18775786669286,5.694696510648261,534.7419504789266,75.07683421220092,50.74352269615697,0.17794727846104322,29.078337453052807,59.64794325412312,58.637780211424364,2.9214168022189293,14.793923983524149,84.70322949640506,48.8307724057624,0.8553759364860997,16.302667554620513
41.199,48.14275132001304,6.293410459070294,225.00337195360228,157.59119847809052,-0.09749939888954412,-0.09097955869711415,157.1081038185119,184.7290839024574,5.691192766064594,535.7429340163611,75.07780525875515,50.72704961981291,0.16828419009018197,29.2046696812241,59.3768735618932,58.747101889071125,2.943641492210351,14.831425221719902,84.78053264430228,48.80153710648448,0.8355243831038928,16.359260441255554
41.3,48.0536770981287,5.417416826382382,225.55497127803525,157.9775357932265,-0.07715594271307331,-0.08223338678570058,157.26743950370394,185.2813458177323,5.687618238762065,536.7641394434407,75.07879592241147,50.71024375404776,0.15842588781283917,29.33355407562107,59.10032771426471,58.85863208545822,2.9663151658379623,14.869684060687284,84.85939747195499,48.77171119509994,0.8152717882392181,16.416996618529684
41.399,47.9725401831536,4.548650864129343,226.09564784356857,158.35622286449842,-0.13157023162612813,-0.08386533783852204,157.42511957351132,185.82138805251117,5.68334930794668,537.748456072784,75.07531861842264,50.69555386879596,0.15465207845095716,29.46085674951196,58.82552972164525,58.96985840100062,2.9885912702515185,14.908140072039268,84.93277642662984,48.74402169441519,0.7938357742447428,16.474372361615064
41.5,47.896559125656964,3.6614265448963184,226.64724716800154,158.74256017963438,-0.07545925280608717,-0.07928906651069192,157.58598509927438,186.37234023142693,5.678994136104723,538.7526578865586,75.07177106586838,50.68056721818554,0.15080203051610802,29.590731194592564,58.54518025442744,59.0833317128166,3.0113173969764584,14.947372972509473,85.00763778442943,48.715772809878224,0.7719667094625015,16.532907210621357
41.599999999999994,47.803210969295776,2.8034464910251877,227.19338511298466,159.1250723728383,-0.10858131059795598,-0.08879947134123585,157.74633555976718,186.91688993773926,5.674353831555539,539.7343065964902,75.06494453513928,50.66705653981687,0.1529741791855228,29.72005864919358,58.26414629796005,59.19694674414104,3.03381720391809,14.987067257084371,85.07884104971835,48.68895165828023,0.7497795978977917,16.591463361504545
41.7,47.726958550872084,1.9574754894352155,227.73952305796783,159.50758456604228,-0.0654377251900401,-0.08286061288654314,157.90733350238162,187.46085841934786,5.67151390956981,540.707565748867,75.05598900764718,50.65439885925924,0.15779266237873765,29.849881015127966,57.981308211744874,59.311452205090724,3.0563261363969745,15.02726694771929,85.1481802835411,48.66286420391253,0.7319065729110349,16.650425596816774
41.79900000000001,47.65308054048105,1.110726122109198,228.28019962350115,159.8862716373142,-0.14429522077511753,-0.08771165909013408,158.06793254897931,187.99827116126718,5.666061800220042,541.6586320058142,75.04363889626899,50.64326445901983,0.16917487163826653,29.979138158676164,57.69747405253029,59.42590472116349,3.078571762402722,15.068003605270766,85.21373325852095,48.63825552755831,0.7083737964064926,16.709395241811045
41.899,47.57228282665347,0.25452518642149785,228.82633756848426,160.2687838305181,-0.10474829141877048,-0.08935533138580097,158.2301538081689,188.541112314721,5.6605546190586615,542.6193049926294,75.031164036291,50.63201759009114,0.18067205270849665,30.109700929936956,57.41077288160649,59.54151332325718,3.101042091701455,15.109151744211646,85.27994838476322,48.613398278715664,0.6846033150887753,16.76896053978505
41.998999999999995,47.503221472608445,-0.5915570097092756,229.37247551346735,160.651296023722,-0.11881018425946135,-0.07845014476617493,158.3936375967006,189.0827653718605,5.655180906562358,543.5673933877054,75.01510536384909,50.622209135662686,0.19625623369866232,30.241006556489154,57.12167549572563,59.65857414443786,3.1235527801140277,15.151029959187897,85.41470419155924,48.57884756545906,0.6678312691194905,16.801063012581967
42.099000000000004,47.42920778177646,-1.4366384526025764,229.91861345845055,161.033808216926,-0.12458202200400197,-0.08243953933974499,158.5579980230897,189.62357434210293,5.649479258261777,544.5070627490202,74.99659625932598,50.6133840520683,0.21432149522082328,30.372810749827,56.83095679037141,59.77650720331643,3.1460631234502596,15.193432737524823,85.4761540425415,48.5558987699557,0.6440729608429115,16.861251300838475
42.199,47.373103911617974,-2.291838633472629,230.46475140343364,161.4163204101299,-0.12001290332518061,-0.08635281771750843,158.723232591536,190.16352802111257,5.643918328420548,545.438317674595,74.97563088950982,50.605543950323565,0.23369425112415346,30.505115047740137,56.53771038566604,59.89525315300434,3.168572469398868,15.236488541331566,85.53541399515811,48.53381172135132,0.620771727428231,16.92184686562445
42.3,47.31204770470265,-3.1361417114199717,231.0163507278666,161.80265772526587,-0.11839852613282743,-0.07882941429435736,158.8909768942725,190.70802750505445,5.638300627764622,546.3703568905398,74.95199184684056,50.59861367492298,0.2543807876372969,30.63925178085673,56.24088216546898,60.01608542024818,3.191288986910291,15.280400837433627,85.59307294634253,48.51236704830075,0.5974007924969452,16.983465219468798
42.399,47.257775520767865,-3.961764040935465,231.55702729339993,162.1813447965378,-0.09818922651618589,-0.08830783356040282,159.056504061959,191.2406206902666,5.633535833901398,547.2714676237069,74.92538950256028,50.593196116268786,0.27444726559466215,30.771484204964082,55.94531273793285,60.13569698616324,3.213567208351823,15.324529644028743,85.64655613685447,48.49254021274359,0.5762562283919047,17.044485304250696
42.5,47.21544321729212,-4.8142955441353275,232.1086266178329,162.56768211167378,-0.10293463884289983,-0.0876215607197578,159.22537521283107,191.78397333376586,5.628674781576291,548.1907826141098,74.89824973718342,50.58766911198521,0.2949191269451046,30.906387991174608,55.64377221085056,60.25772494734931,3.236295494872981,15.369549941666182,85.70111979586159,48.47231283505397,0.5546845013756522,17.106738118018086
42.599000000000004,47.168972659810585,-5.610451219207324,232.64930318336621,162.9463691829457,-0.16653154236018403,-0.07839840586523188,159.39266330633586,192.31471788128562,5.62153843782809,549.0753182744046,74.86666868013006,50.584249091586855,0.32019255268534075,31.03961944567487,55.34446244086744,60.37901232255105,3.2585681964063116,15.414820940315153,85.75014977583182,48.45423867912831,0.5289093650075598,17.16857886019586
42.699,47.09679065517222,-6.390817213389348,233.19544112834933,163.3288813761496,-0.1284174519706336,-0.09057026387615533,159.56164117856292,192.8508234848409,5.614330009799605,549.9687886383387,74.8347686225004,50.58079452552792,0.3457212655542637,31.174196672442797,55.042129339874414,60.50152482275481,3.2810658747228048,15.460549221778756,85.79967500812496,48.43598195597108,0.5028738737266609,17.23104425633502
42.8,47.046385364331236,-7.197425212430763,233.7470404527823,163.71521869128557,-0.12809168476706184,-0.0872326015553332,159.7336962744149,193.39079649669222,5.607878502629899,550.858489954645,74.79865624164435,50.57886788088664,0.3704845569339068,31.310889639131926,54.73234096264379,60.62626179797144,3.3037648754060562,15.50783498977184,85.84620498817765,48.41891661319248,0.47852671924981977,17.29476815610785
42.900000000000006,47.00513850454864,-7.987798750048738,234.29317839776547,164.09773088448955,-0.09043444059456432,-0.08338940254244609,159.90478618910709,193.92460916085216,5.603319746697727,551.731011083366,74.76055429042914,50.57790360027407,0.39185440999307036,31.44674342608882,54.423799280845586,60.750737352730596,3.326260359622283,15.555207941849371,85.89019489964568,48.402839811467864,0.4581859347866088,17.358291369793537
43.0,46.97691696890316,-8.77728272976013,234.8393163427486,164.48024307769347,-0.15792073386158179,-0.07959902089943013,160.07670171015792,194.457494267488,5.595272804471383,552.5951889042555,74.71997939686399,50.57793322570554,0.41972131885462743,31.5831097070324,54.11452139646336,60.87632360999472,3.348767942698091,15.603023962261696,86.01083201204438,48.37355298504862,0.4380742902685639,17.395964962876054
43.099999999999994,46.95602217809234,-9.525846975450872,235.38545428773168,164.86275527089737,-0.14190680027327424,-0.08078437444943104,160.24960599096275,194.98925254624498,5.587972528452694,553.4509928652661,74.67669243105438,50.57905190285208,0.44636411038389207,31.719988968793714,53.804285597990265,61.00284009690311,3.371253145841168,15.651355535726273,86.05082650487361,48.35907416292286,0.4126187975806506,17.459981867553967
43.2,46.94191141027713,-10.311772717215227,235.93159223271488,165.24526746410135,-0.09187301586623682,-0.08845551607447778,160.42327453051215,195.52012639480168,5.5831952531140665,554.2984858245312,74.63099954771417,50.58113582733315,0.46847565531396795,31.857384597040465,53.490438223416334,61.13004621915404,3.3937616221129354,15.700532106546277,86.0886838389104,48.345435389266285,0.3921656134427173,17.52443022514281
43.3,46.92834336430097,-11.07056689621361,236.47773017769796,165.62777965730527,-0.15995955185427907,-0.08195452254427181,160.5977566717248,196.05003924267191,5.5747853730111245,555.1376668400835,74.58281714557816,50.58421903704144,0.49718984302811403,31.995297857549822,53.17523982533979,61.25821533703644,3.4162652595704253,15.750268461776525,86.12432012910655,48.332669995007656,0.36490826279185506,17.589310288368885
43.400000000000006,46.914775318309744,-11.775542731793688,237.02386812268117,166.01029185050925,-0.13702521677216023,-0.09457240013620791,160.7731899352476,196.57881176804898,5.567508571918344,555.968513239037,74.53193577631093,50.58838579020456,0.5238764099956286,32.133729483264965,52.85553150599976,61.38631867972577,3.4386945010147203,15.800988300735552,86.15752530254024,48.320860668711894,0.33994514462667813,17.65461891182877
43.498999999999995,46.91368987463166,-12.42859053588961,237.5645446882144,166.3889789217811,-0.11149123602803754,-0.08042317642782987,160.9480427664997,197.10085410541978,5.560712605283104,556.7787608425416,74.47787655849753,50.593993411600756,0.549515015997831,32.2715515673089,52.537852985526456,61.515171571933934,3.460965553902316,15.851880395926642,86.18711025965186,48.31046457277068,0.3162227505813599,17.719924668446513
43.599999999999994,46.870000766565816,-13.152580703523942,238.11614401264737,166.77531623691706,-0.14229168362164288,-0.07816298838234823,161.12642797818114,197.63344275263654,5.553779346392607,557.6053770845009,74.42272523527375,50.59971431827768,0.5756715736364441,32.41215793587899,52.21375671716477,61.64662755287359,3.483686527050269,15.903800614252912,86.21729289266474,48.29985845468923,0.29202111625229554,17.786549733278765
43.699,46.82916094816627,-13.827645102546883,238.65682057818069,167.15400330818898,-0.14757304950769812,-0.07170502188019989,161.3029944688261,198.15331826712872,5.54610720526778,558.3992376721235,74.36348670541199,50.607400930290616,0.60284454485697,32.551017803887405,51.899376555802924,61.77734342207088,3.5056701608906558,15.955269327637598,86.24222918629835,48.29128970496406,0.26691316005443066,17.852723609468356
43.8,46.813014973435806,-14.512717045795862,239.20841990261366,167.54034062332497,-0.1347662825619549,-0.07978633152249592,161.48312795928211,198.6836963172672,5.538280071392957,559.2091358473748,74.30305143757322,50.61524282739473,0.6305664649910406,32.69268292175457,51.57864528007015,61.91070001589841,3.528097908545999,16.007777813009852,86.26766924343968,48.282547849183835,0.24129797241822626,17.92023433164157
43.900000000000006,46.78696432514652,-15.170546231738065,239.75455784759683,167.92285281652892,-0.12459661166811076,-0.08136670982617687,161.66270059854878,199.20723781186388,5.531348910391981,559.9986460363349,74.2393731577716,50.62454327928263,0.6565263327944983,32.83373663147713,51.25855605161876,62.04423119285137,3.550301814307383,16.060846651079505,86.28941846586275,48.275239065630686,0.21759209110173686,17.98774293819446
44.0,46.74110432972449,-15.80613643209147,240.30069579257994,168.30536500973284,-0.15421687043499582,-0.09098761416351886,161.843112459778,199.72966615553872,5.522689607373391,560.7799187956491,74.1730783298686,50.6348886889233,0.6854330594415299,32.9753200374127,50.93122674337487,62.17880376568817,3.572769279656706,16.115152704755953,86.49459409755171,48.23128036577522,0.2071032250258637,18.01598313644254
44.099999999999994,46.69985746992684,-16.450177447569086,240.84683373756306,168.68787720293676,-0.14146624370335442,-0.09187011921020116,162.02440445982796,200.25090662960196,5.514665547983809,561.5529592849172,74.10408904989481,50.64631141149324,0.7131502570499804,33.11743470176563,50.59877289008478,62.31347402334398,3.595262016691327,16.170453621907154,86.51308933177407,48.22527844021322,0.18179403654727228,18.083862064685903
44.20099999999999,46.6776737147464,-17.070533943686964,241.398433061996,169.07421451807272,-0.10411297308258682,-0.08863512368656558,162.20824176449682,200.77635219095336,5.50863172804772,562.3254381611113,74.03191260385823,50.658848976581254,0.7374979431842074,33.26151250639684,50.25989446314642,62.44968854831936,3.617927664735916,16.22708582184796,86.52955056557646,48.22008536160308,0.16001021692958795,18.152878523150395
44.3,46.663766467622715,-17.686220252499357,241.93910962752935,169.45290158934463,-0.13611850503923156,-0.08304285729499898,162.3891273627778,201.2904253845403,5.500830483894509,563.0745593257309,73.95875548626366,50.672105466299186,0.7645021125797189,33.40326770439442,49.92596076141548,62.58434873267012,3.640179073345448,16.283177202020276,86.54354735850349,48.215833791159504,0.1355166012833019,18.220978772876766
44.400000000000006,46.63147451817686,-18.278222041161925,242.48524757251252,169.8354137825486,-0.1471340968684639,-0.07758325541787833,162.57264849706166,201.80853667173375,5.492240654421103,563.8231276015778,73.8822369784462,50.686548384839426,0.7929011242839185,33.54698899679993,49.58889488107922,62.72208500045428,3.662669100057207,16.340234446778762,86.55533524697906,48.212460969685885,0.10971408908462167,18.290216615485093
44.5,46.62251960779493,-18.84709528632911,243.03138551749564,170.21792597575254,-0.1430778822103116,-0.07741071338205649,162.7569926926301,202.3254529186734,5.483822556658531,564.5635468954854,73.80305032373876,50.702060720132245,0.820943119859123,33.69124909016335,49.25274010097233,62.861081842675,3.6850643773182683,16.397687496926956,86.56472843121188,48.2100258765516,0.0843835724661611,18.35990816138139
44.599999999999994,46.590770380218245,-19.42441934583042,243.57752346247872,170.60043816895646,-0.1516897058147149,-0.07972519535187982,162.94216327054673,202.8411488108595,5.474828859621998,565.2958305888249,73.72117368310545,50.71864920825632,0.8498691579245364,33.83604996661536,48.91612795958163,63.00110059196608,3.7073957008533247,16.45572954602091,86.57170505957068,48.20853517673046,0.05836376632680696,18.43005546860505
44.7,46.575574168740005,-19.961713230797834,244.12366140746192,170.9829503621604,-0.12564559219461302,-0.08579248414368813,163.1281026466793,203.35569066778544,5.467317854598734,566.0200114679827,73.63668750784655,50.73628028766018,0.8762619921287267,33.98139389648709,48.57528432658638,63.141956663039814,3.72983222815169,16.51473659271661,86.57634587231122,48.2079560122683,0.035365786098723616,18.50066332355334
44.8,46.55576482159221,-20.495448878608304,244.669799352445,171.36546255536433,-0.15139402267099927,-0.08507298494565259,163.3147996316757,203.8690728797996,5.45818850219954,566.7361112304234,73.54959315027703,50.75495335837263,0.9052172937978722,34.12728285849377,48.2311922247081,63.283543892471556,3.752310700413469,16.57458320736811,86.5786521983095,48.20828772177843,0.013496927924445066,18.571734297072677
44.900000000000006,46.52293015029225,-21.00872466059358,245.2159372974282,171.7479747485683,-0.15739224686180714,-0.09054652011809729,163.50233024825553,204.38115557306406,5.4486173725507925,567.4441267067325,73.45974338135106,50.77472775055356,0.934789620367688,34.27371847371377,47.88221195653094,63.42497913094015,3.7748039103293234,16.635418191709487,86.57847628640828,48.20958832209688,0.022922290111540226,18.643266959359167
45.0,46.48276873420281,-21.53045125612289,245.7620752424113,172.13048694177223,-0.12396319725600878,-0.09009314377981294,163.69061045004335,204.8920478402976,5.4410103977870214,568.144105422348,73.36726604637774,50.79555377858184,0.9610819609887975,34.42070304294769,47.52977214746452,63.56601500013281,3.797209975998337,16.69708675904071,86.89801644250963,48.13969640447147,0.019745116103632266,18.648421292219467
45.099999999999994,46.43582329508762,-22.012147678698486,246.30821318739441,172.51299913497616,-0.1543215187362575,-0.09161997046849064,163.8796204749577,205.4017554606141,5.431455015221809,568.8360766176081,73.27217608860039,50.817427456981314,0.9903899408539965,34.56823854802626,47.17443169672909,63.70610771526508,3.8194368395691796,16.759545125886042,86.89573279551514,48.14185238130061,0.04398479402126486,18.720039760629625
45.2,46.41954163991624,-22.500515796634687,246.8543511323776,172.8955113281801,-0.14554385361177574,-0.08127553505043907,164.06940593702478,205.91017986434508,5.4223662884613955,569.520049987311,77.98720247549676,52.91664184562291,0.8110927103007022,19.127613795633913,46.81721302929888,63.84852440884781,3.841848612025875,16.822595865034007,86.89101971245651,48.14495878476563,0.06904211843923427,18.792123308456027
45.3,46.38724969047038,-22.969313607442363,247.4004890773607,173.27802352138403,-0.16547341600650584,-0.08057508573470655,164.25998401236828,206.4172663487897,5.41195726834522,570.1960412788536,77.910499320978,52.94734123498069,0.8412784982249775,19.191971115509656,46.459012898596406,63.992896229531866,3.8643403207336795,16.886172160998434,86.8838252753593,48.149035953262086,0.09639410457062411,18.864673098381264
45.399,46.35984223759099,-23.42154337399429,247.94116564289402,173.65671059265594,-0.12830509757018138,-0.08022566169669135,164.44971880529127,206.9174457429608,5.4034686682934225,570.8534975036222,77.83072040147121,52.97929227752441,0.868120226856317,19.256515660023595,46.10482776404629,64.1382607207536,3.886550638627891,16.949783288924902,86.87319219205725,48.15444378290993,0.1205947429241256,18.937199505167385
45.5,46.32619348353999,-23.861541698393363,248.492764967327,174.04304790779193,-0.1410529016336452,-0.07709698333160442,164.6432866243339,207.4277297713576,5.394808581371893,571.5242356723254,77.74932978662085,53.01188879567507,0.8955042126317225,19.322364134729735,45.74348737425276,64.28656186836366,3.9092096498128943,17.014679490142807,86.8623442989915,48.15996086164157,0.14528428306254515,19.011191091888577
45.599000000000004,46.286439108818534,-24.28074657176467,249.0334415328603,174.42173497906384,-0.17966770831611723,-0.08712782050057073,164.83447301971842,207.92531717228997,5.385463050050975,572.1660883854488,77.66430017664827,53.045965323259146,0.9235041114166705,19.388024714951843,45.38341101876737,64.43314360630829,3.9314666665636184,17.079966328972038,86.84690168417305,48.16724334910908,0.170701544737342,19.084655828515157
45.699,46.251908431796025,-24.72352476995491,249.57957947784342,174.80424717226774,-0.11354612420494424,-0.08913867761761654,165.02759059081384,208.42793070858525,5.3760231194237855,572.8144244593107,77.57841168172648,53.08038605819256,0.9517868374620699,19.454348533358008,45.019697528378124,64.58120596786851,3.9539485016653577,17.14591263081974,86.83130308334634,48.17459939705605,0.19637554642905358,19.15886263318846
45.8,46.22389041684207,-25.142062473711142,250.1311788022764,175.19058448740373,-0.10352349718545073,-0.09018334851518388,165.22351454104634,208.93395922118538,5.369185744864273,573.4574179013284,77.48804972519036,53.11661509977189,0.9760177118548583,19.522213534533158,44.64624370706103,64.72991079501581,3.9765847210376593,17.213937420881397,86.81227432904768,48.18330578651502,0.2180013202032165,19.23454830917032
45.900000000000006,46.16554781910692,-25.522793902440476,250.67731674725957,175.5730966806077,-0.16377930139013308,-0.08854921091632381,165.4181226312547,209.43378979693537,5.358396671519933,574.0862238286073,77.47800363560583,53.171306348678655,1.0031283148315067,19.190490747911685,44.273585517564236,64.87686931050553,3.998924501996538,17.282053519533136,86.79114587095353,48.192820202821984,0.245438350758936,19.309973396354746
46.0,46.12945681678774,-25.921316519324808,251.22345469224268,175.9556088738116,-0.16657721287822166,-0.09220966791795987,165.61348740354597,209.9321521162582,5.347340387458627,574.7072254322705,77.41810753384847,53.216170668056044,1.0320955715850377,19.128453248289873,43.89810950593896,65.02213814484516,4.021038521975441,17.35097992933041,87.06096629563281,48.13178795378452,0.24846552713858708,19.344939809772008
46.099000000000004,46.077355520209146,-26.25690280805156,251.764131257776,176.3342959450835,-0.11569999139187664,-0.08276508957709702,165.80778416388955,210.42376408521702,5.339562423526804,575.3105716383377,77.33166528145006,53.257642167534286,1.0567573631818181,19.147313102576167,43.523341191859856,65.16981323173758,4.043227874701549,17.420079292171565,87.03642007524795,48.142634873220544,0.27090859023560354,19.42031587005292
46.2,46.03502321674845,-26.62451323593137,252.31573058220894,176.7206332602195,-0.11820479526693028,-0.08124147343754018,166.00600611131074,210.92530760910427,5.3316273290105,575.9261066566487,77.24347672092237,53.2999514750828,1.0819173727906537,19.166553964019762,43.14100180072867,65.32047165371871,4.065865497179698,17.490574601736782,87.01137797162299,48.153700922342146,0.29380504854670003,19.49721467902637
46.29900000000001,45.97620573740979,-26.96754958496468,252.8564071477423,177.0993203314914,-0.1671833074060985,-0.07666800654549373,166.20149199534725,211.414453077203,5.321457842495738,576.514279213495,77.140387484195,53.34117381396216,1.110387413921672,19.21749768182883,42.767956397658324,65.47325603467264,4.088070872068803,17.560318498679724,86.98225381826695,48.1663370394856,0.31961809756385023,19.573564808307218
46.400000000000006,45.93326287187452,-27.274781166236124,253.40800647217523,177.48565764662737,-0.13508950651237162,-0.07900317046472426,166.40092708916228,211.91348027192998,5.3110829118089615,577.1143340442169,77.03521563662466,53.38322892736433,1.1394326073987704,19.26947056565424,42.387374723818894,65.62912696877716,4.11072484039001,17.631471363237672,86.95254129817644,48.17922843172286,0.3459526223187194,19.651457364442223
46.5,45.89880003508755,-27.575007468524557,253.95414441715835,177.8681698398313,-0.10167011365953184,-0.08567808425077791,166.59920861429774,212.40581127041935,5.304096630978503,577.697047551789,76.92769332256161,53.426441337883084,1.1632519542537234,19.328432785351325,42.00742308752999,65.78489463946477,4.133170961515442,17.70315257870368,86.91978086106484,48.1932950147782,0.36710175184618715,19.729325884657552
46.599999999999994,45.833673414356774,-27.87523377081299,254.50028236214146,178.25068203303522,-0.16254236734451039,-0.08730950419747048,166.79803523444235,212.89693891775707,5.292847391587444,578.2721973244618,76.81905851114566,53.47103537173201,1.1931099695601282,19.389652757160434,41.623226216337244,65.94069694613832,4.15566606966192,17.775873655276396,86.88476498257569,48.208240158568394,0.3943366442106336,19.807694909541294
46.699,45.76651158674089,-28.162339071461815,255.04095892767478,178.62936910430713,-0.14710861091828367,-0.09169638495592791,166.99572667343523,213.38122002675772,5.284687090714405,578.830411547234,76.70911674050024,53.51703408539672,1.2181805314025766,19.45255687410277,41.23782266976567,66.09468940518333,4.177908360530437,17.849178337385183,86.84660773274473,48.22439753268566,0.4168849741473318,19.88602455132841
46.8,45.72919946028761,-28.433877081882443,255.59255825210775,179.0157064194431,-0.08928744331471704,-0.0798527107295946,167.19741187887237,213.87528459250584,5.276361935278273,579.3999028250117,76.5969539239832,53.56396206600415,1.243757569241841,19.51673178128636,40.844633192960345,66.25179282299693,4.200599990608419,17.923963922162834,86.80767962938182,48.24088131840124,0.43988882590093187,19.96593661012133
46.899,45.689445085551085,-28.67783875058381,256.1332348176411,179.394393490715,-0.1507604934156092,-0.07845640733187981,167.3960607538561,214.35729768233998,5.266552931486731,579.943384613127,76.47955304330115,53.61109491721718,1.2711032774841124,19.583723350617113,40.461583594229246,66.41054667582847,4.22274249369303,17.998025896795912,86.92177086659548,48.21772974126559,0.45165331508942264,20.02178768322041
47.0,45.63585130392643,-28.91468394497128,256.684834142074,179.780730805851,-0.12903678564404797,-0.07863595424274496,167.59872273742533,214.84904841035254,5.256545766002431,580.4978458313053,76.35978042765583,53.659179947242585,1.2990014242767314,19.65206828498485,40.07079561976622,66.57250767720205,4.2453323200722775,18.073584072936725,87.03816697728818,48.19411045550094,0.46365547072616514,20.07876706082654
47.101,45.587345539529636,-29.140187256692663,257.236433466507,180.16706812098695,-0.09892909375118361,-0.07909646278633463,167.80208749792862,215.33907529398527,5.249393925646659,581.0410878288169,76.23617457538927,53.70815944178466,1.3227487923306274,19.72222097606187,39.68211577747542,66.73715389834548,4.26772061784351,18.1499269790494,86.99399958155023,48.21261956947215,0.48463957899271626,20.15991725391537
47.2,45.546573561365626,-29.33989334408812,257.7771100320403,180.54575519225887,-0.1610892254075613,-0.08536257728790293,168.00189590625848,215.81820404432258,5.237915466508154,581.5662989104032,76.11282915200606,53.757476943615785,1.3521920841981963,19.791646863634305,39.29607343557723,66.89929314122813,4.289837296736962,18.225918658179324,86.9485041572774,48.23161568912912,0.5113604636709531,20.239967252596855
47.3,45.48714551995237,-29.540044212807132,258.3232479770234,180.9282673854628,-0.13185800128315195,-0.08817217918455225,168.2042470407124,216.30081349591399,5.228364611001125,582.0895133471397,75.98607533270639,53.80882730361911,1.3790107966310807,19.86232223998926,38.899844098794745,67.06262187549956,4.3123187821775755,18.303905179689973,86.90018043410846,48.25172146865049,0.5354299851798324,20.321333531395663
47.399,45.43904679692357,-29.728074833124015,258.86392454255673,181.3069544567347,-0.10606805722185925,-0.08721146644492793,168.40519394285948,216.77693330611345,5.219626183091719,582.5967430713067,75.85759659493951,53.86136327379946,1.404413737254227,19.933202527645385,38.502052354171575,67.22393501400803,4.334579257771501,18.38244085275927,86.84917714253585,48.272853037560544,0.5581394325718942,20.402657653371794
47.5,45.40980765783553,-29.888306722640024,259.4155238669897,181.6932917718707,-0.13471934840064753,-0.08583791454400572,168.61020037838324,217.26267169833713,5.2107112212851545,583.1142198606084,75.72652232711673,53.91496057671073,1.4303298685970316,20.005514740304662,38.096224412687356,67.3885070037995,4.357289439943081,18.46256310508249,86.7971434814365,48.29441150685262,0.581307656678946,20.485624686902995
47.599999999999994,45.357706361256945,-30.064439486796722,259.9616618119728,182.07580396507458,-0.12989648025337444,-0.078622366018319,168.8138270885611,217.7417873376651,5.201116219371791,583.6157772452502,75.59263357669663,53.969241613293455,1.4569499434452577,20.078392525344608,37.694132980551515,67.55457045340816,4.379757471699891,18.542702007835928,86.74230624430734,48.317045040730925,0.6051829420973565,20.568550888090005
47.7,45.2909515750241,-30.221891501731477,260.507799756956,182.45831615827856,-0.10833316687645703,-0.07970748551408345,169.01784446535788,218.2197777226839,5.193067811657184,584.1102018946273,75.45640791853197,54.02418558926642,1.481404637728039,20.151997339236946,37.292813710756135,67.72274643214162,4.402151784523629,18.623372026838265,86.68534310505959,48.34050323091944,0.6269024885369052,20.65200259468536
47.79900000000001,45.2731774347765,-30.335532717473974,261.0484763224893,182.83700322955048,-0.13054816447394027,-0.08025318585871663,169.22039297784636,218.6912812142108,5.183805206949004,584.589163215332,75.31820261050753,54.07983637253762,1.5072325183296722,20.22583174790483,36.89378731673498,67.89132695660254,4.4242984140540065,18.704376710023872,86.62576271406782,48.364960668367026,0.6500377822644828,20.735403960914002
47.900000000000006,45.2407498048897,-30.45806952650388,261.6000756469223,183.22334054468647,-0.11922256912935991,-0.08386656084796398,169.427033379476,219.17231002879885,5.174355478913387,585.0778005223135,75.17720527605834,54.136611414056716,1.533582174296994,20.301157760788225,36.486699783440685,68.06331314822427,4.446892450241562,18.787017851455648,86.56497867881359,48.38991219546001,0.6736404556633235,20.820490203228065
47.998999999999995,45.20099543015319,-30.569042063786096,262.14075221245554,183.60202761595832,-0.12163976992243686,-0.08547230935379534,169.6302804261869,219.64163226242533,5.167051323680046,585.5428938227511,75.03436125716114,54.19463709019173,1.5566972213035557,20.376291917476042,36.07861691335436,68.23126029209556,4.469151453101019,18.870007689884734,86.76477196588748,48.34223582712079,0.6726893929959991,20.85236426331754
48.099999999999994,45.147401648513465,-30.671119006200723,262.6923515368885,183.98836493109428,-0.07348413150328378,-0.09004108856905209,169.83763347384152,220.12043575329682,5.159599609755121,586.0173829474401,74.88863150050841,54.25383500220827,1.5802792389567168,20.452943935915133,35.66228994488241,68.40260030756022,4.491860132785922,18.954674090706334,86.96860148098307,48.293596299825204,0.6717191169414558,20.884882243812868
48.2,45.13681857264452,-30.74050464063731,263.2384894818717,184.37087712429826,-0.12715391784679886,-0.08901007845276677,170.04336557858468,220.59307412095168,5.149860583994883,586.4768198595982,74.74181194365163,54.314096229541946,1.6065397307612674,20.52963712944375,35.243239225398725,68.56914571082196,4.514223852336391,19.039845877859197,86.9053282344671,48.319429400577164,0.6951537366672939,20.969782787404043
48.29900000000001,45.105408546200294,-30.826791902952053,263.779166047405,184.74956419557017,-0.11642058422536605,-0.08751570444519713,170.2475175494254,221.05933194167676,5.141876463352572,586.9214904031408,74.59287658070498,54.37509978032415,1.6302916306353465,20.606626729820643,34.825960396146456,68.73607361315314,4.536389714678499,19.12513426444374,86.83959652439593,48.34619901304491,0.7160976082493132,21.054626641638812
48.400000000000006,45.09611443470097,-30.906407471486364,264.33076537183797,185.13590151070616,-0.09252410470882885,-0.07709850490382555,170.45579380250533,221.53500911231544,5.133731047343751,587.375144189987,74.44093242254729,54.437335726071645,1.6545233668705168,20.685171675659696,34.40025169155578,68.90637379633948,4.559003372219437,19.212145648737057,86.77253690098998,48.37350942576453,0.7374645883481401,21.141184513130845
48.5,45.07060650825073,-30.974013986949434,264.8769033168211,185.51841370391006,-0.11814685760254749,-0.08077877922867031,170.66242603846138,222.00445863615232,5.124523969179552,587.8141513171526,74.28650214406649,54.50006480818349,1.6799632868434047,20.764140732549038,33.979458869358595,69.08023642560778,4.581464418173245,19.299030220102733,86.70317214616558,48.401696755600355,0.7599992722001219,21.22769354354287
48.599999999999994,45.05595301858141,-31.020271075520373,265.4230412618042,185.90092589711398,-0.11627948708046383,-0.0861631508062551,170.86935798789176,222.47277500190964,5.115413183245674,588.2464266336772,74.12974406858689,54.563898304737954,1.7052102335754618,20.843792120585555,33.55471840752484,69.25376916993946,4.603951706887725,19.386877250027762,86.6317133524268,48.43069198266656,0.7823473601250486,21.314741428797166
48.7,45.07359147837301,-31.054519113390334,265.9691792067874,186.28343809031796,-0.08653048367247235,-0.0910830092282882,171.07654135399378,222.94010898673272,5.108593105977487,588.6720418404387,73.97156543862252,54.628787522232244,1.7273951451576846,20.923946902365714,33.12444392863051,69.42390202601065,4.626335054542412,19.475784566405526,86.55830802802421,48.46043826332682,0.8017212411484103,21.402333739548983
48.79900000000001,45.062872722048084,-31.107781483314543,266.5098557723207,186.66212516158987,-0.09566146694581407,-0.09229547937026528,171.28199304516025,223.40136282562267,5.099918987061203,589.0836260100201,73.81469269098508,54.69391707468007,1.7513958818076123,21.003649253758443,32.693523788358924,69.58600496299081,4.648055620412712,19.56503028347389,86.48280161592761,48.49098364017905,0.8232313600023912,21.489863808217944
48.900000000000006,45.03044509214622,-31.153704987472995,267.06145509675366,187.04846247672583,-0.12417919103129854,-0.0916904896820197,171.4915952755422,223.87193492388408,5.091069633419338,589.5035250113101,73.65465079693074,54.7603623756622,1.7758814818242041,21.084961753664153,32.25389819070813,69.75138270677866,4.670214985593522,19.65607894432141,86.40576982176846,48.52214609535152,0.8451760267120071,21.579162161102435
49.0,45.02773148295099,-31.187953025342946,267.6075930417368,187.43097466992975,-0.07644779550534389,-0.08124738737565693,171.69947032580473,224.336333243211,5.084934530079632,589.909493345914,73.4915488142656,54.8277658816779,1.796893685409494,21.16689129390079,31.813690332270024,69.91943390929754,4.692521381402293,19.747298658713657,86.3265520529387,48.554143651688044,0.8635426253654821,21.66840013493187
49.099999999999994,45.02149018180949,-31.211081569628416,268.15373098671984,187.81348686313368,-0.09806120219330935,-0.08257365141284412,171.90753064332472,224.7998789187646,5.077023334613882,590.3090361923387,73.32531704397684,54.89618084493871,1.8201737731237653,21.249779717696185,31.371819539492325,70.09101382716806,4.715004304266007,19.839037697849715,86.70667939405345,48.45097248209587,0.8473659892808841,21.670611338970026
49.2,45.02094745997045,-31.212860688601936,268.69986893170307,188.19599905633766,-0.11230142727370737,-0.08329603884954298,172.11580600885873,225.2623950064931,5.067916688588959,590.7021781756816,73.15634713127825,54.96556350545064,1.844930000048877,21.333483313084486,30.928717647774437,70.2649193608708,4.737543382427599,19.931326566764863,86.62707191892913,48.483049801040075,0.8691775942239146,21.759986502520213
49.3,45.02094745997045,-31.212860688601936,269.2460068766861,188.57851124954155,-0.08891404250761567,-0.08787583198925349,172.3242794238091,225.72392470956913,5.0606688271282385,591.0889773348,72.9857804271125,55.035774566438164,1.867285090146219,21.41778274382518,30.482114787456826,70.43783604206958,4.760046195012134,20.024539863559802,86.54553889778819,48.5158715574537,0.8886507832355469,21.849913448502626
49.400000000000006,45.014706158798816,-31.223090621909577,269.79214482166935,188.96102344274553,-0.09706375008922319,-0.08974664236455313,172.53292752470074,226.18454108594204,5.0527131600821455,591.4694991858759,72.81435348053556,55.10662393684175,1.89032835441128,21.502542794663977,30.031729779745095,70.60847990546928,4.782443452478427,20.11870313167185,86.46215154678818,48.54941067512154,0.9089390537487276,21.94039574409061
49.5,45.01416343695977,-31.223980181396335,270.3382827666524,189.34353563594945,-0.0899927126425315,-0.08970650448957355,172.74174337778604,226.64423735416133,5.045296463428375,591.8438004570197,72.64214455791094,55.178038967598916,1.9125338733631971,21.587755208866913,29.577941894951238,70.77721270216824,4.804742151908831,20.21372250015264,86.3769051709756,48.583669965559025,0.9285204816118395,22.031435186250494
49.599999999999994,45.0204047381314,-31.213750248088697,270.8844207116355,189.72604782915337,-0.08046920844312783,-0.08279197010544499,172.95070465756461,227.10309381751867,5.0386290830838725,592.2119508286416,72.46621149025603,55.25066848172966,1.9339537742040753,21.674065775793615,29.12211697035468,70.95037374483101,4.8272976317110805,20.309191870649194,86.28987747486215,48.61862031915917,0.9471497648668372,22.123035384994747
49.7,45.02094745997045,-31.192400822776744,271.4305586566187,190.10856002235732,-0.10227034564286121,-0.07931521425061973,173.15981370557157,227.56104861697773,5.030114428985606,592.5739975887537,72.28646247517204,55.32444515617903,1.9577319853612887,21.761409465191818,28.667945854855972,71.1290480803846,4.8499382002988325,20.404711881596008,86.20101124679353,48.65428399212306,0.9679590110572613,22.215196953010427
49.8,45.027188761111944,-31.190621703803227,271.9766966016018,190.49107221556125,-0.09626943239326637,-0.08311184040474187,173.3690758432473,228.01802259904989,5.022062581624347,592.9299831685404,72.1043070256244,55.39911097581752,1.9809375054291818,21.849504555111245,28.213462969476186,71.30961338381843,4.872537559332375,20.50084632433697,86.11023255828202,48.69068884687786,0.9881681670262296,22.307920204782782
49.899,45.02773148295099,-31.190621703803227,272.51737316713513,190.86975928683316,-0.0704960507139926,-0.09112947277497833,173.57642509111756,228.4691824861039,5.014793025902717,593.2735500240063,71.92277141090644,55.47397114153236,2.002805122778296,21.937503495148757,27.75534437130271,71.48390940779434,4.894857096925908,20.597982055440532,86.00079179152173,48.70300160109409,1.0077964559695172,22.374205825068096
50.0,45.03397278410756,-31.190621703803227,273.0689724915681,191.25609660196915,-0.10331033938296472,-0.08914704174091705,173.78796321268217,228.9294567143105,5.00737661046954,593.6240576240272,71.73756841003258,55.550343633827296,2.025114510174866,22.027280191550656,27.287970851954032,71.66172656356774,4.917627534268804,20.697080124546183,85.88914010018043,48.715563097819725,1.0278212760025673,22.44183054879351
50.099999999999994,45.028274204790044,-31.211081569628416,273.6151104365512,191.63860879517304,-0.08617196797500754,-0.0876278757213983,173.99758771196994,229.38380209752822,5.000059829865017,593.9622583955534,71.55213933060546,55.62698884197416,2.047003514523504,22.117080619378108,26.82002700946596,71.83638123662782,4.940139206177867,20.796410711638508,86.40897274582993,48.559708940708745,0.9987560135794507,22.38531856540502
50.2,45.04021408524906,-31.182170889469106,274.1612483815344,192.02112098837702,-0.07074887898021576,-0.07907729858130998,174.2073063296515,229.83736854741622,4.994023916412829,594.2946647918608,71.3623152861362,55.70500066152932,2.0675962350727537,22.20806227690138,26.353491078192764,72.01783564203035,4.962825200747959,20.8956709921262,86.31759625850437,48.59425075012973,1.016104022338533,22.472651846106654
50.3,45.041299528927155,-31.179502211008828,274.7073863265175,192.40363318158094,-0.0794591780878929,-0.08355628360922625,174.41710855373398,230.29018862964182,4.98721505554663,594.6213386962452,71.17024806832002,55.783850480572994,2.089093000764828,22.299824792741823,25.88644369948191,72.20120258381738,4.985482030803398,20.995514132175906,86.22362822807447,48.63003401666391,1.034365987174785,22.562333652850693
50.400000000000006,45.04754083009879,-31.179502211008828,275.2535242715007,192.78614537478492,-0.08739729669273258,-0.08523925642163108,174.62699684734613,230.74217888662972,4.979692217449812,594.9423281383387,70.97621136625638,55.86351680712057,2.1113767794291203,22.392329293442288,25.417274443095963,72.38515550569599,5.008126490000423,21.09623884148634,86.12709505745649,48.66701847691894,1.053465168301816,22.653765019630757
50.5,45.048083551937836,-31.169272278491274,275.7996622164838,193.16865756798882,-0.0765019949639227,-0.09100266769639175,174.83696304489453,231.19335336423615,4.973076899959948,595.2576964383015,70.78174934385223,55.94364244177516,2.1324024643995143,22.485329861771095,24.942085627850595,72.56505659497121,5.030713112432234,21.198397346797726,86.0279608933607,48.705459539027956,1.0715230713663118,22.746839106503444
50.599999999999994,45.048083551937836,-31.178612651522066,276.3458001614669,193.55116976119274,-0.08421683715921309,-0.09005572413295435,175.04699819776624,231.6437272178474,4.965759725749468,595.5675112078065,70.5869692335432,56.02410514568538,2.1540339093564884,22.57878118312894,24.46280599468264,72.74193301612546,5.053190553796733,21.301554598127495,85.92733783489415,48.74479115040036,1.0903324200950033,22.840665684680957
50.7,45.05432485306427,-31.148812411085906,276.8919381064501,193.93368195439672,-0.08424871188132818,-0.08931455638091429,175.25709818504941,232.09326124898655,4.958406018801414,595.8718351025204,70.39144844107496,56.10499376190592,2.175545642580412,22.672769490215067,23.97983836366981,72.91708049159938,5.075620600448001,21.405546368268396,85.82559276844594,48.7847825277169,1.10910193018122,22.934850069021234
50.8,45.06110887607494,-31.135913799317986,277.4380760514332,194.31619414760064,-0.07784803664129564,-0.08358259038482138,175.46725345260126,232.54198668969872,4.951580839569473,596.1707391028408,70.19193833300147,56.18728955613628,2.1966107685461127,22.76791828642299,23.494603454627363,73.09698065263518,5.098316828059646,21.50988992544735,85.7218771228601,48.82537535603549,1.127255650889808,23.029636870268504
50.900000000000006,45.055410296742366,-31.13502423983123,277.9842139964164,194.6987063408046,-0.07328066724102072,-0.08007406728208726,175.67745381085163,232.98995783826874,4.945129696752056,596.4642941674134,69.9882336209768,56.27101708951826,2.217447073932644,22.86417068533402,23.01128341971791,73.28327038692429,5.121103631641039,21.61409938330356,85.61600808973924,48.866495138056834,1.144986543239591,23.125142626017084
51.0,45.05486757490332,-31.124794307313675,278.5303519413995,195.0812185340085,-0.09232017631536592,-0.0816173757520611,175.88769649508174,233.43710207012495,4.936970874239052,596.7525539970801,69.78193011286183,56.3556889987653,2.2402571539690834,22.961213416434763,22.53009910596222,73.47300874997332,5.1437812589255705,21.71857040269215,85.50830443264489,48.90817407467165,1.1646234391160657,23.221238155140615
51.099999999999994,45.05486757490332,-31.113674814519275,279.0764898863826,195.46373072721244,-0.07018781341837846,-0.08161760294354757,176.09797474912546,233.8834345459679,4.930743882937817,597.0355828679617,69.57353484742374,56.44114359368605,2.2608788946890503,23.058968976087414,22.05113894476027,73.66557472887305,5.166304623717131,21.823523160806864,86.74773341615663,48.51512916845615,1.0784856383595192,22.88943048418791
51.2,45.06110887607494,-31.102555322514966,279.6226278313658,195.84624292041642,-0.09216809683909734,-0.09301309976474324,176.30828117948607,234.32895573679122,4.922534353741465,597.313445351342,69.36452494861197,56.52707787517519,2.2835274744601124,23.15741646713329,21.561643946748013,73.85211590688567,5.1889567384301785,21.930787690952478,86.64107269976215,48.55488286833086,1.097933300126784,22.958544893926323
51.3,45.06165159791399,-31.091435828140387,280.1687657763489,196.22875511362034,-0.07131606661301398,-0.09116593450825204,176.51860939159502,234.7736598035476,4.916154796842585,597.5862117520362,69.15578906448648,56.613077264773416,2.3038630347905316,23.25624655671969,21.06712315346266,74.03376967815935,5.21146147272433,22.039249935841923,86.53124545710604,48.595419867374844,1.1153283781584615,23.03923376124076
51.402,45.05527461628637,-31.100998593413138,280.7258264802317,196.61891755068837,-0.093416992265275,-0.08213809690036257,176.73315802112603,235.2264084045104,4.907593591974847,597.8592611156065,68.93861535501817,56.702349880201716,2.327076351644188,23.358243616277075,20.56213704629514,74.22497861335296,5.234622646455412,22.15013430305099,86.4205258329244,48.63715278061315,1.1352202309059387,23.12592147186801
51.498999999999995,45.05486757490332,-31.08142828549453,281.2555802868653,196.98995437809614,-0.10104103141565116,-0.07991522836936647,176.9371972906771,235.65555985982263,4.899258782838069,598.1117328039215,68.72772397661845,56.788872042710615,2.349481166237399,23.4563952929712,20.0884368871134,74.41498521524103,5.256447247659361,22.255175822271173,86.31640677697064,48.677319120607564,1.1541534214624523,23.210713493968196
51.599999999999994,45.067350177216454,-31.06919684334168,281.8071796112983,197.37629169323213,-0.08951276287558724,-0.07817870509386539,177.14965055072514,236.10240828236422,4.890580270231732,598.3746156958784,68.50813604653212,56.87896212944669,2.372809890710743,23.55859446148777,19.595202700748885,74.61282714091831,5.279171832418114,22.36454895053137,86.2079941516992,48.71914180451928,1.1738673621450084,23.299002094299322
51.699,45.06226215998856,-31.068307283854917,282.3478561768316,197.75497876450405,-0.09555939170546254,-0.07952974691624158,177.3578822003084,236.53854432596782,4.881735939180991,598.6227727539821,68.28919016086657,56.96876882532742,2.395963780537817,23.660178317579128,19.113093275844886,74.8105306279936,5.301221884722052,22.47345816441763,86.09938480392302,48.76122183793708,1.1934344827801733,23.389406957073835
51.8,45.074134200212065,-31.047847418029725,282.8994555012646,198.14131607964,-0.1009161037189012,-0.09182802936519807,177.57032054988326,236.98349119873512,4.872712934775689,598.8759430859868,68.06582112599567,57.060389797892604,2.419585425714932,23.763814372783436,18.621244266599415,75.01222812490879,5.3237173926280885,22.584567564443,85.98858132790893,48.804151973040085,1.2133968987817043,23.481638180712473
51.900000000000006,45.07521964389015,-31.046068299056206,283.44559344624776,198.52382827284399,-0.08775623759599877,-0.09160083766406638,177.78062482218888,237.42259819097012,4.864692689572712,599.1195313007788,67.8425893942597,57.151991935585194,2.4417411288422493,23.867601125951573,18.118867447381533,75.20271250609079,5.3461829572021955,22.697411643898896,85.87353526153512,48.84823959894355,1.2322281039700782,23.57751141168203
52.0,45.06273704159208,-31.025608432440926,283.9917313912308,198.9063404660479,-0.0979379826681273,-0.08733918086265874,177.99089804233608,237.86077723862869,4.855709276980338,599.3585050946358,67.6178246894021,57.24419999741074,2.464853075033689,23.972091699396017,17.61295624812824,75.39196948249014,5.368632238925006,22.81101530687062,85.75704396156041,48.892959583296495,1.2520550776336938,23.67443411143098
52.099000000000004,45.06165159791399,-31.02382931346741,284.5324079567642,199.28502753731982,-0.10117999191841517,-0.0837732418680066,178.1990037275202,238.29312997951075,4.847214782976367,599.588381948821,67.39042780195416,57.3374294788293,2.487436153310595,24.076967872700955,17.112641334614036,75.58662891227402,5.390966204268609,22.923863387803955,86.00386588434273,48.81586408525031,1.2437105592700763,23.684490413035633
52.2,45.067892899055494,-31.02382931346741,285.0840072811971,199.67136485245578,-0.08514488219050025,-0.07901091375119952,178.41131356796055,238.7342171191985,4.838548683032923,599.8229027798585,67.15843703799214,57.432542384114896,2.510475455391074,24.183962756577706,16.60221904910967,75.78522085579091,5.413751360831273,23.03899122794806,86.25567410859537,48.737211102395115,1.2351974647779014,23.694749872248458
52.3,45.06843562089455,-31.02382931346741,285.6301452261802,200.0538770456597,-0.07882250642228722,-0.0766704659103793,178.6214495711266,239.16965423121363,4.831249714030586,600.0484910824742,66.92614348933071,57.527940117240774,2.5319134911380576,24.290702227361596,16.109446316640256,75.99277951927675,5.435841357600247,23.15236796437014,86.14392313794396,48.780974797760436,1.2526972183445302,23.777479884705386
52.400000000000006,45.07467692205111,-31.003369446852126,286.1762831711634,200.43638923886368,-0.10668234107685923,-0.08584689594744144,178.83152362851843,239.60416589523751,4.821342269273707,600.2697559073894,66.69101604664971,57.624439109404804,2.556176295963111,24.39854948753393,15.609598667407328,76.19978166262422,5.45817024696413,23.267640350792043,86.02838876441159,48.825761152734145,1.2730771590873993,23.865524872711102
52.5,45.08146094504673,-31.001590327878613,286.7224211161465,200.8189014320676,-0.07807048031024263,-0.0874745141500266,179.04152920242103,240.0377563435129,4.814069264184772,600.4867721351292,66.45347671914482,57.72182929472683,2.5775695359923083,24.507359180746654,15.102410096554221,76.40430581442062,5.480654384392398,23.38449599646466,85.90908290602272,48.87159765537133,1.2906904455390786,23.95804448066858
52.599999999999994,45.0757623657292,-30.981130462053418,287.2685590611296,201.2014136252715,-0.06449748416766501,-0.09142581908951869,179.2514756003843,240.4706364176462,4.808041431695426,600.6996365992777,66.21546742949606,57.81923784452942,2.597421549591727,24.61673594486974,14.587260296621956,76.60112778972834,5.503060956494688,23.50272190304863,85.78630486025601,48.918351991060156,1.3070217808258162,24.05453884390351
52.7,45.09394354734479,-30.9793513430799,287.8146970061128,201.58392581847548,-0.1082947298655351,-0.08731839051834664,179.4613415244406,240.90265629306415,4.797888337494759,600.9084192334506,65.97602515868925,57.9171489730144,2.6215852676625704,24.726821970622503,14.068603115408763,76.79628138600226,5.525431720556387,23.621748246148435,85.66204172903305,48.965722329017744,1.3277159092899187,24.152809787811854
52.8,45.09557171286193,-30.95889147646462,288.3608349510959,201.9664380116794,-0.06908928547601362,-0.08627000913139286,179.6711184194357,241.33379373419368,4.791391741378123,601.1131997182158,65.73452238698275,58.015836459997985,2.6418230297930956,24.837741920169087,13.546862379541315,76.99170075621717,5.5478423648736905,23.741508227775814,85.53649574294428,49.01370206602079,1.3444679587039727,24.252186501299274
52.899,45.09557171286193,-30.946993618724264,288.9015115166292,202.3451250829513,-0.03920519309180581,-0.07927553990190339,179.87869838170803,241.75974728295697,4.784954143553853,601.3101813165931,65.49067493979085,58.11572003168824,2.6620756479112173,24.949027269670353,13.033613026864032,77.19619894159413,5.570135124680634,23.86033157024984,85.41079973811863,49.061963688477455,1.3610068682542997,24.35122311754169
53.0,45.09557171286193,-30.935762931389064,289.4531108410622,202.73146239808727,-0.09783635960298351,-0.08181081862983323,180.09047187857172,242.19430595391745,4.778386493248284,601.5111423412002,65.24190128154459,58.21762145331162,2.6827374098297043,25.062560808050424,12.509995000395312,77.40482840344336,5.592878243271556,23.981555384288995,85.28256442006418,49.11120029320597,1.3778798971894812,24.45226047350617
53.099999999999994,45.1018130140185,-30.934873371902306,289.9992487860453,203.1139745912912,-0.08151218899526078,-0.0811865921432954,180.29999436532248,242.62332942527226,4.77065958487872,601.7044353446584,64.9928960692557,58.31984836466123,2.7044816003347356,25.176029794731058,11.995009125724273,77.61737041096973,5.6152222198465385,24.102175394194234,85.15366904137755,49.160706879911594,1.3958150493566972,24.553106069527157
53.202,45.10235573585754,-30.91396872633373,290.55630948992814,203.50413702835922,-0.04738292061382161,-0.08856031579344881,180.51361899340165,243.06027708733126,4.766064943526246,601.8978140014729,64.73675152076339,58.42471461261933,2.7231499072887773,25.292799866733624,11.460821550945578,77.8299023162602,5.638178979622257,24.226970792676582,85.68273744645818,48.98276323044034,1.3615533425056747,24.52010363264831
53.3,45.09611443470097,-30.892174520488314,291.0915246760116,203.8789989776991,-0.1011011718698705,-0.08446558771884721,180.71876216673073,243.47937477221546,4.756622638276968,602.0800901886133,64.48874219658084,58.526228144984884,2.7463501341108367,25.405790066737644,10.945592872886861,78.03494554396676,5.660233908730217,24.347408316233288,85.55689993517366,49.03085805745328,1.3809317066632807,24.612044100863745
53.400000000000006,45.1018130140185,-30.900625334032345,291.6376626209948,204.26151117090305,-0.07092046219276371,-0.08660600726619089,180.92796401840624,243.90618515885114,4.749847243551682,602.2626018443251,64.23394015985461,58.63036504641245,2.7669593382778945,25.52186185433649,10.4157501337797,78.24231286239723,5.682734116801858,24.471325553305103,85.42615087879017,49.08070112140089,1.3977143060107975,24.70959018633998
53.498999999999995,45.108529196778576,-30.891396155542353,292.17833918652804,204.64019824217493,-0.05214180248432017,-0.0788149143596605,181.13491751262106,244.32777782346298,4.743088451231774,602.4382459709525,63.978874385388835,58.735101657967185,2.7874651431988737,25.637904695252367,9.896350720122246,78.45694297860976,5.704891658578207,24.594399442204207,85.29694614666954,49.13037319323126,1.4142384013836191,24.80750432186584
53.599999999999994,45.10289845769659,-30.859705602381958,292.729938510961,205.0265355573109,-0.08983199820629575,-0.08261387874737147,181.3460518855069,244.75788751160238,4.736193117652878,602.6174384637744,63.71865576699443,58.84195416066444,2.8083852068051276,25.75629183598474,9.366458389017115,78.67590905676599,5.7274968274611515,24.719959672293204,85.16513121794041,49.18104874126023,1.4310963168649844,24.907396520735666
53.7,45.10235573585754,-30.846806990614045,293.2760764559442,205.40904775051487,-0.09080382341712032,-0.08083329824176518,181.55487683081526,245.18249788979458,4.727457929634865,602.7899124750396,63.458873451245154,58.94898537309447,2.831030953451515,25.87456370453739,8.844345332656795,78.89820792186497,5.749727917016094,24.845187326186068,85.0331685461226,49.23180930354526,1.449678430382621,25.007886290994403
53.8,45.09611443470097,-30.835687497029557,293.8222144009273,205.7915599437188,-0.049220293972432855,-0.08929071073172157,181.76357393079354,245.60641992320456,4.722712551411482,602.9592040252107,63.19608119606544,59.05667248998828,2.8495356737500765,25.99395169659581,8.310855040035932,79.11458822074935,5.77221135571963,24.97214518332969,84.89746805148604,49.283749811203975,1.4642277200466531,25.110793974940137
53.900000000000006,45.1018130140185,-30.834797937542795,294.36835234591047,206.17407213692275,-0.08863010614663946,-0.08541692097224861,181.9721380572482,246.0296656579651,4.714148048131534,603.1254013458741,62.93146917533669,59.16497194501303,2.871960521707485,26.11414197813467,7.774026259395707,79.33012562283808,5.794692320389046,25.099935465041728,84.75994708968058,49.33634983120524,1.482732824623477,25.214817473270294
54.0,45.10235573585754,-30.824568005025245,294.9144902908936,206.55658433012667,-0.07592607089474014,-0.09258214970212525,182.18053739369074,246.45210528911176,4.706795241283449,603.2885863205721,62.66772595554278,59.27203456149396,2.892785260438556,26.23449235822084,7.2305508284655104,79.53288732661913,5.816814822050142,25.228567611945817,84.620823950884,49.38957883806066,1.4999574122246757,25.319878642092128
54.099999999999994,45.09611443470097,-30.823678445538484,295.4606282358767,206.9390965233306,-0.043084886232162514,-0.08470305344263246,182.3888127204453,246.87396293518603,4.702613587932997,603.4488618162761,62.40113659577253,59.380289641022934,2.910422066682557,26.355971787129715,6.684035310027825,79.73870729845282,5.8391090652454665,25.358060202971217,84.48037326560613,49.44337622630822,1.5138973571187386,25.4254804186197
54.2,45.10805431517506,-30.813448512230845,296.00676618085987,207.32160871653457,-0.08918692002232931,-0.07841398515237046,182.59694329664129,247.29517526123632,4.693940576954062,603.6063147604428,62.13062946864973,59.49093366260083,2.9329196619519826,26.478641253233718,6.140786273962176,79.9565749286082,5.86159716543293,25.487794471420077,84.33813828027385,49.4977919352328,1.5324610146587538,25.53167908860414
54.3,45.10289845769659,-30.792099086128804,296.552904125843,207.70412090973846,-0.06390293334649848,-0.07812845578858961,182.8049015207735,247.7156417986164,4.687715377863483,603.7610248661002,61.85941829277431,59.60269216435198,2.9528695857258036,26.601776466591463,5.605526221175912,80.18293623288768,5.883814973773909,25.617447201616514,85.07653671619158,49.23912623410853,1.4843677984416301,25.477443029874937
54.400000000000006,45.09611443470097,-30.800549900462926,297.09904207082616,208.08663310294244,-0.06549660990473921,-0.08055479123167285,183.01270880004714,248.1354791962437,4.6813239195886345,603.9130801124567,61.58754355219394,59.71516671583993,2.972924179477182,26.725558227006548,5.073119217428127,80.4136232870899,5.905885350697272,25.747824609209484,84.94472234364407,49.29052252593307,1.4999827979801477,25.567281729011246
54.498999999999995,45.08939825195596,-30.791320721182846,297.6397186363594,208.4653201742143,-0.0858578126942235,-0.08133056206800582,183.21815696823063,248.55000161684765,4.673448898157375,604.0598367843971,61.314842858798265,59.82790971317601,2.9943829508054076,26.849596304992225,4.539825984302843,80.64329704671533,5.9279248555553785,25.87880554880443,84.81015292215461,49.34253766609008,1.5170719614005095,25.662655584698935
54.599999999999994,45.082546388724815,-30.790319967155284,298.19131796079233,208.8516574893503,-0.07684394604113441,-0.08755956259887479,183.42775560445827,248.97289822776688,4.665414785384069,604.2095582375889,61.03663306048547,59.94293034682193,3.0162752326655187,26.9761402027352,3.9957591505083094,80.8776106802726,5.950409602935874,26.012432567987165,84.67286492649365,49.39560361715935,1.5345063604455267,25.759956184945985
54.7,45.08200366688576,-30.790319967155284,298.73745590577556,209.23416968255424,-0.049787703345068414,-0.09300751548520116,183.63501504970935,249.39060236765576,4.660531299097663,604.3541694150481,60.75818555755556,60.05617851767855,3.0346486531046213,27.10242894011286,3.440691759004517,81.09303064230734,5.972685562201099,26.146355209570416,84.52770013782974,49.45064534612143,1.5489519504593112,25.86468990143012
54.79900000000001,45.08200366688576,-30.780201229178534,299.2781324713089,209.61285675382615,-0.06823121474546888,-0.08438174036334732,183.83994085699106,249.80319778869168,4.652924744901705,604.4939881073502,60.479458030818755,60.169432281806635,3.0556659062768388,27.228861857662988,2.8872493488190005,81.30741762499538,5.994790332722004,26.280112108336013,84.38216950369561,49.50591553798834,1.566043548751523,25.970717749010923
54.899,45.08200366688576,-30.748844259640546,299.824270416292,209.99536894703007,-0.08793492636573946,-0.08631698688152019,184.04693662192204,250.2199608402431,4.645241356824981,604.6352191096756,60.19791507451898,60.28383002335015,3.076895454935642,27.35657187539038,2.328216611257926,81.52397013276105,6.0171183837532185,26.415220086887107,84.2351688631561,49.56174401462158,1.583307789450725,26.07781658495112
55.0,45.08824496804234,-30.756071929285326,300.3758697407249,210.38170626216606,-0.05177638935578312,-0.0762251192945674,184.25569540658327,250.6398364981083,4.64008753189596,604.7746265848037,59.90989194957588,60.40234687000438,3.0958524945198267,27.487073662793065,1.769098876457157,81.75747196594098,6.039735809683123,26.552280726524085,84.08644595362827,49.61843051069366,1.5979682833278284,26.186491614666846
55.099999999999994,45.08878768988138,-30.756961488772088,300.922007685708,210.76421845536996,-0.05295372476069795,-0.08171448106380245,184.46223435523166,251.05505144211926,4.634862562352051,604.9106344076216,59.62356457030009,60.52059724134921,3.114725027223736,27.617034487847842,1.21666758903741,81.99263840712514,6.062065880363908,26.68852415030104,83.93829528216718,49.674853259112155,1.6125616425385685,26.29481009791286
55.20099999999999,45.09509683125842,-30.736279233075205,301.473607010141,211.15055577050595,-0.09022090467995703,-0.08026730308929336,184.67062120944186,251.4737242172282,4.625859020136779,605.0460495509951,59.3338266297453,60.6409810347515,3.137493381224954,27.748940996156886,0.6622069371794805,82.23566861433443,6.084476351225621,26.826666226987413,83.78806916521728,49.731992777878865,1.6309840493457213,26.404645075096752
55.29900000000001,45.08939825195596,-30.734722503973376,302.00882219622457,211.52541771984585,-0.05914731659218346,-0.0903375770502244,184.87250970892916,251.87900698352354,4.6205210541266215,605.1747999560598,59.04770603278796,60.75811693522963,3.156182543517042,27.87841449949482,0.10803952876674539,82.46117685550759,6.106520445641731,26.962441757307083,84.72443576778693,49.3937746350555,1.5681402047115747,26.185957735619336
55.400000000000006,45.095028991022886,-30.724492570665735,302.5604215206575,211.91175503498184,-0.05103580409055756,-0.08597702735458243,185.08057846860478,252.29669636511358,4.615019680993706,605.3074917000552,58.752826642046244,60.87883862857952,3.1754438230221504,28.011851477424713,-0.46309218806670593,82.69358841018601,6.129239359274658,27.10237368141203,85.68946665410856,49.04520287561514,1.5033725689151676,25.960575885749787
55.5,45.1018130140185,-30.713373078661423,303.1065594656406,212.29426722818573,-0.09546741598048294,-0.09124349707714849,185.28626481079317,252.70929861675876,4.605553580102924,605.4363797695976,58.461083170583414,60.99634951898902,3.1981979787965606,28.14430677101047,-1.0356811189856987,82.90840796495394,6.151272434663476,27.24158084116536,85.53424986281763,49.1011467771418,1.5222847239668915,26.007203169469545
55.599000000000004,45.10235573585754,-30.712483519174665,303.6472360311739,212.67295429945764,-0.08237262643501092,-0.08094577993637896,185.4895071321563,253.11667517193942,4.599859068948611,605.5617475425263,58.166441228288974,61.116203583132815,3.2173096863133206,28.277556076627185,-1.6044139549274397,83.13340629616634,6.173485810392978,27.380767261151494,85.38850002566456,49.15551191594234,1.536932344561261,26.07689173457222
55.7,45.09611443470097,-30.702253585867023,304.1988353556069,213.05929161459363,-0.03397084975434447,-0.0833628016415202,185.6968553590015,253.53228155651766,4.594049517164918,605.6896479977363,57.86584692352395,61.23847894150173,3.236807488931428,28.41349728740787,-2.184636343110401,83.3629500482113,6.196147941187721,27.522765528006026,85.23980574735688,49.210975340375214,1.551875876682789,26.147988149474948
55.79900000000001,45.09557171286193,-30.681126549636677,304.7395119211402,213.43797868586555,-0.08348637828306855,-0.07833336785454686,185.89964927837912,253.93844802158597,4.585539839734028,605.8123699080786,57.568181723146935,61.36141891626963,3.2588065797789856,28.5483320283478,-2.747655930085993,83.60180353917346,6.218276139349995,27.662713228743527,85.09966670455607,49.264545866214455,1.5690082830231418,26.232697687946885
55.899,45.09557171286193,-30.679125040791465,305.2856498661233,213.82049087906947,-0.0892856510863021,-0.08324623830422836,186.10449162118476,254.3487171782206,4.576944205965453,605.9363314336769,57.26750980357423,61.48560070896446,3.2810278836654057,28.684528736367916,-3.3163625835966384,83.84306969166046,6.240627854665421,27.80407454261978,84.9581121158684,49.31865750847631,1.5863137439729913,26.31826287832257
56.0,45.08308911056386,-30.679125040791465,305.8372491905563,214.20682819420543,-0.04189101598266728,-0.0840523469180721,186.31099002413524,254.7620651261832,4.572729863630985,606.0597426898916,56.96060219625556,61.61229688106936,3.298994247835711,28.823467031442632,-3.8954102651081532,84.0879616480982,6.263287863215532,27.948331243034975,84.81180440864907,49.374320547884125,1.5993319703729039,26.414172781880744
56.099999999999994,45.09448626918383,-30.668895107483827,306.3833871355394,214.58934038740935,-0.06817995761956208,-0.0921312274105196,186.51523934624245,255.17080733462885,4.565934159674583,606.1808785524831,56.65570262862362,61.73555427116479,3.3192009540106993,28.96137579902433,-4.479954507575919,84.31431653620305,6.285576373108665,28.091957591243336,84.65970918133188,49.43133504831541,1.6150953393027971,26.51684047915628
56.2,45.089330411720425,-30.657775614689427,306.9295250805226,214.97185258061333,-0.08911420191634407,-0.09182586680157488,186.71919139675086,255.57882142480386,4.557045709793877,606.3010710417091,56.35357193858773,61.85538092105491,3.3410181460238064,29.098998893378106,-5.067566126513814,84.52425155544411,6.307226205957174,28.235861639391377,84.50452969922905,49.48915417916556,1.6329738322079803,26.624212561285923
56.29900000000001,45.07644076802424,-30.656886055202666,307.4702016460559,215.35053965188524,-0.060892240954426344,-0.09286902469701303,186.92071651328123,255.98183430545453,4.551911524511758,606.4188744116135,56.05438968510772,61.972318914868936,3.3586610991409325,29.23632142625301,-5.6554682462335695,84.72284890589125,6.328449316910879,28.37974543726184,85.52303416693843,49.1104401693755,1.564305683065661,26.403851721921505
56.400000000000006,45.07521964389015,-30.646656122685116,308.02180097048887,215.7368769670212,-0.04318592034877,-0.08301538821118457,187.12631284428699,256.39298886046174,4.54667361831485,606.5390576475766,55.74916334569885,62.091619292396366,3.376660475553353,29.376418151711242,-6.255247176452686,84.92545832402419,6.35010117758082,28.52653597852362,86.56211448248027,48.72407537150889,1.4942502985871366,26.179039148428522
56.5,45.07521964389015,-30.645766563198354,308.567938915472,216.11938916022513,-0.07032233360727402,-0.08351632374168264,187.32954240403356,256.799314951952,4.539648666906927,606.6570650174531,55.43625083665221,62.21549476205168,3.3970112093393525,29.518035330952145,-6.85961090571496,85.1426671430431,6.372614798069618,28.673367423578192,86.4000204315246,48.78101143187301,1.5102575071594402,26.219470753096843
56.599000000000004,45.07521964389015,-30.645766563198354,309.1086154810053,216.49807623149704,-0.08456069422934188,-0.08015603227733953,187.53027777530724,257.20055737394154,4.532500717334582,606.773172596193,55.123025919664954,62.34302408745022,3.4175753264171687,29.658643311194986,-7.44542342634541,85.37801840451026,6.394725115910336,28.81723707375582,86.25665901278877,48.834386467433056,1.5256928860918346,26.283129309740424
56.699,45.06904618296912,-30.655885301175108,309.6547534259884,216.88058842470096,-0.060050498272832965,-0.07573422883647475,187.73304077659375,257.60585274968855,4.525280566251405,606.8904529787586,54.80663711462734,62.47184158785277,3.4383471618493044,29.80067157406653,-8.03715324516399,85.61574695144675,6.417058770294896,28.962559952723108,86.11184949891421,48.888300644766424,1.5412841779427364,26.34743088210767
56.8,45.07467692205111,-30.646656122685116,310.2063527504214,217.26692573983692,-0.04693766746234121,-0.08063664871277865,187.93745062638413,258.0143813733494,4.5205409318829926,607.0083627309598,54.48896132084599,62.604061037866515,3.4565794845052453,29.94437951159722,-8.618887420243517,85.86870465155725,6.438934727399327,29.109404041632043,85.97389685625704,48.941131184411525,1.5541055245359678,26.425387313178085
56.900000000000006,45.06273704159208,-30.645766563198354,310.75249069540456,217.6494379330409,-0.07443797062919966,-0.08344536643826249,188.13957314936386,258.41831585350764,4.513097843257358,607.1248798118617,54.17172181948558,62.736099833336056,3.477446222521232,30.088231065736707,-9.199903313853776,86.12106604749172,6.4608098907912055,29.25690075084852,85.83507516548977,48.994054685412,1.5695727509333306,26.51020088488306
57.0,45.074134200212065,-30.625306696583074,311.2986286403877,218.03195012624482,-0.08730438229810564,-0.08467266620992263,188.34134046103452,258.821523813824,4.504367546241221,607.2412805183521,53.85080245192222,62.86914545896047,3.499696256528854,30.233615092393876,-9.78867740753061,86.37318576111522,6.482979293145686,29.406354265630135,85.69264163658664,49.04800151101838,1.5864034480980966,26.60185079914855
57.101,45.06891050249806,-30.613186448971028,311.8502279648206,218.41828744138078,-0.036953809617537685,-0.08906599614526921,188.5448450065079,259.22820042231194,4.500635253515232,607.358829008942,53.5227020534202,63.002800925820516,3.5171221941238544,30.381775417279496,-10.39680923188377,86.61866794932945,6.505658621211869,29.55909484765274,85.5425232831351,49.104232009134186,1.5985142876367304,26.701918806907297
57.2,45.06219431975304,-30.622638018122803,312.39090453035396,218.7969745126527,-0.06405852990370112,-0.09203818863393778,188.74409257527927,259.6263801190068,4.494293959284684,607.4741390076721,53.20229552883162,63.129885609477334,3.536512386878659,30.5270026010907,-11.000361501956823,86.84153589758218,6.5275000913345265,29.70923903983155,85.39077466547036,49.16057323658121,1.6131730712927526,26.805752892072267
57.3,45.067892899055494,-30.613297644301916,312.937042475337,219.17948670585662,-0.07082929277905753,-0.08613071265671206,188.94504217379824,260.02798677294896,4.487212662845605,607.5908194202823,52.876233940121395,63.25885592263955,3.556803650074071,30.674771982332462,-11.613932710918167,87.06651861134455,6.549641072350045,29.861824860750843,85.23673131086069,49.21787319611635,1.6286310310828978,26.91296769429467
57.400000000000006,45.06843562089455,-30.61240808481516,313.48318042032025,219.5619988990606,-0.03540651805414616,-0.08134036009915287,189.14574248479596,260.42912438168474,4.483673599503314,607.7078080547772,52.54559971309952,63.39153893578087,3.5738477464951526,30.82393168230569,-12.228107536154248,87.30334117636474,6.572114649418507,30.015010111503663,86.13553714742943,48.87627002876895,1.5671433575734142,26.76930232698932
57.5,45.06843562089455,-30.591948218199878,314.0293183653033,219.94451109226452,-0.0319997236833687,-0.07859404565430776,189.34628189832202,260.8299658474555,4.480475940645499,607.8251985414755,52.214376824358496,63.52738409542593,3.5906162723794757,30.973504659546883,-12.833467794388083,87.5537993008864,6.594429353472507,30.16783810191602,85.9911844756147,48.93054443940378,1.578307999096238,26.85685269453956
57.599999999999994,45.06843562089455,-30.59016909922636,314.5754563102864,220.3270232854684,-0.0792455547799949,-0.0783324623768976,189.54655121401953,261.2303210706215,4.472559740925046,607.9431066952012,51.88575788802232,63.66490558109705,3.611919423673281,31.12305452849462,-13.426295425469826,87.81445684892631,6.616237544202544,30.320432705612976,85.85088200434146,48.98379110242644,1.5939730999961785,26.947207026709098
57.699,45.06843562089455,-30.56993162248277,315.11613287581974,220.70571035674033,-0.06836009469017616,-0.08164648814900324,189.74431711645295,261.6257893712343,4.466863097838275,608.0608222769323,51.55647257862745,63.802712111030196,3.6309526994348023,31.273032470745328,-14.020167875831149,88.07504623891339,6.638100218753353,30.47393665885414,85.7086840834628,49.03744284952184,1.6073709259744036,27.04321456501548
57.8,45.06219431975304,-30.57816004773529,315.6677322002527,221.09204767187632,-0.047128453178118646,-0.0860870834560377,189.94607828964257,262.02924693044525,4.461051371052783,608.1809159512237,51.22053504075998,63.94330261126501,3.6503704858177675,31.426040270415232,-14.626037749432067,88.3409000610214,6.660404563497106,30.630541702059766,85.56361347731387,49.09217847029593,1.6210394151037033,27.14116164955027
57.900000000000006,45.06165159791399,-30.558589740606767,316.2138701452359,221.4745598650803,-0.062054157373944596,-0.0929163279730715,190.14542205337912,262.42798970847144,4.454861649584725,608.3010236231974,50.883111909123826,64.07871887061046,3.6699392023166095,31.57860644965116,-15.246929754910436,88.581629720975,6.682658369177398,30.787317927018233,85.41016710632611,49.149253865834595,1.6353432525837308,27.247295293795066
58.0,45.067892899055494,-30.546580688325612,316.760008090219,221.8570720582842,-0.06839678621428295,-0.08789208719142817,190.34443076746922,262.8261728694282,4.448044068524399,608.4220890504434,50.54537756035407,64.21248457230968,3.6899597216072015,31.731651308835545,-15.871224367775996,88.81468111012474,6.7046812792261985,30.94465836909226,85.25474277091088,49.206987145031164,1.6502956518789869,27.356138494383284
58.099999999999994,45.06219431975304,-30.54569112883885,317.3061460352021,222.2395842514881,-0.08300256182123299,-0.08771676974929635,190.54304473690897,263.22371011050444,4.439776909402053,608.5442362775744,50.20672891344332,64.34515181606749,3.711311162553213,31.88545198175679,-16.49917626865918,89.04204806684533,6.726565632498577,31.10280511267355,85.09803475216948,49.26519925493233,1.6666895809778952,27.46670840781805
58.2,45.067892899055494,-30.52523126222357,317.8522839801853,222.6220964446921,-0.03590872595135299,-0.08270012798476302,190.74134505466233,263.62074226190276,4.436203300245454,608.6675653857346,49.86270681530422,64.48162100188604,3.728278903059367,32.04102463816431,-17.13078586135444,89.2797833764391,6.748892578009856,31.262106784229754,84.94065239404698,49.32380788532711,1.6783681052192554,27.577939645093583
58.3,45.06219431975304,-30.523452143250054,318.3984219251684,223.004608637896,-0.07703234613897118,-0.08236233725407009,190.93934228388503,264.0172979410424,4.428543700491216,608.7921848759602,49.51563117879856,64.6208990813535,3.7495159785676515,32.197622257549654,-17.762346989841213,89.52582330374503,6.77136623009689,31.42187614181216,84.78249124005765,49.382782811528635,1.6941457302491285,27.689756480052566
58.400000000000006,45.06165159791399,-30.523452143250054,318.9445598701516,223.38712083109996,-0.07462315638627785,-0.07463547284664859,191.1369280482624,264.41321669437286,4.421130431431526,608.9182212739836,49.172473111466644,64.7645178645816,3.770342150909542,32.353558391917424,-18.37195616614397,89.79240408765553,6.793157164913441,31.58010820423807,85.67200973110471,49.03998878230445,1.6377187079040008,27.53251199126913
58.498999999999995,45.06782505881996,-30.523452143250054,319.48523643568484,223.76580790237185,-0.04756031944828019,-0.07893975889813161,191.33203574578783,264.8044161720868,4.4150699525230985,609.0452906754078,48.83574049710441,64.90891693123571,3.789420449255811,32.50880858781859,-18.9647351879687,90.06764338316374,6.814289023532261,31.73811200828977,85.53238565165168,49.09284914680293,1.6510045982328014,27.625059421157413
58.599999999999994,45.06843562089455,-30.5132222107325,320.0368357601178,224.1521452175078,-0.07560155200679873,-0.08014275003387775,191.5310850129603,265.2035186695525,4.408887039697329,609.1749271354468,48.49220520366412,65.05623315075152,3.8088841677706937,32.667195151313734,-19.569489543567723,90.34844306848024,6.835847788385807,31.89930780838294,85.38994088372485,49.146777397452915,1.6645588903864277,27.719476496093954
58.699,45.06843562089455,-30.502213911688813,320.5775123256511,224.53083228877972,-0.06190773657000836,-0.08779730114150701,191.72543029131103,265.5935993896165,4.4016357305427745,609.3054310790261,48.14326522711049,65.20000076806315,3.8295483089524534,32.82518987460825,-20.193292735440856,90.60950958937066,6.857968784597174,32.060609279085156,85.23787779027332,49.20342242335219,1.6794700527031092,27.82318158859269
58.8,45.06219431975304,-30.501213157661255,321.1291116500841,224.9171696039157,-0.08589341365918989,-0.09309531505313898,191.92370173690117,265.99156052826754,4.39423793029419,609.4385714659102,47.78727595810124,65.34667278168408,3.8506299075318235,32.98637641049456,-20.829698011998264,90.87585018139018,6.880536669620891,32.22516936535711,85.08274271513591,49.261211793209014,1.6946824506221472,27.92898173346513
58.900000000000006,45.06165159791399,-30.501213157661255,321.67524959506727,225.29968179711966,-0.05365471834005637,-0.0907811443824867,192.11939641324426,266.38470686380094,4.388938971760228,609.5732912035298,47.437065270964354,65.48323507078403,3.868816334594221,33.144909275541174,-21.46784997184383,91.1076788034044,6.902015221911355,32.387523814948864,84.92149901039578,49.320817459988994,1.7079196686502873,28.04067396065094
59.0,45.074134200212065,-30.480753291836063,322.2213875400504,225.68219399032358,-0.0753150960426775,-0.08854428717315074,192.31471402452482,266.77733008743553,4.381512091671097,609.7100920324017,47.087017707749325,65.61745447729176,3.8889536937351674,33.30436290026565,-22.1087798907213,91.33097339937225,6.923223574473726,32.55096641479767,84.75936821587149,49.38074863027278,1.7232836563899319,28.153995860486486
59.099999999999994,45.07521964389015,-30.478974172862543,322.7675254850335,226.0647061835275,-0.04560953612953471,-0.08248965297940383,192.50967441811358,267.1694654999289,4.377021447937844,609.8490872402313,46.72816470949755,65.7577236566994,3.906704293688165,33.46683246408763,-22.758083766326674,91.56928420011101,6.945290312971533,32.716716436952126,84.59648361478244,49.44111648413286,1.7356863177848496,28.267896950224515
59.2,45.06897834273359,-30.478974172862543,323.3136634300167,226.44721837673148,-0.0690057822778573,-0.08148547542663569,192.70429168562032,267.56114191651767,4.370237698645343,609.9903871707578,46.36451612906261,65.90269788851694,3.9271061317187277,33.63077302898131,-23.408561550586427,91.82060815316471,6.9677225320285245,32.88320362946228,84.43287105745588,49.501845037523104,1.7504212420676906,28.382254835899353
59.29900000000001,45.074609081815574,-30.4688554340957,323.85433999555,226.8259054480034,-0.05888052378946319,-0.07643182219490274,192.8964071192942,267.94817333256697,4.364685635244936,610.1339252423111,46.00396793435667,66.05072951436152,3.946141527426397,33.793763560982995,-24.043798209907692,92.08465266068234,6.989732643543441,33.048091306244594,85.4249501523336,49.11540927737074,1.6858196211440712,28.123035591187616
59.400000000000006,45.07521964389015,-30.467854680068143,324.40593931998296,227.21224276313936,-0.055527268933607266,-0.08814590706144261,193.09240367284028,268.3430235651021,4.359021408947552,610.2803630728856,45.6361359377375,66.20175167810196,3.9655614765827054,33.96004683100492,-24.691867933053597,92.35403140067504,7.01218740377583,33.21631004720432,86.43707124912798,48.721166734185005,1.6199129169694726,27.858579594057474
59.498999999999995,45.08139310481119,-30.467854680068143,324.9466158855162,227.5909298344112,-0.07615002457081332,-0.08682574269279804,193.2837212020818,268.7290413417033,4.352075396911522,610.4291579968121,45.27343140123454,66.3431413430786,3.9856745300165684,34.12430880859038,-25.34247752546474,92.59340178513267,7.033951194294108,33.383051268395256,86.27885678573175,48.77894234718822,1.6344016175455514,27.938880471397315
59.599999999999994,45.08824496804234,-30.4576247467605,325.4982152099492,227.9772671495472,-0.06755462300958975,-0.09372853093725099,193.47890373191407,269.12285745722573,4.344989061400016,610.5809588787979,44.90339950035774,66.48738736492348,4.006193907762229,34.291889209965454,-26.006230746005468,92.83760793493289,7.05615465734811,33.55316099910522,86.1174460705497,48.83788514429252,1.6491830191433703,28.020803588683425
59.7,45.082546388724815,-30.446505254756193,326.04435315493237,228.35977934275115,-0.07980999086201788,-0.08671412531957784,193.6714638053568,269.51192329646335,4.337215784010263,610.7355554447959,44.53502351524873,66.626384340449,4.027097215829863,34.45898942932914,-26.67296991237046,93.06513035372883,7.077995119385632,33.72277508776639,85.95367074837684,48.89750677303777,1.664616888932789,28.120741001888575
59.8,45.08200366688576,-30.435385761961793,326.5904910999155,228.74229153595508,-0.029215658926945796,-0.08268772310389158,193.86367645095703,269.9005690699293,4.334376234685726,610.8931472761361,44.15889796469427,66.77132908829324,4.043451213103386,34.62776191212042,-27.3456096325199,93.3070234614623,7.100507451572231,33.89306847193005,85.79249810878244,48.95666945369566,1.674931082835223,28.22463746416498
59.900000000000006,45.08824496804234,-30.43449620247503,327.13662904489865,229.12480372915905,-0.06965035561898955,-0.0811186107793247,194.05556981774004,270.28883745692076,4.327620907643715,611.0538419589827,43.77952176343439,66.92128629279824,4.064081446293237,34.796894081615875,-28.015224810891723,93.5629835295675,7.123170250164641,34.062802970838824,85.6334135055864,49.0154534064377,1.689237910700796,28.330565665977268
60.0,45.095028991022886,-30.43449620247503,327.68276698988177,229.50731592236298,-0.06936522327809834,-0.07912858221852166,194.24701060742666,270.6765783011529,4.3209077660113895,611.2177827446019,43.402525726196146,67.07524079611241,4.084564701714603,34.96533210202834,-28.670642366988584,93.83305377410953,7.145358129853935,34.23122381468302,85.47652001860043,49.07370585358589,1.7034203805884343,28.437127108841597
