elapsed_s,reference_east_m,reference_north_m,constant_speed_east_m,constant_speed_north_m,phone_forward_accel_mps2,phone_yaw_rate_radps,imu_no_nhc_east_m,imu_no_nhc_north_m,imu_no_nhc_speed_mps,imu_no_nhc_sigma_m,imu_nhc_east_m,imu_nhc_north_m,imu_nhc_speed_mps,imu_nhc_sigma_m,gyro_only_constant_speed_east_m,gyro_only_constant_speed_north_m,gyro_only_constant_speed_speed_mps,gyro_only_constant_speed_sigma_m,imu_nhc_portable_speed_east_m,imu_nhc_portable_speed_north_m,imu_nhc_portable_speed_speed_mps,imu_nhc_portable_speed_sigma_m
0.10000000000000142,0.0,0.0,-0.36540878865070286,0.9739366295891063,-0.0537129734206353,0.09765522508012758,0.0,0.0,10.402288888886577,1.4142135623730951,0.0,0.0,10.402288888886577,1.4142135623730951,0.0,0.0,10.402288888886577,1.4142135623730951,0.0,0.0,10.429186065091422,1.4142135623730951
0.20000000000000284,-0.3530491955711135,0.9893012616476515,-0.7308175773014057,1.9478732591782126,0.33326516772238796,0.14335836467721041,-0.36599692302511794,0.9754957039969341,10.435614978272959,1.41599013339335,-0.3656811457098351,0.9743780591527,10.423850572579344,1.4159842957733033,-0.36510440555294066,0.9728174789142928,10.390550240832518,1.4159814889470277,-0.36643672761402823,0.9769726907262456,10.450797308732858,1.4159804977143737
0.29999999999999716,-0.7328280957850462,1.9456888254455722,-1.0962263659520826,2.9218098887672497,-0.0032743592394008925,0.0030058638243161302,-0.7325815935517006,1.9525331203338117,10.435287576296798,1.421418222151124,-0.7323033402074753,1.950223531621882,10.423677473681852,1.4213987940920214,-0.7305798223905359,1.9455515169898079,10.390692995344976,1.42138204839405,-0.7337192278666248,1.9554724365543128,10.45074009168091,1.4213838268364671
0.3999999999999986,-1.0993778274687993,2.9131958836180667,-1.4616351546027855,3.895746518356356,-0.02342467932242337,0.09306229143650545,-1.099117422092654,2.9294462975465825,10.432945451348209,1.4308611812914849,-1.0989188534467789,2.925829188100298,10.420932626465131,1.4308190701084538,-1.0960938183674034,2.91817255284123,10.390290780377478,1.4307781559825727,-1.101041191342242,2.9337045446458867,10.448001839425059,1.430785799515096
0.5,-1.485873074806308,3.891600042343009,-1.8270439432534884,4.869683147945462,0.02395349495722099,0.11345548180960291,-1.4656550285460326,3.906361611043058,10.435339933048398,1.4452537648107775,-1.4799416440145698,3.8910322832443165,10.407714615105567,1.444966884588652,-1.4759981924210117,3.8803950372263505,10.37468381330153,1.4448912846976532,-1.4827203649942224,3.9016101758584427,10.434914413887595,1.4449111560362988
0.5989999999999966,-1.8485558187864806,4.8493219469512425,-2.188798644017667,5.833880411238631,-0.07296675618965787,0.14863005185829065,-1.828222059600423,4.872795711383603,10.424638534323138,1.4684461013579124,-1.8606937600408235,4.8323982763378215,10.362219298621202,1.4674216637599107,-1.8559240079061419,4.8195048810806025,10.339848732843208,1.4673050383740311,-1.8642590813654865,4.845628623570559,10.389540646706646,1.4673363405036148
0.6989999999999981,-2.2420387807848337,5.827837301007073,-2.55420743266837,6.807817040827738,-0.14313057325874762,0.12691358516764736,-2.194451383897805,5.8489917723336955,10.413829040661259,1.491872703930777,-2.2452918570370577,5.7832730168363575,10.316264433485477,1.4901032588823953,-2.2396874578911405,5.76810068295363,10.304661782885304,1.4899451936026968,-2.2496517241647616,5.799182611158602,10.343708558645078,1.4899880419857534
0.7989999999999995,-2.621953364759868,6.772994177469793,-2.9196162213190724,7.781753670416844,-0.38214021812185794,0.11474194438520613,-2.559396556268452,6.82229835109944,10.375697796734656,1.5258159051228086,-2.6270572598075437,6.738996396274465,10.270283776329496,1.522897906727466,-2.621823113131549,6.724482764049719,10.296882895282515,1.522726570023904,-2.632155487793127,6.757567586907653,10.297744011572009,1.5227467101657186
0.8999999999999986,-3.0194389982982233,7.7498416070929075,-3.288679097856274,8.765429666301818,-0.18558275548255782,0.17317132282748368,-2.926793804292255,7.802722744950712,10.357014697828296,1.5687569318535104,-3.020691813504161,7.662685622618525,10.178280711405444,1.5639539603870742,-3.0168772405802153,7.651402433885133,10.223412259955273,1.5638113402075524,-3.0267450469652775,7.683923698261284,10.205824220772147,1.5637632370977919
0.9990000000000023,-3.415703477805893,8.685546915193944,-3.6504337986204782,9.729626929595057,-0.06247321292757396,0.21728840990611503,-3.2861216574986254,8.762100348427504,10.345572064507401,1.625349480191342,-3.404936563320099,8.539301961622053,10.072090106146836,1.617686948233722,-3.403164930337146,8.53305116499851,10.128824083073182,1.617624752488576,-3.4185688489644113,8.578637571474495,10.128141533398827,1.6168934086081055
1.1000000000000014,-3.8064049223250573,9.628813478142346,-4.019496675157679,10.713302925480031,-0.16912267438944012,0.14542388453743585,-3.6527086592546025,9.740859317631053,10.333898266876993,1.6830853123339755,-3.7969438333343204,9.433627721615508,9.963754236135536,1.6725054509863602,-3.7972564118063192,9.43251098158888,10.032325033930851,1.6725253044116382,-3.8183082833271453,9.491426472429344,10.048889498805847,1.6710969169166046
1.198999999999998,-4.202669401832727,10.542502190526273,-4.381251375921858,11.6775001887732,-0.24385926933141067,0.12323217090886798,-4.010083092603015,10.696552216731103,10.303005415738406,1.7610729765446962,-4.185922001952559,10.333264005329978,9.906512481839872,1.7470064799180478,-4.190052462243422,10.340900842747635,10.006277457715928,1.7472030713737778,-4.210412932523157,10.399367326242745,9.995825420675777,1.7451728385967573
1.2989999999999995,-4.60293655280508,11.476539574194595,-4.746660164572561,12.651436818362306,-0.3857640859863374,0.18841641236163242,-4.371067368712539,11.661898579458471,10.271800515598416,1.8398483949393671,-4.578829242981102,11.241987524233528,9.848692528005865,1.8222600444955137,-4.586816149553646,11.258466359069653,9.979966774670551,1.8226351592143264,-4.6064782347413695,11.316479299791679,9.942225341756512,1.8199970019100467
1.3999999999999986,-5.0555098010033195,12.408575449017707,-5.115723041109763,13.63511281424728,-0.02759971793126159,0.17087923865482757,-4.733895151111433,12.63368774508272,10.26905141104432,1.937895623680921,-4.969510283586279,12.060198668837026,9.69550289120992,1.9141209902844138,-4.982551207489641,12.089266691104541,9.829679768071136,1.9148107726910664,-4.997052664769243,12.146865795344585,9.79512805460283,1.9114989416305932
1.4990000000000023,-5.532370445843264,13.311255863938124,-5.477477741873967,14.599310077540519,-0.4454289111357772,0.17997991418166218,-5.087793856430662,13.583311783466424,10.247768287909762,2.053120707344938,-5.370945729625881,12.901975308544,9.61477167571251,2.0233762462180245,-5.390761879849703,12.946635776431622,9.771088352313647,2.0244627869293232,-5.402277609685436,12.999781009612446,9.72034881146559,2.020350986232071
1.5989999999999966,-6.0140478648500775,14.234173755602132,-5.842886530524644,15.573246707129556,0.005942952444919047,0.14221155285218395,-5.44526729614702,14.542527983853914,10.226270183733444,2.1695096807429235,-5.776436079160795,13.752254742591367,9.533224993391899,2.133735090595399,-5.803095892334575,13.812665155549803,9.711905104073765,2.135222397270986,-5.81159573586337,13.861311529074852,9.644814222438079,2.130302546435574
1.698999999999998,-6.516077850884337,15.134852660887256,-6.208295319175346,16.54718333671866,-0.4008342360708055,0.10522597394107759,-5.801119750757953,15.499153159583893,10.187098159158626,2.3054090648675065,-6.191155756791955,14.606539659287858,9.458277373595172,2.2630122381399556,-6.226151419060393,14.685017301123496,9.677113865358788,2.2649618192957965,-6.230314636528819,14.726328672213006,9.574381084561082,2.259100173122878
1.7989999999999995,-7.052028781863913,16.046651058966777,-6.57370410782605,17.52111996630777,-0.40802764439672234,0.05339799955592435,-6.154773694748792,16.452383821809317,10.147312348493578,2.45444348934305,-6.602812803537362,15.454139782835808,9.382800810858942,2.4049392773019735,-6.64794068815658,15.554319267238213,9.642515160893593,2.4074371373135612,-6.646177848243096,15.58506057255,9.503417224817804,2.400521644437969
1.8999999999999986,-7.607111125885442,16.933986573530692,-6.942766984363251,18.504795962192745,-0.6005584377697626,0.23294899017441167,-6.509138099123212,17.410873078641995,10.08834875185667,2.618439946989441,-7.014172657815013,16.299303144932335,9.283610353564747,2.5612278469906014,-7.071782680990983,16.426014261835522,9.604045905042339,2.564395188665503,-7.062016945255202,16.441943700533624,9.408853914355834,2.556284849048808
2.0,-8.163550307653564,17.823545987601587,-7.308175773013954,19.47873259178185,-0.26278774134119043,0.2629835138357567,-6.857543252244187,18.356282510553672,10.062953901267269,2.794093846802185,-7.415357438568886,17.11777731622714,9.207604296220213,2.7282187858970532,-7.487169448228993,17.274470590882345,9.554150363209345,2.7321539998339186,-7.467890972597871,17.2725042151161,9.337495284922612,2.72275766352767
2.1000000000000014,-8.733557867460071,18.712883010220622,-7.673584561664656,20.452669221370954,0.04684546780733834,0.09055585610529653,-7.205327584991359,19.300808535046674,10.067453035891797,2.982734167837809,-7.781559864490799,17.771336435028662,9.007919222196687,2.8985955528248746,-7.866323911124811,17.959545957278873,9.34910904299291,2.9037858832763126,-7.873288691235171,18.012807129684766,9.222271396909276,2.880165971649388
2.198999999999998,-9.311163718957825,19.571530233706824,-8.035339262428835,21.416866484664123,-0.14777259380501684,0.1197080409858995,-7.548999633292664,20.235051585400694,10.056769404737825,3.1879276017369964,-8.190346279196273,18.558352261405876,8.95333171887373,3.0923357554075213,-8.291562583622406,18.78603060500323,9.312256593969282,3.0982293119793534,-8.286739120062876,18.834797345616693,9.185463445747269,3.071570053627118
2.2989999999999995,-9.908172350929355,20.416611676600123,-8.400748051079537,22.39080311425323,-0.07826325952831137,0.13244197285391004,-7.896143116425312,21.178731434243183,10.04597785811765,3.3951936965846703,-8.603261849605863,19.35331774259502,8.898192826628318,3.2880329297334367,-8.721096596246262,19.62086358250262,9.27503189798582,3.294636815719808,-8.704365815848456,19.66509049302272,9.148283697098774,3.264907510170289
2.399000000000001,-10.539101927951648,21.272812611497738,-8.766156839730241,23.364739743842335,-0.14790793467861774,0.10433357277211619,-8.242251033663898,22.12107653574267,10.03192680102973,3.620236203476672,-8.992777165304624,20.168694908920955,8.85149388888501,3.500900902496241,-9.128106862737937,20.48731799985178,9.25616581572411,3.5076288181629387,-9.105329176923124,20.530756963971488,9.131080858640685,3.473926203226874
2.4990000000000023,-11.129326370994368,22.140133039979837,-9.131565628380944,24.338676373431444,0.031516213071081434,0.1698382939419843,-8.587998223223558,23.062964954514154,10.03490850176293,3.8566774624886815,-9.278454885304033,20.913935044183837,8.734436241589236,3.722355481006156,-9.432010123869837,21.309481290172425,9.166281336342667,3.7303571773100535,-9.408646005235648,21.363105806038963,9.069954148147978,3.6933583529158827
2.6000000000000014,-11.725588742204517,22.98276819349446,-9.500628504918145,25.322352369316416,-0.11285387807900404,0.16271746378897206,-8.936933742363431,24.013954434828882,10.02419440126142,4.106740552139189,-9.611747621608785,21.80723136843064,8.722532345014232,3.9583076914522874,-9.797499626021606,22.345556234008782,9.243677344960274,3.963171603045036,-9.76926292307666,22.408957459434205,9.1585256439665,3.9213788921714867
2.698999999999998,-12.323343635042875,23.841415417770747,-9.862383205682324,26.286549632609585,-0.0641552995213619,0.08028440191178003,-9.278090993132714,24.945101663908428,10.015800973801609,4.367900900125037,-10.11483622048917,23.080888481314243,9.029343912550742,4.0588537922856975,-10.31680131385275,23.68590614935602,9.575137435322382,4.029740828491073,-10.278270794017834,23.723760113527362,9.477262982928075,3.9880082648974517
2.799999999999997,-12.947149813552835,24.727750177517017,-10.231446082219525,27.27022562849456,-0.11700868845379858,0.08556933379918825,-9.626140309574112,25.895059948120917,10.00723798215069,4.6343372147368695,-10.628088225407557,24.3802760409228,9.342353693572845,4.16143112747938,-10.846593944872415,25.053333840770907,9.913293689126158,4.097654886774406,-10.797561652250762,25.06512443740021,9.802439460050495,4.055983685557276
2.8999999999999986,-13.591986978016266,25.51701176656663,-10.596854870870228,28.24416225808367,0.11536010544349462,0.07050138099874517,-9.970440718373437,26.83526143805975,10.017958972905214,4.913882512378757,-11.055157936714233,25.298978624443738,9.388769552678434,4.190063214430298,-11.282983590651913,25.960913014147817,9.910527393264994,4.148031632226108,-11.22812644602643,25.963348633128824,9.81929443569951,4.115324335860225
2.9990000000000023,-14.263621689048259,26.27658431051097,-10.958609571634431,29.208359521376906,-0.16706083080487105,0.13889009263970806,-10.310961498670453,27.76569344808187,10.013299296128983,5.205805464936783,-11.44855198620802,26.291063822159394,9.453966661990746,4.39035892570362,-11.686067683558594,26.960476442262518,9.957736028177237,4.357943732001655,-11.626384965434506,26.949584494960938,9.867009703044744,4.324905749461873
3.0989999999999966,-14.921688022087057,27.12166575340427,-11.324018360285109,30.182296150965943,0.0646165758757225,0.13270091494627576,-10.654921882808821,28.705523761235437,10.008592551910569,5.500677134187287,-11.845919712969385,27.29317008247814,9.519822327962773,4.592677825979684,-12.093223332959244,27.97013647066111,10.005421517987578,4.56997615601734,-12.028666298169899,27.9457823351953,9.9152069427874,4.536604147039276
3.200000000000003,-15.558994736769916,28.053924018099075,-11.693081236822335,31.165972146850986,0.07770043013578276,-0.006804169437944211,-11.002649058191265,29.65508916181456,10.015789174970902,5.813754596945658,-12.140931662057671,27.79977772828424,9.279759458025739,4.710335986219899,-12.404040602574701,28.53008650007123,9.763822650574255,4.7145361709858316,-12.423895908108848,28.645065882265527,9.796880534979906,4.649270101035976
3.299999999999997,-16.196844186512248,28.987850206436505,-12.058490025473013,32.13990877644002,0.18966159046283793,0.024328905177675393,-11.347858108387614,30.596223676751986,10.033184623579677,6.13370639410309,-12.2446574001352,28.048946041567135,8.881842011479812,4.8439884014319885,-12.50658516940989,28.821598428650795,9.343604515431212,4.86316205475277,-12.609785671572835,29.020284011314526,9.471222610074841,4.8229082815548825
3.399000000000001,-16.84161350911019,29.901538918820435,-12.420244726237218,33.10410603973326,0.24208895941872693,0.13844494778094665,-11.691823363741344,31.530240323128456,10.052335155863458,6.465038127078717,-12.469539385963886,28.654455951265046,8.740004914513404,5.0551450656939005,-12.723372104813885,29.456376448736282,9.171562908943962,5.07554273999385,-12.927819387437093,29.76947987920349,9.407665120003017,5.063780685449838
3.5,-17.493234862562684,30.844027117612967,-12.789307602774418,34.08778203561823,0.18202287077346035,0.041891211144535215,-12.042737412132508,32.483125992664,10.071872567587317,6.803063430417472,-12.698964442213342,29.27219838439117,8.595302421648691,5.270567521153012,-12.944538574266435,30.103978267207307,8.996045714446876,5.292213944128679,-13.252278026854151,30.533811017150782,9.342823640232774,5.309519198514377
3.6000000000000014,-18.20638881027643,31.688330195560308,-13.154716391425122,35.061718665207344,0.089726042069882,0.028809182564468114,-12.391870354614912,33.42830047378584,10.080035638105375,7.152378851011896,-12.547052916033874,29.42198465972474,8.131179264466578,5.4039863975584375,-12.734310529805336,30.23033494079637,8.477461287571023,5.414407684186301,-13.316752728285048,30.975566000353528,9.053079832439792,5.530809972289501
3.698999999999998,-18.99220142218326,32.44790273950465,-13.5164710921893,36.02591592850051,0.01332450556255671,0.03887343478167096,-12.737846562247922,34.364360130846414,10.07940885187626,7.5126158382326,-11.849312776917907,28.944581511578853,7.281698372277088,5.134184766705647,-11.980324363639687,29.718804965535778,7.583803732899714,5.089982855361293,-12.701462198364815,30.64586787497668,8.264906587413584,5.509530507330987
3.7989999999999995,-19.806304102166347,33.13731128485653,-13.881879880840003,36.999852558089614,-0.027103387957999714,0.027797865930886317,-13.087317479048957,35.309874935958156,10.07877573447311,7.8764915828999955,-11.144524757608815,28.462356109411267,6.4236368650149345,4.86165786685433,-11.218722175593541,29.202108020828085,6.681119334241783,4.7622810080632885,-12.079956612586775,30.312839465505103,7.468771996477982,5.488036098281981
3.899000000000001,-20.6136225931905,33.82671982941833,-14.247288669490706,37.973789187678726,0.10380006011532544,0.020810018706466794,-13.437036644565886,36.255634870387134,10.088180221439622,8.254885808015025,-10.604261340984758,28.106478118393255,5.738898777103657,4.300662221828105,-10.719516519252617,28.91082084696502,6.01104821118579,4.232571742814435,-11.078539218957602,29.46983101030291,6.4322991306738615,4.749089235529145
3.9990000000000023,-21.400588517217333,34.62732330192412,-14.612697458141408,38.94772581726783,-0.160322398964159,0.011497541079787597,-13.786553953234293,37.20119700677245,10.073668082953457,8.642985912546909,-10.316209396584332,27.992276581219333,5.223677632407645,4.0166101314062574,-10.444970526006571,28.825182322345828,5.512956676671052,3.985604943636013,-10.631934408151425,29.21647920857614,5.804553080212875,4.196235888095114
4.099999999999994,-22.181787880598943,35.45839418290097,-14.981760334678585,39.93140181315274,0.12149825591029317,0.049959728551603584,-14.139431812494868,38.15608078584403,10.084762173693935,9.044806611856572,-10.21655446821164,28.099668609593962,4.893060903169135,3.936012422138253,-10.345456457945048,28.946350983254028,5.161404277338892,3.9210754213511803,-10.526142659888912,29.362811633489052,5.475387483020936,4.03592418704796
4.200000000000003,-22.96176608994987,36.28134783553636,-15.347169123329312,40.90533844274191,0.4484007706927372,0.030606144106694343,-14.490861684541219,39.103502441847155,10.125244588346478,9.45229561958375,-10.14088762796251,28.184427502728084,4.6068268123918985,3.923049935236664,-10.266927507493795,29.0360690824221,4.818931477391557,3.9160480232724635,-10.503331774957088,29.801178851673956,5.3460171217438655,3.98154932772328
4.299000000000007,-23.713996966253877,37.106970165841936,-15.708923824093517,41.86953570603515,0.23783077583770773,0.03893618413237192,-14.842104668658278,40.044668733808656,10.147683189496536,9.869897375957786,-10.080471062278837,28.216203809949835,4.302446136689969,3.95017868692838,-10.202673835459093,29.06487821431956,4.477475099386026,3.9470703183253506,-10.444739713377658,29.844643771772038,5.028796437277908,3.990039334059662
4.399000000000001,-24.433121000299696,37.99652957912275,-16.074332612744193,42.843472335624185,0.26485423150819937,0.017181127171661745,-15.196895561705778,40.995341755991895,10.170348443183464,10.291717331891114,-10.019444228254931,28.248301089971804,3.994990908708251,3.97758146641496,-10.137771136434147,29.093978347549317,4.13256966705724,3.9784059698939207,-10.38555581279238,29.888547731467067,4.70837150347394,3.998615098035805
4.498999999999995,-25.23365530231972,38.830491528431565,-16.439741401394873,43.817408965213225,0.19599310254943986,0.0371928286801723,-15.554247804122319,41.94847096578629,10.187998189002396,10.727899401455039,-9.963411846415555,28.233596521094796,3.6818894451840594,4.026757550356535,-10.077734879800722,29.071542080417103,3.787784639046998,4.02975092387852,-10.33102413454962,29.908507316621314,4.3929570027834055,4.046291133206515
4.599999999999994,-26.02828735993342,39.63976820514316,-16.808804277932072,44.8010849610982,0.1846986576689254,0.0019876181347470694,-15.916572937767555,42.912463267817756,10.204780602944142,11.178209987356913,-9.885983674552255,28.086862753621208,3.317838562058486,4.065285853578483,-9.996966164673244,28.91013513338557,3.3913093320220393,4.069826967045989,-10.248999568446658,29.785207741652343,4.020771102227589,4.087111779070893
4.700000000000003,-26.795036400724037,40.50697743829438,-17.1742130665828,45.77502159068737,0.3004361116177543,-0.013893983522457846,-16.277076547841787,43.86858755816558,10.231825491495597,11.633725711748616,-9.78529990721324,27.80428718024604,2.9215597985283,4.089685552023697,-9.893738227126946,28.607040565795305,2.950527433171737,4.095023910819407,-10.135923066366837,29.50437754802359,3.6065661644977736,4.115838779536365
4.799000000000007,-27.567416318353583,41.35461636431707,-17.535967767347007,46.73921885398061,-0.12683987527848312,0.019811925936059804,-16.63433211422671,44.815489239707134,10.22516469147624,12.099062484986266,-9.688120454096813,27.501625040954345,2.507247444103453,4.120213435099246,-9.794855353341076,28.283642753573616,2.53035325620924,4.125088550881123,-10.02206944921529,29.19032650675996,3.1693979865571227,4.151629176123693
4.900000000000006,-28.30071930739287,42.30933600289219,-17.905030643884206,47.72289484986558,-0.023617996421237575,-0.025595441295456618,-16.99880496478101,45.78152024814847,10.21836932984033,12.573800001117583,-9.588977779705312,27.192848515010304,2.084565143124588,4.151358043085411,-9.693974845741353,27.953711652216153,2.1016907120353996,4.15576055740873,-9.905915758989982,28.86993100001627,2.723398128254055,4.188142611025915
4.998999999999995,-29.032801142371344,43.25604960845673,-18.26678534464836,48.687092113158684,0.14706686744427422,-0.005217524304584639,-17.356852213333806,46.72917761172636,10.233833479039793,13.058275829513622,-9.501350652293802,26.87319601124528,1.7195904879346124,4.182679054594906,-9.606163456299932,27.61439349344454,1.7085201976115287,4.185312617437527,-9.7968714708441,28.5206096079724,2.329157233592828,4.225425595373737
5.099000000000004,-29.819767066443372,44.06777257375692,-18.632194133299087,49.66102874274786,0.19931869852753842,0.02576176322997015,-17.71851610076094,47.68640727190622,10.249453831766527,13.54764535314608,-9.41283840238317,26.550314694310853,1.3509292200658798,4.214316439958038,-9.51746508312676,27.271647878523652,1.3113782638499671,4.2151631831231855,-9.686725725242177,28.16775971701893,1.9309341076723208,4.263085175523059
5.198999999999998,-30.61351717947433,44.868376044682535,-18.997602921949767,50.6349653723369,-0.028189880876061113,-0.009245106752721137,-18.081420531724717,48.64481907858513,10.246914689911327,14.051512094032027,-9.447799114832883,26.667181692435218,1.1728393712014726,4.335122770297568,-9.55062540228605,27.38475248241924,1.1322845533386614,4.3357773483655295,-9.736293573045035,28.340193973547002,1.7622492236578504,4.386801970219765
5.299000000000007,-31.36656215843534,45.702337995571526,-19.363011710600492,51.608902001926076,0.1242295066309817,0.0013287079866861084,-18.44467292307733,49.60356181401879,10.258109045144002,14.56515170336959,-9.431261513773975,26.55155205866001,0.9173028074252465,4.400570044360184,-9.580779857670171,27.48468207634773,0.9553923562446106,4.460775522860436,-9.746782687111214,29.08065931717555,1.8362432122900587,4.430378536886332
5.400000000000006,-32.147897205608174,46.544083589599396,-19.732074587137696,52.59257799781105,0.13513633795407595,-0.002622658109937404,-18.812512082434996,50.57279912146858,10.27041117970412,15.09386259715633,-9.451183491847912,26.633549958464698,0.7536704940198247,4.52739133581088,-9.607596124141411,27.56796343320222,0.7772857108928832,4.590678370273222,-9.768587645019606,29.031558507068855,1.6012141136167262,4.478015072842643
5.498999999999995,-32.933709817484875,47.31466443179733,-20.093829287901848,53.55677526110415,-0.021057000526108594,-0.033663120891739735,-19.173474501438886,51.52323077594982,10.270223696720674,15.626720664513673,-9.465706468693648,26.68881597089334,0.5800811053345257,4.6568319241098175,-9.628962294386218,27.623608354592655,0.6049808085453094,4.723400026060632,-9.778704347666467,28.945670708704974,1.3547981446554582,4.5239798931995265
5.599999999999994,-33.73526174787887,48.0781287981012,-20.46289216443905,54.54045125698912,0.016464484048565542,0.007853745029633024,-19.541729090523695,52.49286306991563,10.270032426202208,16.170343541312633,-9.480522839011018,26.745198468421556,0.402984860312133,4.788887473788544,-9.650760104433951,27.680377415809165,0.4291949990795858,4.858802927419517,-9.789025428144578,28.85804780330343,1.1034040753111103,4.570873295785847
5.698999999999998,-34.50764166556868,48.80467644886492,-20.824646865203253,55.50464852028236,0.24619560736357082,-0.015031131611704617,-19.904013421012216,53.44455915439774,10.279979528702638,16.72256861232413,-9.48927206483313,26.768123144129014,0.24629711837387408,4.925208021085242,-9.666320311917483,27.701446905801532,0.2833425411252001,4.9987090507353535,-9.8086460891438,28.950807248930307,0.951837701566314,4.696895335353964
5.799000000000007,-35.281039211542065,49.52744347180991,-21.19005565385398,56.478585149871535,-0.02229733796015604,0.016196260005616876,-20.269957189182456,54.405868330642335,10.2900271069859,17.280371714355972,-9.498109666673647,26.791279382217358,0.08802667197158484,5.062905543607164,-9.68203769321398,27.722729218925135,0.13601682601975296,5.1400283672160025,-9.828464938637964,29.04450365865443,0.7987403543493409,4.824190324816715
5.899000000000001,-36.054436757560644,50.25021049475491,-21.55546444250466,57.452521779460575,0.005829752992005388,-0.0008358649660472565,-20.636239490063073,55.36750132887452,10.290553522856404,17.85285845502765,-9.502898223679992,26.78897109991236,0.11508645076971268,5.205849582773955,-9.693849115093244,27.717761865286032,0.17365333456895274,5.286808107762321,-9.844500135206596,29.114392058456872,0.6354189113550897,4.956327627420813
5.998999999999995,-36.82783430360935,50.9507385329012,-21.920873231155337,58.42645840904961,0.1303079329559116,0.04760034430307465,-21.003014136138198,56.32960436164925,10.30231535643867,18.435168064035327,-9.505261877728026,26.769957912768977,0.2709270282530528,5.3523481977333605,-9.703295369716809,27.695200911161887,0.32447263280402605,5.437271170548822,-9.858266488221755,29.168686850857593,0.48497267302785513,5.091754297968453
6.099999999999994,-37.601910268523824,51.64715235881626,-22.289936107692537,59.41013440493459,0.9667263728548734,0.07064561600877887,-21.377518218658103,57.30516739633223,10.390293395843026,19.033225468115823,-9.50597917013129,26.738632842583094,0.34966736288837874,5.504104472582895,-9.710579103423397,27.6545371111748,0.49539126978377473,5.593124215037098,-9.870648598790625,29.212532288791294,0.41726837094129526,5.232071051232669
6.200000000000003,-38.34817105857108,52.347569201631664,-22.655344896343266,60.38407103452376,0.11285197330484731,-0.04458391533130632,-21.752283388859247,58.27480072749881,10.400455261122138,19.635233814364685,-9.505111213933757,26.69551805924335,0.5130210599358569,5.658274013718163,-9.715658312497457,27.596563111516087,0.6691657011746054,5.75143559738637,-9.881465943554417,29.244963382390047,0.26721510664753556,5.374672826800591
6.299000000000007,-39.08696924064301,53.030083661751256,-23.01709959710747,61.348268297817,0.1728006124301678,-0.11411798072283016,-22.124709865515022,59.236068261159545,10.409990672966886,20.245940760251,-9.50157580081386,26.62884535795782,0.6761351517838279,5.816684208171122,-9.678002905277054,27.306452477409778,0.9108060243377782,5.5132822195014555,-9.913513426003174,29.588932350444253,0.2382761233324155,5.5082103371604845
6.400000000000006,-39.82685289301463,53.71526679954103,-23.38616247364467,62.33194429370197,0.04153292660074309,-0.06413485289118405,-22.504660109375948,60.2167553409548,10.419718719394357,20.868985220195594,-9.497968965206693,26.560825733414003,0.842544477810538,5.978294608572617,-9.639586782759274,27.01048102241245,1.1573279701911046,5.2703176622653425,-9.946208332339785,29.939850186539942,0.2087525140917388,5.644445575002389
6.498999999999995,-40.538785686682644,54.39778125887053,-23.747917174408826,63.296141556995074,0.16778208698715014,0.01480463620247488,-22.87870467477731,61.179591264126934,10.432363067754912,21.49937943565698,-9.492392583489998,26.46517463916623,1.001375353928383,6.1128190231908075,-9.63191318213348,26.879825638189637,1.3349530528496152,5.404618707855878,-9.95619315203018,29.943039391927314,0.17836858795755295,5.797200505443372
6.599999999999994,-41.27174946627398,55.07184490386591,-24.116980050946026,64.27981755288005,0.11345744809013891,-0.040260980951889715,-23.260305696045403,62.16187841807032,10.445262857496488,22.142508887794413,-9.486703547597209,26.367591199580108,1.1634149346142808,6.250061102750793,-9.624084559272822,26.74653075125524,1.5161665210163962,5.541632905882599,-9.966379685249674,29.94629302570635,0.14737084513378457,5.953041394075096
6.700000000000003,-41.977372964207156,55.76080866947442,-24.482388839596755,65.25375418246922,0.185163036076133,0.05694873637087885,-23.639697317336452,63.13597299433754,10.462131273289954,22.794259854337852,-9.497325561884269,26.345319762112084,1.2878089532425658,5.74265476636422,-9.630773197854825,26.671927767065494,1.6673833805508183,5.612111043430734,-9.975219822406796,29.927679988134766,0.27071697846193443,6.113100780260711
6.799000000000007,-42.68258941073652,56.39928993894988,-24.84414354036096,66.21795144576247,0.297733895421041,-0.0012046670015979132,-24.017926301307433,64.10288281279736,10.48565555233385,23.45427329592267,-9.504132395496475,26.31211620417462,1.4000585722576877,5.789229566053873,-9.635865981965514,26.616707332947296,1.802954951993883,5.692531899003037,-9.983130993766723,29.889195415198603,0.39946583026161053,6.277287330424712
6.899000000000001,-43.38136087775489,57.066459498712966,-25.209552329011636,67.1918880753515,0.2250074784706012,0.01792115317266687,-24.399975780065965,65.07955939710013,10.509417450357983,24.12095353994767,-9.511007985003753,26.27857725676305,1.5134420258083052,5.836274818265639,-9.641010208339946,26.560929116666294,1.939895933249491,5.773765086449799,-9.991122075948466,29.85032210920248,0.5295151755137963,6.443132330590354
7.0,-44.073483839560375,57.706497495710074,-25.578615205548836,68.17556407123647,0.1662821577201249,-0.000382521594031487,-24.788209193417764,66.06829178384571,10.52469523251052,24.809418126642353,-9.52778547636358,26.363825448174868,1.5927357890810263,5.825582283480358,-9.655819172657871,26.66900391950786,2.017672110381801,5.78130565689638,-9.998586442302557,29.790054728271862,0.6732332070552431,6.616418328548375
7.099999999999994,-44.765335433813505,58.32930028041654,-25.944023994199515,69.14950070082551,0.2942991169780713,-0.019384506463049466,-25.17426029519651,67.04884125256346,10.551484649166223,25.501084942201782,-9.555680958853902,26.622005820573516,1.6004541266306487,5.716082086871622,-9.680521674647618,27.011475846557055,2.0168821414949205,5.679566701454806,-10.005767401098405,29.716574043248514,0.8034710452347683,6.791775671325826
7.198999999999998,-45.43697014483043,58.956773251638396,-26.30577869496372,70.11369796411874,0.21489296531413,-0.011125631960811126,-25.55880753802737,68.02187049701878,10.56543702795749,26.200636989121577,-9.589710773112245,27.049563718904913,1.568740794249088,5.482917189246794,-9.709022423968861,27.57702211963406,1.9476164361747226,5.429650724522135,-9.996802211609575,29.822460716457588,0.8779331300125512,6.3482218040214695
7.299999999999997,-46.115253361030135,59.57446106929601,-26.67484157150092,71.09737396000372,0.09547641941887697,-0.020142771369001174,-25.951123412026508,69.01455689792769,10.579671272986962,26.914321400625578,-9.624428058365705,27.485759150535912,1.5363867884860831,5.245041889649758,-9.738098946003662,28.153993569944912,1.8769514236763423,5.174685939974675,-9.987655907181576,29.930486514377954,0.9538994993312958,5.895707252529166
7.399000000000001,-46.773455377845096,60.17991744480076,-27.036596272265125,72.06157122329697,0.19466801333174893,-0.011364893041029965,-26.337801292442627,69.98966445514428,10.594060027573986,27.63357028696115,-9.656049551356688,27.943389399400882,1.4978580953154281,4.962193668347753,-9.763375480111693,28.708948313610623,1.8163937343312697,4.8773989306169305,-9.998706264521548,29.908512128682222,1.0692822074794786,5.889644576789138
7.498999999999995,-47.424737521864714,60.769250555793136,-27.4020050609158,73.035507852886,0.12388907700673546,-0.030493622021569924,-26.728385010034632,70.97462158364578,10.608594123116434,28.360084313562666,-9.68799045336778,28.405642176032117,1.4589402234258813,4.676488394305352,-9.788907332746065,29.269508660747654,1.7552243511544345,4.577109022174793,-10.009868241632631,29.886315779494616,1.185830397528137,5.883520661900222
7.599999999999994,-48.07561261454075,61.375485296243845,-27.771067937453005,74.01918384877098,0.09432767325369379,0.03376608776262259,-27.12423289447879,71.97075991072806,10.617308539205025,29.10897292800244,-9.711950317777562,28.689386054516525,1.4822544676598883,4.483478877056049,-9.81015711954331,29.585771719742834,1.7703147124398286,4.387583538953067,-10.024790211232395,29.915392873939673,1.2890792776957798,5.877436410131915
7.700000000000003,-48.71319069679101,61.95369891365174,-28.13647672610373,74.99312047836014,0.03327340614474372,-0.04421902446919512,-27.516620354706138,72.95748552294442,10.620350808077188,29.860469481476102,-9.739568853613706,29.008655408901973,1.4980362567266372,4.30833101771443,-9.83577591116041,29.933271229432417,1.7728863873382668,4.224094592065578,-10.04522647379111,30.115524767593122,1.3429440046278722,5.775664109530699
7.799000000000007,-49.331094630894654,62.52613039676596,-28.498231426867935,75.95731774165338,0.05376964039909293,-0.025348024549354486,-27.90556124010581,73.93481467477882,10.624744476694048,30.619261406422076,-9.76542450164543,29.226796949474707,1.5388281357959266,4.199349447778128,-9.862068429875873,30.164512312990038,1.806613184007001,4.127469293505912,-10.062833534645817,30.381027609763066,1.3732256912483827,5.628495252241714
7.900000000000006,-49.954561600016916,63.098895464292674,-28.86729430340514,76.94099373753836,0.04323344983634175,0.053585098078341414,-28.302359517129705,74.93188784988256,10.629226906293065,31.3933824611649,-9.791802486001028,29.44934538985698,1.5804440932302501,4.088166229964331,-9.888892110585587,30.400424933589218,1.8410213301033849,4.028891968712721,-10.080796293699608,30.65189414571421,1.4041191291137507,5.4783532867246745
7.998999999999995,-50.55903283994873,63.66031864836321,-29.22904900416929,77.90519100083146,-0.06922115603704393,0.021447151930343713,-28.69191156432856,75.9098164492323,10.642785583878197,32.17185750166185,-9.818841591597353,29.578878887749926,1.6322495358704496,4.033987935726575,-9.91851856885389,30.535357683847085,1.8980545056181803,3.983380413528565,-10.094594644572345,30.917744025259406,1.4226500296813271,5.329476041518178
8.099000000000004,-51.149257282961315,64.21629328176247,-29.59445779282002,78.87912763042064,0.36671696923040886,-0.008747497594610371,-29.08539848069111,76.89762311524231,10.656481217802575,32.95819592640638,-9.846153819472432,29.709720804813532,1.684578265810055,3.9792623859914578,-9.948444284276427,30.671653391178292,1.9556637738149543,3.9374091456657725,-10.108532372726627,31.186279257123292,1.441368111062721,5.179094985754012
8.200000000000003,-51.745248286649264,64.77760527129222,-29.96352066935722,79.8628036263056,0.10083515177139865,-0.016905692651801345,-29.48504816154427,77.89748546620594,10.665799171446833,33.76747081747662,-9.87758828636464,29.867721866629246,1.7305658696943034,3.9354691600663636,-9.983084608381057,30.83881404088846,1.9999650333391414,3.901183445288633,-10.120592849297987,31.533932574145737,1.4427542267312445,5.00232812932787
8.299000000000007,-52.31613779097825,65.30600356297221,-30.325275370121425,80.82700088959885,-0.026448427039144518,-0.03562268083849818,-29.87708519071138,78.87784391709997,10.666658979107922,34.5755600879475,-9.910365642014652,30.025250428679932,1.7796993996411856,3.902933121698722,-10.01883807926038,31.006948892779917,2.0378901682704735,3.875465084128639,-10.131046605657572,31.994718407273076,1.4163235702751642,4.841627809397913
8.400000000000006,-52.898424732851645,65.84485417704146,-30.694338246658624,81.81067688548382,0.04467351710384995,0.0336518529027201,-30.277042159861644,79.87800758922413,10.66753615662075,35.39997439418543,-9.94380516646567,30.18596138592355,1.829825526152649,3.869739789626686,-10.055313842480698,31.17848040834594,2.076581467543851,3.8492271601169286,-10.141711549014321,32.464813045110034,1.389358961163407,4.6776810183582676
8.498999999999995,-53.455881543023864,66.35123587300434,-31.05609294742278,82.77487414877692,0.16534331421415072,0.031227907108314537,-30.670421441691488,80.8596821429129,10.682026909986968,36.22777269592205,-9.977494441063778,30.27245367494333,1.8801991748995184,3.8572508897438675,-10.092867645665459,31.26941983738949,2.132422252425632,3.8418759577640644,-10.15295786852324,32.62786505723462,1.4323017153986395,4.595626757405009
8.599999999999994,-54.01082820322404,66.86773630773408,-31.42515582395998,83.7585501446619,0.15472538735411895,0.013966189471935469,-31.071747779719956,81.86118850576722,10.696810405845433,37.07229419567363,-10.01186430706791,30.360693282933212,1.9315904731160263,3.844509688853314,-10.131180111540823,31.362196426615743,2.1893911339716965,3.834376246272758,-10.164431386406077,32.79421104940214,1.4761120000224668,4.511914834614303
8.700000000000003,-54.553495481357324,67.36811347795144,-31.79056461261071,84.73248677425107,0.23485713148942622,0.0202729926011479,-31.471068112044943,82.85469675125952,10.718280814085094,37.923371639659074,-10.047583250796105,30.434816600276662,1.974727663216131,3.8382589872019457,-10.171158330453121,31.43994306737038,2.2451490631154827,3.8325228541615575,-10.179471471735345,32.93615983036195,1.5152570701190966,4.452431540527706
8.799999999999997,-55.0893785704714,67.86815706217614,-32.155973401261384,85.7064234038401,0.28396564823196146,-0.03203469785801359,-31.87224968567486,83.85001198433149,10.744243671138058,38.78439063235065,-10.083717181345193,30.555919744672046,1.995160729063542,3.8294417027045604,-10.210733348161991,31.570733996553795,2.2802349721841013,3.827888433325048,-10.194797706331743,33.133485942182695,1.532174812058587,4.3892455030390325
8.900999999999996,-55.62342992855453,68.34029072105916,-32.525036277798584,86.69009939972509,0.126184279890652,-0.022146980946525927,-32.278932069368345,84.85672931170174,10.755916172382861,39.66411618617598,-10.119573944034371,30.694995875125866,2.023403371325888,3.82200418385979,-10.249505537712064,31.720767022763997,2.306292487579142,3.8247349493866256,-10.210663696261241,33.34971254700587,1.5586051049939238,4.3314547788483635
8.998999999999995,-56.122067820079195,68.81976324491785,-32.88313689067627,87.64455729672238,0.11462897545851827,0.04525297035588878,-32.675023867369006,85.83499681583469,10.7724868568588,40.53228999777175,-10.156375921181736,30.749392048386806,2.0669115177961666,3.8259405220171967,-10.29085352863667,31.774577896558025,2.356868540332904,3.8327069079725686,-10.230522423568457,33.461028609093816,1.6031877575770208,4.305512455866424
9.099000000000004,-56.63088199510252,69.28678193675202,-33.248545679326995,88.61849392631156,0.2535063657717513,0.04849625317793128,-33.07919917145135,86.83322896290922,10.789395718568942,41.41818164225731,-10.193928959087215,30.804898347632665,2.111307585622986,3.829957193606388,-10.333045356110764,31.829486951449898,2.408476757428585,3.8408415595908787,-10.250786431024803,33.574616427550914,1.6486802602128385,4.279040697721585
9.200000000000003,-57.13772875530365,69.74712893322557,-33.617608555864194,89.60216992219654,0.11775145497904221,-0.015120704932114497,-33.48942459806659,87.84338756920293,10.800261956120742,42.32794891414966,-10.232064902831645,30.871240933213084,2.154339877708103,3.8347586208567326,-10.375149910423634,31.89997968697481,2.4496738080784497,3.8491987995365182,-10.273173487318465,33.69847597468662,1.6952535811504266,4.258226415683447
9.299000000000007,-57.6145894000984,70.18746084282722,-33.9793632566284,90.56636718548977,0.061916525927550675,-0.016186797249817978,-33.892502919562844,88.83448502264297,10.80875814837641,43.2344692575777,-10.268347073188885,30.948280570736085,2.1897818564892035,3.840651368589635,-10.414297149523813,31.982151281795907,2.4800779916400266,3.858759943701849,-10.295387459088369,33.835167875230894,1.7353957944278529,4.241457028711572
9.399000000000001,-58.09626681910522,70.62112105627818,-34.34477204527908,91.54030381507881,0.12541630202233522,0.019909235042052664,-34.29965273925598,89.83559356147119,10.817340160755874,44.1501463721514,-10.304995730115385,31.026098386415878,2.225581835055969,3.84660363902691,-10.453839815281565,32.0651528927263,2.5107892881668694,3.8684176650809707,-10.317825814411501,33.973240502043275,1.7759434846070676,4.224518253992508
9.498999999999995,-58.56437586014897,71.06590076331364,-34.710180833929755,92.51424044466785,0.2158471223806553,0.027885461305668602,-34.70836456338149,90.83820952105022,10.837072588161124,45.08069335960116,-10.34428581215412,31.062329409593485,2.258147319909735,3.857812262745594,-10.497166629019585,32.10015155536353,2.552069283937551,3.8833491725010347,-10.334635948536564,34.207899901983126,1.7689751607193758,4.217334075609608
9.599000000000004,-59.0189165231694,71.4884414839702,-35.07558962258049,93.48817707425702,0.02452793216084148,-0.013269035137321576,-35.117942645772736,91.84165860725471,10.839313592091118,46.021184311596755,-10.380792565273119,31.122986684778457,2.2977644079404054,3.8679687348017,-10.53605626310297,32.16488725700821,2.579021394880759,3.897048742938126,-10.358522492879718,34.30184733233398,1.8234936194917128,4.217860163784245
9.700000000000003,-59.47108272003914,71.90375453577207,-35.44465249911769,94.47185307014199,0.1770422054427327,0.011926750015388071,-35.5323570235312,92.85585359118762,10.855657948769588,46.98117417455896,-10.418601686320105,31.169045678802235,2.323952138272848,3.880476153900671,-10.576566683868442,32.21217419545239,2.6084567519659085,3.913259668645087,-10.384163411236255,34.392336925377606,1.8616174041250673,4.219879660384199
9.799000000000007,-59.90764528216776,72.28904495568591,-35.80640719988189,95.43605033343523,0.15667582092273696,-0.024750777625942206,-35.94011827533601,93.85145683520363,10.864807326598273,47.93692546398683,-10.449336839048751,31.24606370416395,2.3403676655464087,3.89222242162426,-10.607888557378343,32.29392711400482,2.618213000320383,3.9287318622202845,-10.405450977301824,34.52433652185657,1.8899115117781007,4.218958809750245
9.899000000000001,-60.33504918918674,72.67822719953944,-36.171815988532565,96.40998696302427,0.04600843427180265,-0.008595392523767785,-36.35199832766407,94.85711667764394,10.874049122384823,48.902330806843175,-10.480382447865562,31.3238596893778,2.3569490062267717,3.9040873385167725,-10.639526813448947,32.376505819613335,2.6280677966380335,3.9443603405790686,-10.426953569287246,34.65766944759289,1.918491418498334,4.218028657594737
9.998999999999995,-60.755668907186546,73.0674094426029,-36.53722477718324,97.38392359261331,0.20732895171894783,-0.006106321815536561,-36.765150384335335,95.8640029491948,10.893034545341466,49.88261149197708,-10.510275768506995,31.390732609958988,2.3606249034187803,3.918471542918197,-10.670061426998329,32.44472072713795,2.6358241196631806,3.962710037954025,-10.447800889276676,34.786797673264104,1.9335448201916499,4.2204496685759185
10.099999999999994,-61.173439265841665,73.42701383589197,-36.90628765372045,98.36759958849828,0.21904170659781735,-0.00646887813528369,-37.18399033235599,96.88246195045673,10.913306102678838,50.88280131837075,-10.53935288061909,31.45288569712294,2.361300063760645,3.9342921599615157,-10.699823027150412,32.50699524688825,2.641365843898772,3.982542933031015,-10.468318777417931,34.91262035092248,1.946349884008941,4.225023992640892
10.198999999999998,-61.56298739822576,73.8012959583423,-37.26804235448465,99.33179685179152,0.17186518973477913,-0.019284552481614547,-37.59638310978425,97.88254139164528,10.924919943098724,51.877974422594875,-10.562725306838347,31.5223114469651,2.3617216674372092,3.950668525262765,-10.722807653271937,32.57692147199394,2.636082709954747,4.002946029169981,-10.484884198344545,35.04632081725642,1.960595615344768,4.230705656656104
10.299000000000007,-61.95647036020906,74.14600023101823,-37.633451143135375,100.3057334813807,0.08436714834920428,-0.01060493526354053,-38.01294147082291,98.89272264537112,10.936651095038004,52.88319978039707,-10.586333818170932,31.59243846700769,2.362147529736769,3.967210308395341,-10.746024447334085,32.64755402260575,2.6307462110213877,4.0235552171891396,-10.501616946755268,35.18137179335132,1.974985242956715,4.236444711216925
10.400000000000006,-62.35368462618001,74.48280966364423,-38.00251401967258,101.28940947726566,0.34996408420493585,0.0012221747141740128,-38.435708878016364,99.91499302090348,10.969114156326526,53.91357293417778,-10.612360988495565,31.637728837948597,2.3437576929119914,3.9866099578844127,-10.772861762327324,32.68883998426854,2.6294499973124554,4.0471655906067,-10.520190400142766,35.291274658141006,1.970993701254397,4.246564606726314
10.5,-62.726679337404875,74.80527495152147,-38.36792280832326,102.26334610685471,0.14628698163335477,-0.015887766610783026,-38.85608092392152,100.92888490533599,10.9825565712855,54.94376478816721,-10.63275830511722,31.69382504461573,2.3381553912001753,4.005832414751624,-10.79268102606003,32.74369147875007,2.618623337231518,4.070489058263339,-10.509569976370813,35.542796915416524,1.9378455637029846,4.253716091238596
10.599000000000004,-63.08264573427653,75.12451558586415,-38.72967750908746,103.22754337014794,0.2536398335650876,0.00451355121461356,-39.27464567084842,101.9349760250906,11.007960875845297,55.97841615179022,-10.656402956123163,31.723853493797247,2.324212941839694,4.027258032009247,-10.817340099099797,32.76812289482455,2.6132490375806188,4.096085307190234,-10.53086964377069,35.601786155749885,1.9488209011056565,4.271469770053089
10.698999999999998,-63.44899194027345,75.42474188815258,-39.095086297738135,104.20147999973699,0.30409521485780927,-0.0021660461494328914,-39.69743834451192,102.95122968140831,11.033621789542062,57.02351853928812,-10.68028644198775,31.75418526064726,2.310129659657391,4.0489000696432065,-10.842248253685415,32.79280109287957,2.60782045207466,4.121940104086084,-10.552384459326117,35.6613712469957,1.9599071005022939,4.289402778956615
10.799000000000007,-63.78820139026891,75.74720717523974,-39.46049508638887,105.17541662932616,0.4729267326282013,0.015509931641743732,-40.12400033045974,103.97116089456348,11.07714722742567,58.0835486481268,-10.708924620063549,31.758387008082757,2.2834585548597457,4.072788933096844,-10.874160534650267,32.78727584385624,2.609610856921957,4.15003798582872,-10.574928087981686,35.713285485147544,1.9514006609820593,4.307707185805845
10.900999999999996,-64.14165763718358,76.04187372915574,-39.83321205081254,106.16883199150693,0.30652768845488504,-0.013237705688854254,-40.56196327546711,105.01428655318979,11.105930708752584,59.17507289822187,-10.729647288322525,31.781538263160623,2.2647933738022497,4.096478023046096,-10.89568645414689,32.80695499142103,2.600261399464913,4.177788020462654,-10.592574206384297,35.784805711051426,1.952012354043954,4.32497424327303
10.998999999999995,-64.50732542426952,76.31430130064331,-40.19131266369022,107.12328988850423,0.32998674196347555,0.01052112396925933,-40.98606224441021,106.0197321140261,11.1334190266337,60.23852887098155,-10.752412778528589,31.786597431310707,2.2503030336257557,4.121267693985425,-10.921583812046071,32.803147244272125,2.5952134101666458,4.2067410512377394,-10.610748302435884,35.83934955961655,1.9542512594251784,4.343517701419707
11.099999999999994,-64.85677899970446,76.62853816326802,-40.56037554022742,108.10696588438921,0.2796657773646105,0.0036186964866252013,-41.42314383485157,107.0559566206023,11.161748823633625,61.33453961841754,-10.775875171496065,31.79181147195518,2.2353691116071244,4.146816232402489,-10.948273946207472,32.79922293343498,2.590010890583738,4.236580399281451,-10.629478748366601,35.895563117831635,1.9565587027262363,4.362628816448424
11.200000000000003,-65.20270479680843,76.91775616730284,-40.92578432887815,109.08090251397839,0.3553971722250105,0.00727246090104826,-41.859252405098516,108.08518640982433,11.194502915073889,62.43464164918166,-10.798429793671188,31.790567676126354,2.215623682820739,4.173317638282362,-10.974305841765787,32.78882436572418,2.5842565064256746,4.267365917770291,-10.648051878843047,35.94234496857741,1.9536752484316657,4.382885551113057
11.299999999999997,-65.54204993058008,77.21798246959128,-41.29119311752883,110.05483914356742,0.279585564427536,-0.005785403680978682,-42.2976376589027,109.11662906784139,11.220277643188764,63.54474286795098,-10.81518154680026,31.798004272607276,2.1986707202766014,4.199908413865663,-10.993005459413661,32.79008621135036,2.5721602466427225,4.298211669530004,-10.662890206127315,35.99567241291829,1.9541986347091778,4.403108557871234
11.400000000000006,-65.8947599167183,77.51820877108963,-41.65660190617955,111.0287757731566,0.34318050589833776,0.013486420003906464,-42.738255713847394,110.15024210322483,11.251930665163343,64.66484614273764,-10.837939148445955,31.78622278967213,2.181150504085965,4.228277986576287,-11.020684380059231,32.76632726817181,2.567166124319489,4.331053917785727,-10.681815697895052,36.0294781449245,1.9527545357343457,4.425364285618599
11.5,-66.24075355573295,77.81854626870894,-42.022010694830236,112.00271240274563,0.2655882795656496,-0.007183371825047712,-43.18105761355522,111.18597547020238,11.276429209211317,65.79495335447636,-10.852858761651616,31.787669666426048,2.1653958512020144,4.256427568764982,-11.03754783194507,32.76166086139947,2.5538953109069222,4.363543744753217,-10.651233701359375,36.200656633233535,1.9118908745160255,4.444574389080823
11.599000000000004,-66.58328725835747,78.12677860479803,-42.38376539559444,112.96690966603887,0.4139574846405907,0.007862435944562589,-43.623274691312794,112.21508198815565,11.313591846985796,66.92858146940202,-10.867548123885353,31.782022121808865,2.1369569882196795,4.285738445281522,-11.055656759905684,32.74694876056712,2.541781176652981,4.397329236195674,-10.675202387416057,36.197427878334175,1.9096377436431422,4.471506339366456
11.698999999999998,-66.92928089735705,78.42700490708647,-42.74917418424511,113.9408462956279,0.39934192519112677,-0.007357886670127578,-44.0699586082396,113.25458352144167,11.351129864939812,68.07366037336722,-10.882385863515388,31.776317531286455,2.1082308639951015,4.3153453912578215,-11.073948606330546,32.732088052655655,2.5295446774065766,4.431455995228455,-10.699413181412703,36.19416650974896,1.9073618538725534,4.49871032955396
11.799999999999997,-67.27887015652296,78.75247245704638,-43.11823706078231,114.92452229151289,0.31750449365103073,0.0062548206597004725,-44.52517740894841,114.30842826355719,11.380759826626056,69.24537223787186,-10.897090966372406,31.76484803146196,2.0893280534571472,4.34661362044035,-11.09365130694668,32.70864495041038,2.518152039339506,4.46746047302565,-10.715266940116987,36.21215185911895,1.906263435320446,4.524879601966227
11.900000000000006,-67.6384321735308,79.0531435382881,-43.483645849433046,115.89845892110206,0.4942747890986364,-0.012206410835844301,-44.97881329645797,115.35467664419791,11.42645314072467,70.41556375312362,-10.900187831035318,31.77074533986139,2.045476015984873,4.377282848759281,-11.098209468929227,32.708169311319054,2.4966538829247265,4.502744380597547,-10.721119476165581,36.24986488958138,1.8794825642238433,4.549804355310873
12.0,-67.99799419053865,79.39784781096405,-43.84905463808372,116.8723955506911,0.5351834546288008,-0.008980455065385256,-45.436140587282786,116.40451224409306,11.475986248601476,71.59580519232189,-10.900030391184448,31.77673065103738,1.9965024925964745,4.408814715732871,-11.101189357772729,32.704024639614445,2.4738187310878277,4.539110194105659,-10.722973878885517,36.28990748449336,1.8463960407219815,4.575241283064393
12.099999999999994,-68.35769189133772,79.74244088909919,-44.2144634267344,117.84633218028013,0.5138640286132243,0.0038184030227333384,-45.89722624651783,117.45800669353545,11.523590876746624,72.78610521944957,-10.904630325841293,31.769314325429317,1.9541488736975499,4.441961564276927,-11.112605750253563,32.680344655590986,2.4561169446315225,4.577256786059161,-10.72770316260854,36.31633329764582,1.8187512191386006,4.602314488403226
12.200000000000003,-68.73095797014506,80.07613686352154,-44.57987221538513,118.8202688098693,0.5846990659054401,0.017015265079916967,-46.36224795345355,118.51533240210614,11.577781444243067,73.98647541352133,-11.007606950703353,31.603055258927416,1.986602112890962,4.482222232920111,-11.247904714015037,32.472586514202426,2.5370607255590603,4.6219855370305325,-10.817953103183903,36.158005003220524,1.858000870076342,4.639348526286818
12.299000000000007,-69.1137897553905,80.41739409358132,-44.94162691614933,119.78446607316255,0.5851397007509982,-0.020897710116747854,-46.82867783049063,119.56797299900137,11.627640440619674,75.18978013600403,-11.07802231936637,31.51948334751729,1.9890294468656164,4.518855435709169,-11.339822447595651,32.36857115979198,2.5737030506273237,4.66260790481924,-10.885372679760346,36.08021009539838,1.8715646104329156,4.6719131840725465
12.399000000000001,-69.50727271741899,80.78433735184608,-45.30703570480001,120.75840270275158,0.5007780921422277,-0.027838930388801128,-47.299819120427046,120.63124632919846,11.678003063222302,76.405239451643,-11.149148954379513,31.435067275385858,1.9914812993652673,4.555858670849627,-11.432668643131615,32.26350514523599,2.610715500191223,4.703640599555306,-10.953473262160786,36.00162938042652,1.885265358267837,4.704806777795501
12.498999999999995,-69.92110824641466,81.16240010211513,-45.67244449345068,121.73233933234062,0.3611306888397796,0.017923116012809413,-47.77596785422082,121.6994054959138,11.711581930663112,77.63578633977653,-11.235732247732079,31.331167163921446,2.0242560288375966,4.5941528556219,-11.546026260637072,32.134815742263015,2.6620501090831685,4.745747185876468,-11.03630269717118,35.89861978769461,1.9278511072332747,4.739414147004422
12.599000000000004,-70.34851215341858,81.52934336037987,-46.037853282101416,122.70627596192979,0.5580688085076986,0.009727802124314846,-48.25540445190386,122.77077606954136,11.763469670465774,78.87643110826863,-11.31185038762047,31.24633061200942,2.030471799328892,4.630862102592499,-11.644099421516147,32.033026220530346,2.7036159340764354,4.785874829609669,-11.064278442915644,35.90407997707153,1.9121892242309548,4.769858806688871
12.698999999999998,-70.7827002494417,81.9296450962377,-46.40326207075209,123.68021259151884,0.4180432071143968,0.0032125901441446376,-48.73833592109796,123.84555336251361,11.802349226345417,80.12718235222879,-11.372687827705732,31.186038271432604,2.0414599388888592,4.665819881284205,-11.721844072068762,31.962653589763956,2.7329940029862487,4.824367072323639,-11.139074358801425,35.816802907228826,1.9412399878064714,4.805538275765641
12.799000000000007,-71.23045672344294,82.32994683130549,-46.76867085940282,124.65414922110801,0.48458122911588875,-0.007703615657234136,-49.224500743721734,124.92347925787674,11.847441132062078,81.38803866510283,-11.413777699489719,31.154568480969893,2.0342786591274558,4.699111343525839,-11.774413404937924,31.927071813877152,2.7478224906393,4.861842734784498,-11.19437207607321,35.767973306552776,1.9500004562572384,4.837784113920336
12.900000000000006,-71.6896106349886,82.73447397551553,-47.137733735940024,125.63782521699298,0.44484496725554373,-0.04179935269503082,-49.71890348802161,126.01547713842925,11.889305426996074,82.67176893505592,-11.4164046302805,31.17618826714055,2.009466926861225,4.7290084586228165,-11.77597161951524,31.958232013877243,2.7348443955237736,4.896761061337396,-11.215490391399603,35.77987665217065,1.940419067941027,4.865070659229369
13.0,-72.15107117077426,83.15701469696218,-47.5031425245907,126.61176184658203,0.5276253653585876,-0.04780056684040498,-50.21189642090998,127.1000854553317,11.93857294029382,83.95296520832436,-11.389832285104251,31.229778063054777,1.9598803858668186,4.7587098581550284,-11.748172854951235,32.01468595916842,2.7032090063126355,4.933577715893183,-11.206450275943899,35.835271534066784,1.9038827951395498,4.890200194080445
13.099999999999994,-72.62610008456817,83.57966661294962,-47.868551313241376,127.58569847617106,0.5305058728615428,0.033831095803448376,-50.70865038125645,128.1884147461506,11.988190933411332,85.24430461807272,-11.412024427821429,31.204364219129392,1.9333436685634182,4.7988284804058665,-11.807576208156322,31.938160416738864,2.707904539451768,4.981704247171422,-11.230172747845044,35.822404460977744,1.8861594016811336,4.92454200956348
13.200000000000003,-73.11469737637033,84.01343802173147,-48.2339601018921,128.55963510576024,0.46655060862099745,-0.028963643233540528,-51.20894964319121,129.2802488688714,12.031821591061902,86.54578683710182,-11.397178722645023,31.22393320131329,1.89408674189942,4.836070120797701,-11.794866299767074,31.95109800125669,2.6771253159503123,5.025494247474519,-11.225453290425964,35.84997136820672,1.858139773984459,4.956263027203882
13.299000000000007,-73.61170706249062,84.45376993133313,-48.59571480265631,129.52383236905348,0.2778679108827662,0.019276418788908706,-51.70845746050408,130.36533075464143,12.07400632901453,87.84924650201125,-11.39091830599411,31.22137343935367,1.8588634522058416,4.876587988932013,-11.80292658157578,31.9209624063487,2.6507574974575046,5.073283917125286,-11.225427222299457,35.857061877991455,1.8333974502404744,4.991065617847784
13.399000000000001,-74.12052123749889,84.90966913037289,-48.961123591306986,130.4977689986425,0.6306087052109473,-0.018870615946460317,-52.21301081132511,131.46137306349993,12.11661717543132,89.16587242616207,-11.38459465281137,31.21878782121264,1.8232843717072809,4.917515128461617,-11.811068280372453,31.890522411492146,2.624123337363762,5.121556310711914,-11.22540089085854,35.864224009087145,1.8084052040344316,5.026219749811319
13.5,-74.63462707995839,85.35889663405206,-49.330186467844186,131.4814449945275,0.5128352319520258,-0.04425809010490195,-52.72834706584092,132.5740590325264,12.16519573089528,90.51106475254076,-11.325223113835506,31.27221505249482,1.7559414895943206,4.955384924999102,-11.74224333714029,31.936322386864976,2.558006367026698,5.167477012674646,-11.180345121517838,35.92661744130472,1.7532113147226702,5.058162469236895
13.599000000000004,-75.15850215454284,85.7992285436537,-49.691941168608395,132.4456422578207,0.3024782771920943,-0.0012002097770830512,-53.237716605499614,133.6689446197503,12.201725034474949,91.84468982472279,-11.281645913842278,31.291585964982225,1.7063558945237953,4.996920308811917,-11.70592488143176,31.92133669823609,2.4995042723675747,5.217444910639465,-11.126591198045972,35.97878625867235,1.7047577201269926,5.094685190654287
13.698999999999998,-75.70802146357588,86.24400824989907,-50.05734995725907,133.41957888740976,0.48194148554746374,-0.02524456130856157,-53.752231292023495,134.77488965735012,12.238623320919055,93.19178585722976,-11.237628540111748,31.31115254325233,1.6562694348566027,5.038875241956171,-11.669239572635268,31.906199639014993,2.440411247459375,5.2679175348463465,-11.072294305650153,36.031482033791164,1.6558146952828783,5.13157682844963
13.799000000000007,-76.2711091505569,86.67766846414011,-50.422758745909796,134.39351551699895,0.40489276991028167,0.00576502635871646,-54.27124849772575,135.88535179028497,12.27672172783786,94.55407207632078,-11.204271315528832,31.31066807877126,1.610002881830197,5.0833641248481545,-11.653353813025893,31.857350713170803,2.387590353144966,5.321250078082543,-11.051382381633625,36.02654863803588,1.6228239097902475,5.171347058498867
13.900000000000006,-76.83982771445216,87.13834904502616,-50.791821622446996,135.3771915128839,0.5158235666237612,0.0019205392269402307,-54.79875374675368,137.01023304332497,12.325757241368585,95.94030999611712,-11.167444056902252,31.314201313230015,1.552907556901726,5.128370945497881,-11.617651655305387,31.834001488516506,2.3295373595372753,5.374324270814286,-11.02319235606108,36.03242524121812,1.5769020593273793,5.210850144491579
13.998999999999995,-77.39728452460932,87.61170584780844,-51.15357632321115,136.341388776177,0.6581913793573788,0.02232914751329361,-55.32147771450584,138.1185239710095,12.367570868609613,97.3142490431732,-11.133498187344609,31.316881436402646,1.5081809354527205,5.173145327698222,-11.587625198267048,31.81076385842521,2.2788593979039424,5.4270620330733585,-10.99690787829701,36.03727328820528,1.5422172347947685,5.250042130947164
14.099000000000004,-77.99429315662604,88.05648555405381,-51.51898511186188,137.31532540576617,0.24111050772038306,-0.0070446489720126255,-55.8494817223364,139.23800975654964,12.40980685572177,98.70206626242204,-11.099209430215671,31.319588631526518,1.463002529948666,5.218371976385445,-11.557295443682861,31.78729150479764,2.2276695376682425,5.480332500001725,-10.970357900757543,36.042170305364024,1.5071820584991955,5.289629996053822
14.200000000000003,-78.65242733153033,88.44922603585438,-51.88804798839908,138.29900140165117,0.6595733267380723,0.08597385277785749,-56.387591867416205,140.37351566363128,12.472496699152343,100.11919281941168,-11.12416742906664,31.26209163359713,1.423987554078076,5.270031589510237,-11.634096622589517,31.66144510845392,2.2220095740446455,5.540566409187068,-10.994502427328108,35.98666439849557,1.4765779393057932,5.33534323485135
14.299999999999997,-79.33763042051032,88.80504980053462,-52.253456777049756,139.2729380312402,0.47688427106260556,-0.046806434914125006,-56.92443619107831,141.50179941102823,12.51732437623598,101.53256078583472,-11.059409009593205,31.309549587290373,1.3724906904915966,5.310348527658534,-11.527445057163272,31.74111949703598,2.156318715701818,5.58565686360225,-10.94765993453304,36.02783822503041,1.4360994021809124,5.371056580668722
14.400000000000006,-80.02290135143112,89.16098476054577,-52.61886556570049,140.24687466082938,0.2064244628955602,-0.1296907628577427,-57.463708121431544,142.63248719864146,12.536781925776245,102.95609184762799,-10.877075855161545,31.48123740920419,1.3055238940926241,5.332300982567484,-11.258296261935644,31.977402442262857,2.0337418554123534,5.616233833344982,-10.794879656619218,36.19847626837095,1.3792106417026269,5.3895390861151276
14.498999999999995,-80.70796875666507,89.52425858632267,-52.98062026646464,141.21107192412248,0.2818503004361688,0.017817572315595893,-58.00058296182372,143.75490561637673,12.572020535828795,104.38042148868051,-10.832021943501966,31.49593241161094,1.2718027559030898,5.377749461478834,-11.24987815963896,31.93483998885678,1.9992037494176167,5.6733063214506485,-10.666645164790303,36.32930090085566,1.3193430643195416,5.426431450570032
14.599000000000004,-81.39317184570531,89.92456032218053,-53.346029055115366,142.18500855371164,0.470008958509389,0.028726146454863155,-58.54288078040177,144.88866159388735,12.60761509143744,105.81913829782475,-10.786512941825615,31.510775848385435,1.237741000156079,5.423657015934753,-11.241375026005946,31.891847611678916,1.9643167736653508,5.730955299335171,-10.5371153750641,36.461446994274574,1.2588707639325754,5.463696465170953
14.698999999999998,-82.05123817872904,90.38045952122029,-53.71143784376604,143.1589451833007,0.4309023774190325,0.05306173830083818,-59.08965263333838,146.02694869831313,12.648325255396289,107.27310829694152,-10.78214149138239,31.492319206712505,1.2178036512122201,5.473541308818054,-11.260641009386173,31.843471379755254,1.9482358982451002,5.790075102912329,-10.606860202592767,36.336489356674214,1.2697427441576843,5.512565861795963
14.799000000000007,-82.7228728897008,90.79188074987253,-54.076846632416775,144.13288181288985,0.4139394686866513,-0.05247132758782418,-59.63940632578608,147.16822787925804,12.687411464481453,108.73728196811469,-10.70114652122202,31.559163866326514,1.176518201706507,5.511443271484812,-11.12592176676534,31.95516486890871,1.888394570181537,5.834087619364224,-10.573167065782819,36.352313797637414,1.2464238171312054,5.553581783911272
14.899000000000001,-83.36058665574227,91.23666045690798,-54.44225542106745,145.1068184424789,-0.31934711614060496,-0.03742850655191728,-60.189498139583684,148.30983783568698,12.65720492875686,110.21154103685521,-10.791778737040111,31.479650588428694,1.2783940905021678,5.5670554480941075,-11.272823126543432,31.837211248982097,1.9395703914846594,5.8979042015543,-10.665244910255806,36.26320071540912,1.3553226360238624,5.604249085315727
14.998999999999995,-84.00508461077283,91.69255965515765,-54.807664209718126,146.08075507206794,0.34184555441966413,-0.15902925439815102,-60.7396637096837,149.45153301793871,12.68961403063951,111.69587925479398,-10.728999870962717,31.56388669429772,1.2529634404504015,5.593681500657811,-11.148643349911364,31.987135659839613,1.8919150516188772,5.9286620176110905,-10.627358833277116,36.332447711024614,1.3390561735132402,5.631199026921834
15.099999999999994,-84.65602754534449,92.1417871596269,-55.176727086255326,147.0644310679529,0.4457732441477009,-0.041978560261070975,-61.29810001072385,150.60753159833286,12.732499586010974,113.20543215409633,-10.776401219674618,31.542894670758415,1.258518568865612,5.6418501339485365,-11.23567172098442,31.94448205538629,1.9169164953303963,5.988318647850701,-10.682451009233596,36.302504839551474,1.3513366978490302,5.67519744649538
15.200000000000003,-85.30052550035997,92.58656686587227,-55.54213587490606,148.03836769754207,0.08482370139440631,-0.01564307903686703,-61.85284715431526,151.7540267578675,12.740589146808382,114.71026883249142,-10.813038006510718,31.53634307820862,1.2968837910656472,5.685094490140597,-11.283965787571983,31.94415967854746,1.931584342822576,6.03952094427125,-10.73000461337613,36.2857184223115,1.3967518515994664,5.71537253446675
15.299000000000007,-85.93857847578913,93.02689877547392,-55.90389057567026,149.00256496083531,0.2723785796549763,-0.17263939769991474,-62.40506201444867,152.8923253461471,12.792227352624847,116.21514531098258,-10.697963937995889,31.67735290161513,1.2408858624750194,5.692009709181368,-11.089291611700295,32.16034260718473,1.8734702820515294,6.054512552818923,-10.637829328280931,36.42458123521382,1.3459538178079558,5.723910817610087
15.399000000000001,-86.51523454080855,93.5495149296999,-56.269299364320936,149.97650159042436,0.8126847450509953,-0.10376076621809194,-62.96285480246215,154.04212189996474,12.844387156479858,117.7352225619836,-10.581727505152637,31.819787066672195,1.1843222982420676,5.698994778919521,-10.89265103001174,32.378709201767805,1.8147692105656295,6.069655591755964,-10.54472297969993,36.56484670279192,1.2946426725640106,5.732535346037699
15.498999999999995,-87.09867479483208,94.06101159271165,-56.63470815297162,150.95043822001338,0.7415139026686366,-0.07512368515045291,-63.52764705895682,155.19969552259866,12.915817673241234,119.27077214918802,-10.458585356491847,31.951680819528715,1.105203813205137,5.719254025329916,-10.744721374374043,32.52658400906257,1.7641145322001264,6.110731588808679,-10.439829988173612,36.696862123474574,1.2190940433607411,5.75217165624968
15.599000000000004,-87.70925180487211,94.5502692709247,-57.000116941622345,151.92437484960257,0.29565331290516095,-0.05055697066638254,-64.09587121028369,156.36115691812992,12.944360499756835,120.81661510913648,-10.351865456805383,32.058080892391416,1.075053153677193,5.747988816434926,-10.625924056498457,32.635638120510535,1.7190377149903173,6.158958745463774,-9.972362408062706,37.20726379876272,1.0717613018438226,5.773464648097812
15.698999999999998,-88.3062604369039,95.03952694755758,-57.36552573027302,152.89831147919162,0.27366577360325023,-0.12718016885965705,-64.66596343830258,157.52476617651192,12.97083352657111,122.37266544180292,-10.166397028933641,32.22830266480965,1.0232079418373992,5.762761580899405,-10.339806786673286,32.874798838464024,1.6266766493095772,6.190316250218528,-9.988259254660445,37.149443959298225,1.0738460498698263,5.822573064687587
15.799999999999997,-88.89560293528855,95.54501908403371,-57.73458860681022,153.88198747507658,0.6253693815996467,-0.148823846432754,-65.24471116963193,158.7035001151403,13.032172509424555,123.954703222762,-9.925900148407454,32.43269831616932,0.9190984911336938,5.771818914432469,-10.004616104669939,33.12573051920913,1.5153481622438914,6.224101192795661,-9.816721526879611,37.29169555667827,0.9837618184145202,5.847917015214772
15.899000000000001,-89.47992513387975,96.05140077920652,-58.09634330757443,154.84618473836983,0.4806452604724004,-0.10395655334092938,-65.81714970137527,159.86517133440984,13.083173953954056,125.52077728178482,-10.003431329943217,32.38217652436576,0.9322688633546927,5.825274051148577,-9.749388825344182,33.27525687212957,1.4202339741399408,6.269820163922975,-9.763605399869629,37.33476548286168,0.9522417661017523,5.885111355153153
16.0,-90.05549572865972,96.57924309660234,-58.46540618411163,155.8298607342548,0.5743430960931799,-0.10821062208946437,-66.40115264790128,161.05031065911913,13.135205730696272,127.11848920058578,-10.082528797974646,32.33063409030355,0.9457053037013677,5.879809089616524,-9.48900543936539,33.427803959452426,1.32319828728642,6.316462750628617,-9.70941621978874,37.37870550856394,0.9200849450553946,5.923057095898368
16.099000000000004,-90.61966888592539,97.09663309081884,-58.82716088487583,156.79405799754804,0.3874856391176334,-0.1127330919701212,-66.9797935330485,162.21984128319713,13.187280025889384,128.70489881505608,-10.162800110759967,32.2787628204935,0.9580102794353138,5.935065911786535,-9.198205189624028,33.58466388916696,1.2225182654133735,6.359573662270802,-9.78583519746628,37.32475527071308,0.937475803191056,5.974444544402897
16.198999999999998,-91.16918819495841,97.6414882314237,-59.19256967352651,157.76799462713706,0.6836778776150623,-0.11711547837807791,-67.56427927562137,163.40118534792228,13.239880324064242,130.30733276906633,-10.243882244886546,32.22636759846315,0.9704395478534399,5.9908808836754295,-8.904467563622681,33.743108262615976,1.120821273622427,6.403120037666945,-9.863026084009245,37.27026008096473,0.9550423265604092,6.02635105804383
16.299999999999997,-91.71721498237828,98.19168072736895,-59.56163255006371,158.75167062302205,0.4774222365919606,-0.15273380606577552,-68.15979161140369,164.60116736573394,13.287343401133782,131.94142169514893,-10.327103152278475,32.17285622053221,0.9887647244675772,6.048661826567569,-8.527233789520956,33.96208779855706,1.006889982778448,6.436053163597919,-9.94297157702733,37.21419041946233,0.9785664446584504,6.08018582094111
16.399,-92.24109005694768,98.72007901983905,-59.923387250827915,159.7158678863153,0.3423443265042027,-0.12595309642934427,-68.74710803955895,165.78235017107838,13.328129446616686,133.55835827786035,-9.437055486349498,32.919586820919356,0.7623888736479669,5.806975532807174,-8.421165863163699,34.01823474619981,0.9805112293518979,6.487407607807597,-9.279805122156747,37.832634242075784,0.7939366303557216,5.9268144318883715
16.498999999999995,-92.7634726099642,99.28717314524262,-60.28879603947859,160.6898045159043,0.4910937135156921,-0.06509466764507486,-69.34035695688745,166.9754641158706,13.369327472356987,135.19162755332627,-8.538017439956677,33.67386015464367,0.5337263980726246,5.562847963352252,-8.314026543610924,34.07494883472784,0.9538660238705367,6.539280783776965,-8.609940016226926,38.457324971988314,0.6074418684337909,5.77189383688562
16.599000000000004,-93.27907097400671,99.86538676423069,-60.65420482812932,161.6637411454935,0.5371205733312037,-0.1546991331780396,-69.93774564411346,168.17447572950613,13.422493791493933,136.84023480967227,-8.581634263268574,33.64234993268239,0.5424324398174815,5.604232989618001,-8.40208820113963,34.03364980551231,0.9914220729045206,6.602984993417922,-8.37515789758199,38.68628219372228,0.5498583637697037,5.810207489058089
16.698999999999998,-93.78110096001083,100.45471987522306,-61.01961361678,162.63767777508252,0.3617904871281957,-0.1682992542429443,-70.53766532889729,169.37720139242782,13.45838409249634,138.49907294092392,-8.626912313250617,33.61021541710008,0.5680119685985567,5.646287812506966,-7.044469201003339,34.98510197676649,0.6827970660201963,6.404950394739855,-8.420031605056028,38.65193189086681,0.5803791775842866,5.85264280881868
16.799000000000007,-94.27634675699578,101.04405298621545,-61.385022405430725,163.6116144046717,0.4007400668502774,-0.14920977275277644,-71.13967575205918,170.58311522206918,13.498217064272083,140.16809136472762,-8.674507753596698,33.57726601132645,0.5897395150637998,5.688990447382264,-7.107248994392498,34.95407223893464,0.7177890999906761,6.4625211190080485,-8.467628138587354,38.6164438434516,0.6070253820401083,5.895756749607097
16.899,-94.76480836502178,101.62226660520349,-61.75043119408141,164.58555103426073,0.6961764263439679,-0.09523090210850219,-71.7446187137127,171.793663692548,13.567516019085865,141.8473477738142,-8.722845934763633,33.54406313100214,0.5831291578466467,5.732408413310785,-7.173464270020261,34.92211552375817,0.752678022617559,6.520775500178555,-8.516412559004047,38.58048106026002,0.605121524783275,5.939616771176448
17.0,-95.24431484356475,102.21715946219804,-62.11949407061861,165.56922703014573,0.28111007708419683,-0.10036385081859442,-72.3582219506614,173.02052247161214,13.595805920668267,143.55374510558326,-8.773028055933457,33.51014236496105,0.6163150215673693,5.776961645986527,-7.243849726892687,34.88897910481395,0.7878208151801777,6.580300370386262,-8.567492148629777,38.54352218877054,0.6433763042001429,5.984649208421013
17.099999999999994,-95.70563969557425,102.77346768079988,-62.48490285926928,166.54316365973474,0.213259180398756,-0.10776157671554369,-72.96703706232194,174.23736083154597,13.617071432583012,145.25336186648525,-8.826392936116127,33.47555154849353,0.6556174328094879,5.82166990144898,-7.3170292414835965,34.85539447237452,0.8225392550608037,6.639911065661668,-8.622150192561136,38.50554748851292,0.6877564175843809,6.029867168536866
17.200000000000003,-96.16669318003142,103.36268959646138,-62.85031164792001,167.51710028932393,0.5957691447444821,-0.09981535096824976,-73.57790379846222,175.45768541086514,13.676524434906785,146.96310015653845,-8.881910514934258,33.44040159739358,0.6585676438176898,5.867041067052236,-7.393697486173843,34.82110918063938,0.8571616106152915,6.700187824992944,-8.679395182619675,38.466736994179485,0.6954595237513616,6.075782617118002
17.299999999999997,-96.60101695981562,103.94101440999025,-63.21572043657069,168.49103691891298,0.5427485818176697,-0.06515630408266092,-74.19161856489704,176.6829388619348,13.730716869493937,148.683025391116,-8.93799052396901,33.405124125007944,0.6664903912773059,5.913167945182581,-7.473868532644416,34.78619724350273,0.8916961216500628,6.76114206863774,-8.737668203706555,38.42762547330961,0.7081697462151219,6.122486969573971
17.399,-97.0442958690829,104.52445419056798,-63.57747513733489,169.4552341822062,0.14204223127179155,-0.03409806650783827,-74.80171712085748,177.90039374545543,13.765045287996445,150.40069889617493,-8.997616836051167,33.369360627400454,0.6925364747407619,5.960013521667877,-7.558460393496724,34.750829890786875,0.925783705298822,6.8226639332938985,-8.800115831394526,38.38762633651061,0.7391517082579,6.169951883560805
17.5,-97.46885041672707,105.0973304518454,-63.94653801387209,170.4389101780912,0.548076012502646,-0.11893584744119723,-75.42414090017061,179.14244367712794,13.800067209903041,152.15307287608348,-9.058447720094575,33.3328746348918,0.7191087417085287,6.0078054734357025,-7.644761180830893,34.714748046096965,0.9605599270010899,6.885428663902703,-8.863825027318615,38.34681913634193,0.770759568523763,6.218375684698887
17.599000000000004,-97.85839854911116,105.66976193495962,-64.3082927146363,171.4031074413844,0.1921859098453616,-0.06350049483769482,-76.03742248660791,180.36567907219558,13.824141624861717,153.8906170001413,-9.12380377434777,33.29612912967191,0.7546625188284494,6.056293625842204,-6.8470373925362,35.270594361847344,0.8060814675492579,6.696032834779146,-8.796864266637447,38.41014430061645,0.7787663998425403,6.265586922945176
17.700000000000003,-98.24889646797361,106.25353529994983,-64.6773555911735,172.3867834372694,0.2933523728923057,-0.08683115635203684,-76.66309360004392,181.6136262934261,13.848702391637739,155.66326302569513,-9.190480152929311,33.25864129101324,0.7909345540720031,6.105761336883178,-6.033197972154785,35.83766989609771,0.6484822311388104,6.502810827289466,-8.72855076331626,38.47474876113895,0.7869349853293731,6.313751923580277
17.799000000000007,-98.62501190611056,106.80395018734694,-65.0391102919377,173.35098070056264,0.26018932974794834,-0.14243590075739704,-77.27861812396972,182.8411087128673,13.865912389440716,157.4205023368599,-9.263379411460129,33.220898528745614,0.8327923181824648,6.15577936274752,-6.099254210359542,35.82376082705007,0.6815123565029222,6.552977290016306,-8.799769292649637,38.433798271047785,0.8334185052253822,6.364417532197108
17.900000000000006,-99.00831858464038,107.3766040587527,-65.4081731684749,174.3346566964476,0.08923120035003873,-0.10534881982288435,-77.90657748676269,184.09338875694365,13.883470063966984,159.2132414320885,-9.337751382284495,33.18239328643218,0.8754956936890955,6.206807853780836,-6.166644918022979,35.809570766708546,0.7152097571269135,6.604157216636616,-8.872426580151362,38.39202049832851,0.8808410861293892,6.416106688462762
17.998999999999995,-99.3441359401413,107.92701894535972,-65.76992786923905,175.2988539597407,0.18317970896402272,-0.07318492416561284,-78.52360628118046,185.32389289615577,13.906831406579746,160.98998515582818,-9.41965044483511,33.143836799240106,0.911578000983935,6.258253245663198,-6.239331300773151,35.79517750683626,0.7481161474170054,6.65570999184084,-8.953452318244928,38.3494865471493,0.9215154047600957,6.468283106438603
18.099999999999994,-99.69352167366556,108.47732263821602,-66.13899074577625,176.28252995562568,0.2877577025730492,-0.06071046444764133,-79.15310030376835,186.57925570484701,13.930664695507922,162.80262269216885,-9.503204033901907,33.10450139311486,0.948389243779684,6.310737938391674,-6.313486095296061,35.78049347403726,0.7816873132685165,6.708304237251214,-9.036114939936352,38.30609332422908,0.9630114267974872,6.521513593464466
18.198999999999998,-100.02933902918157,109.01672922656944,-66.50074544654046,177.24672721891892,0.14701610650318547,-0.005171145733572646,-79.77190342633206,187.81344167286582,13.946092229084119,164.59878105995094,-8.508958081467762,33.83856390945014,0.7566653137004279,5.973421113114555,-6.39279955634398,35.76585380532322,0.8145122405971065,6.761220397405571,-8.178347009284774,39.01834207110384,0.7898590429486438,6.226241453376988
18.299000000000007,-100.3481959121797,109.55046487437993,-66.86615423519119,178.22066384850808,0.16461920977038957,0.004463111363870504,-80.39695708548734,189.06009416581418,13.961675596332803,166.4130824415491,-7.504669240625143,34.580041198677726,0.5630047782668267,5.6326970471780555,-6.472914163463094,35.751066261167615,0.847668732848209,6.814671064228158,-7.311914756101322,39.73778524976524,0.6149576451215212,5.9279867664199255
18.399,-100.67383698418197,110.0842005221904,-67.23156302384187,179.19460047809713,0.1276306187208062,0.021815007666579248,-81.02297350396532,190.30876118985023,13.974436532048008,168.2420154838308,-7.562456069854783,34.57009592425819,0.609728552038513,5.663181981814245,-6.558048138655588,35.73619568701878,0.8807931792845872,6.869145130656232,-7.374280877361561,39.723150424561105,0.66625201192816,5.960896883238
18.498999999999995,-100.98590967817599,110.59569718520214,-67.59697181249254,180.16853710768618,0.15355874084350543,0.018927688091122562,-81.64959845430953,191.55869564188438,13.989790409647213,170.0807320424435,-7.624804736390955,34.559881263633805,0.653872633252328,5.694152333587038,-6.646540038876437,35.721312704846234,0.9139035641251343,6.924300280945981,-7.441632852875037,39.707883279992025,0.7149648895448063,5.994326551346393
18.599000000000004,-101.29119818321107,111.1071938482139,-67.96238060114328,181.14247373727534,0.4787809147482928,-0.04572342787542206,-82.27759660957489,192.81147801170758,14.03766248907657,171.9293376421353,-7.689963638175216,34.54952024710006,0.665675911417695,5.725704619672346,-6.738389820701145,35.70644876629421,0.946988468311947,6.980133975201387,-7.299496732627909,39.81890551604327,0.6866831972951971,6.025990567236821
18.700000000000003,-101.61297226747963,111.59011341389865,-68.33144347768048,182.1261497331603,0.26634469299521696,0.0013303156989510284,-82.91350804905795,194.08019305339835,14.06455837298519,173.8064960750027,-7.758062124902006,34.53897761628387,0.6988730355211942,5.758195751827288,-6.834565906159018,35.69150175940263,0.9803506167531107,7.037210851510944,-7.368959352089555,39.80304952746301,0.7241954101720601,6.060967688021257
18.799000000000007,-101.90177519320592,112.06347021747102,-68.69319817844467,183.09034699645355,0.11847099083986015,-0.02127265948991877,-83.53800718457966,195.3262597428446,14.080980365938755,175.6610862354352,-7.830972661802069,34.52851960132257,0.7412483961379566,5.790820268932307,-6.070164126922114,36.12470260183564,0.8570371652591162,6.8781862329046515,-7.443818279486504,39.786870715372004,0.7708075152290484,6.096083415588342
18.900000000000006,-102.20306102670101,112.53538148490217,-69.06226105498189,184.07402299233854,0.21241935685859614,-0.013844630344062345,-84.17512246425329,196.59749949672403,14.097734116325727,177.5531428637551,-7.905356138841523,34.51785031333175,0.7844798246459648,5.82410386719096,-5.290319887498642,36.56665497643898,0.7312325329268652,6.715948995740663,-7.520189508447024,39.77036505859229,0.8183612789740544,6.131908551793145
18.998999999999995,-102.47843125822533,113.01974658672813,-69.42401575574604,185.03822025563164,0.26169282614761835,0.008316306402706614,-84.80157359211294,197.84768311592472,14.125425784363976,179.42718290742266,-7.985542090023592,34.50737671669658,0.8156347132728572,5.857825879246832,-5.365536380888999,36.55982543863749,0.7625682181632065,6.763931224903227,-7.60315053209589,39.75356617375601,0.8537508848269391,6.168194023916177
19.099999999999994,-102.77272937705958,113.4693076740297,-69.79307863228324,186.0218962515166,0.2975111550440022,-0.0007775434744707213,-85.44068029831325,199.12312296985687,14.153676880039365,181.33908234591195,-8.067347959411366,34.496691532250594,0.8474189935891849,5.892229144071512,-5.442272399398361,36.55285793037536,0.7945369475457397,6.812882792028676,-7.687787536020499,39.7364279175089,0.8898554322122086,6.205212535880082
19.198999999999998,-103.02795056724328,113.94266447681198,-70.15483333304743,186.98609351480985,0.30183609787435134,-0.029264953543620752,-86.06944665413754,200.3781944395099,14.175087878566396,183.232576466552,-8.153926078851342,34.48635583986331,0.884729277786547,5.927108998914344,-5.523784657893208,36.54633797239448,0.8258225154609494,6.862062714756779,-7.777979890997781,39.719238161232475,0.9314094247302991,6.242728193710174
19.299000000000007,-103.31288650523585,114.36520519825862,-70.52024212169817,187.960030144399,0.1316786246963924,0.008009715077911457,-86.70456418527321,201.64594339875546,14.196715149805822,185.1451967904309,-8.24137872475031,34.47591574654281,0.92241643354146,5.962341175523266,-5.606120272534472,36.53975215625218,0.8574240992136881,6.9117394043811275,-7.869083279863726,39.70187477105427,0.973383154546554,6.280622797578954
19.400000000000006,-103.56641164817984,114.8252186095296,-70.88930499823537,188.94370614028398,0.09107023468469277,0.016037263534785195,-87.34697638447425,202.9283694564141,14.205910780079844,187.09173790318945,-8.3365423527541,34.46564939555647,0.9729519426480383,5.998717604364343,-5.694103136751763,36.533431142061545,0.8893013325095821,6.962828995764572,-7.3071789938693605,40.00752030965718,0.8749320770149781,6.221189150294088
19.5,-103.81749448307752,115.23663983818186,-71.25471378688604,189.91764276987303,0.08822488136182599,0.038709145513064466,-87.98341359690149,204.19891260915398,14.214731304212163,189.02878654981743,-7.738861548967416,34.759197764723886,0.8705329281686754,5.932469488939445,-5.784411767181834,36.527434477602064,0.9208510586615968,7.014019499258956,-7.396953885485773,39.99892037047472,0.9287864645946521,6.256519157190908
19.599999999999994,-104.07515798130754,115.64794987308338,-71.62012257553673,190.89157939946207,0.22017480584796756,0.025906667251808166,-88.62051561095129,205.47084708978954,14.23674540589434,190.9756161339667,-7.827726062486868,34.75787382188142,0.906953999464517,5.965521050119004,-5.877899408353463,36.52172131589445,0.9523912762617509,7.065813663220196,-7.309659518172946,40.073154769934604,0.9358299992527535,6.288968355138775
19.698999999999998,-104.31694647727424,116.04424859125083,-71.98187727630093,191.85577666275532,0.2083534192162556,0.02743339873080515,-89.25241536231074,206.73249058910994,14.2484259225589,192.91749704890051,-7.92165784931195,34.75697389379248,0.9530756846940308,5.998977937187496,-5.412180160358587,36.73473560353108,0.8841733810798124,7.022351663946736,-7.3268290815551325,40.08113220949512,0.963568990124071,6.319081495754976
19.799000000000007,-104.56117728130232,116.44455032631859,-72.34728606495166,192.82971329234448,0.0285446904922928,0.10744423527468587,-89.89069793944152,208.00687796216093,14.260224424240276,194.87899292257111,-8.016538442064563,34.75606487552081,0.9996632455319256,6.032772772610216,-4.941756677535458,36.94990155063879,0.8152664162495682,6.9784506545796035,-7.344172074870474,40.08919022925321,0.9915881728223729,6.349498809508717
19.899,-104.80540808527013,116.80037409178892,-72.71269485360233,193.80364992193353,0.08454320162972925,0.09771211748636074,-90.52948644181052,209.28229751514178,14.268678718582668,196.85507747773457,-7.931995042751871,34.805791236411295,1.0030890031556297,6.049071543598413,-5.024812903898876,36.949572441411405,0.845873481859199,7.027037039741017,-7.389446669335588,40.08676515746911,1.0277095240910936,6.382465421154924
19.998999999999995,-105.02928632228581,117.17843684284807,-73.07810364225301,194.77758655152255,-0.11550929846787017,0.07504339503635683,-91.16820175845356,210.55758058185097,14.257128339522732,198.8408856897184,-7.959388121553158,34.8212244792772,1.0522061694037694,6.076625263031623,-5.110930823535409,36.949531287367435,0.8764864171600529,7.076194039929593,-7.4547040003484595,40.087623262700134,1.0896038876748735,6.416043215145885
20.099999999999994,-105.26205184688892,117.54882714293888,-73.44716651879021,195.76126254740754,0.0940233379689723,0.0730435322312586,-91.81325937034428,211.8455228667244,14.266623195186886,200.85644360258576,-8.015256024953331,34.83467409181517,1.0876661723563594,6.106090753489786,-5.201016916093635,36.94979013936236,0.9074049144129014,7.126424023744706,-7.531282003602836,40.09146021781573,1.133358944441475,6.449999062395906
20.200000000000003,-105.47249738968759,117.89353141561482,-73.81257530744094,196.7351991769967,0.15839431264194992,0.08699077909089334,-92.45252215349205,213.12183325618943,14.28245774085753,202.86195211966842,-8.087565923349716,34.847455414200184,1.120130767120743,6.136479091976998,-5.293286289447832,36.950354142637394,0.9380185977479818,7.176734176501424,-7.618323426504659,40.095682839480624,1.172358246584252,6.484334574412605
20.299999999999997,-105.69630778477752,118.23790210387828,-74.17798409609162,197.70913580658575,0.01323210361234306,0.1194425262541785,-93.09218932912368,214.398900515578,14.28378016985639,204.87730669481044,-8.181747217752136,34.85825092363728,1.1712827540156996,6.168970745985955,-5.388614946350672,36.951230665862866,0.9686377148659755,7.227621172129038,-7.724530354884426,40.0972692001216,1.2291923918190792,6.520637439414867
20.400000000000006,-105.91326614901291,118.54913670363021,-74.54339288474235,198.6830724361749,-0.000873385943914673,0.06721858931612773,-93.73188610310127,215.6760220186633,14.283692919309404,206.9024715758925,-8.301180484132876,34.86732316891182,1.228924567949143,6.203699080318682,-5.487002855388541,36.952420016469645,0.999264804021723,7.279104038850796,-7.8503521490879935,40.09657355331336,1.290897467403655,6.558734687795102
20.498999999999995,-106.11475656232854,118.8463607422558,-74.9051475855065,199.647269699468,0.0022463505980064857,0.0913458754367073,-94.36531541600093,216.94059605891624,14.288720081574551,208.9219530281513,-8.422030507750206,34.8805297546782,1.2797220519327928,6.237794573097305,-5.551133524061835,36.969980972494795,1.019223833829312,7.328530197328583,-7.979845169990829,40.098902115863176,1.3460467500308109,6.596409201586948
20.599000000000004,-106.33185061032503,119.10210907336662,-75.27055637415722,200.6212063290572,0.0990228180850602,0.13431993096852826,-95.00514300478856,218.2179435743235,14.293798023256517,210.96183328295857,-8.544101238676824,34.89386974030081,1.331032641815277,6.27223446479289,-5.615911977267195,36.98771931191415,1.0393844699985977,7.378455609932416,-8.110646201205839,40.10125419924683,1.4017530961188576,6.634464266023165
20.698999999999998,-106.54216046931741,119.38009639006626,-75.6359651628079,201.59514295864622,0.02381009941651624,0.13449886448413037,-95.6454074256179,219.49603883996673,14.296172200174688,213.0165118190156,-8.679296654992843,34.90591209389664,1.3862073573896083,6.308284670217512,-5.7223921974879595,36.99781628191218,1.070070688030816,7.431386245589551,-7.830433841443254,40.24109927154316,1.3829939172778254,6.667202918367427
20.799000000000007,-106.73890195031657,119.64696421397149,-76.00137395145863,202.5690795882354,-0.010152263549464025,0.13735857309314753,-96.28570662233567,220.77419288171563,14.295161017992726,215.08107869797647,-8.81900249007168,34.917910836436256,1.4444794201144409,6.344773947314396,-5.831117875592702,37.00837070446941,1.1007655994607428,7.4846443315601405,-7.951710428017262,40.24918738789992,1.4422307034639033,6.689553480237398
20.900000000000006,-106.93754300425739,119.88247506912883,-76.37043682799583,203.55275558412038,0.15539766114179718,0.13599014078260982,-96.93280714164949,222.065753693928,14.310771190809456,217.1764013989857,-8.963369401035187,34.92991100791226,1.4861762477010196,6.382051885557219,-5.941854805108367,37.019541868554754,1.1314415393342439,7.538645139124691,-8.072931024860406,40.258370252101166,1.4842042091262222,6.716247449161674
20.998999999999995,-107.12560072334094,120.08062442821254,-76.73219152875998,204.51695284741348,0.039597804937346215,0.13840864937589986,-97.56755049123778,223.3324550388818,14.308385122311073,219.2450908653874,-9.10339309494368,34.94183313738343,1.5429507715213908,6.418484752214098,-6.044387860175553,37.03238847592746,1.1598265154401017,7.589964410538472,-8.177301828515645,40.27174759665978,1.539296878511082,6.741476157734793
21.099999999999994,-107.3037535264932,120.3047934007038,-77.10125440529718,205.50062884329844,-0.0870394723076352,0.16599378298625136,-98.2151169387976,224.62474630999637,14.30595085040868,221.35557203818126,-9.246245550345288,34.95399611795503,1.600872255418947,6.455653636379201,-6.148992290092592,37.045494610721846,1.188784925406687,7.642320434910111,-8.28378113325484,40.28539519060342,1.5955025311158435,6.767214537188179
21.200000000000003,-107.47993891482328,120.48281647758472,-77.46666319394792,206.47456547288763,-0.011639834169427876,0.11453198682673112,-98.85592207269572,225.90373274952873,14.304799346096573,223.46003218422504,-9.394306418210142,34.96587032645294,1.656466169893042,6.492990210191017,-6.2533235051849525,37.05887718197933,1.2168809740572826,7.694311629539877,-8.390364528823033,40.298682325282655,1.648606762010804,6.792329835512755
21.299999999999997,-107.6360431036933,120.67162546363764,-77.83207198259859,207.44850210247668,0.1491201426175773,0.12679590206746955,-99.49712768288441,227.18327788336174,14.319525029421424,225.574513032057,-9.546371247492335,34.977418895597644,1.6957915058122344,6.530848929611301,-6.3587141674248935,37.07237584075185,1.2446877891039492,7.746607305196875,-8.497874090589807,40.31131259616568,1.685023252135359,6.817458343564277
21.399,-107.7972354343428,120.83674992875066,-78.1938266833628,208.4126993657699,0.13927525908662766,0.1426745911274112,-100.13320189761522,228.4517699359352,14.33412580223903,227.68279361032114,-9.697159599897635,34.988600651093215,1.7335594348504904,6.568632386161905,-6.4593785873376595,37.08678634506627,1.2710292355465647,7.797308927606324,-8.594517968896994,40.32551623945299,1.718551872298898,6.839748083886984
21.498999999999995,-107.94648759237333,120.95906434869896,-78.55923547201348,209.38663599535894,0.16034169806769638,0.11693341329198638,-100.77570110441395,229.73307503954464,14.348874057610347,229.8123699520019,-9.84947106697368,34.999895353613994,1.7717088581214522,6.6067974937887755,-6.561059819572767,37.10134241003033,1.2976367572057699,7.848522687615864,-8.692138047995153,40.33986335388461,1.7524191653933787,6.862262973101838
21.599000000000004,-108.08895556136962,121.09249826065157,-78.92464426066421,210.3605726249481,0.1374884241022738,0.11058861982488284,-101.4195520291098,231.01615490276097,14.362360229887786,231.9570639489663,-10.014787889126303,35.010363540134364,1.8124124813643547,6.646715337503973,-6.6738708232868325,37.11440166040998,1.3253266914705908,7.902423385521315,-8.805510743254528,40.34964766300183,1.789379466737656,6.886822695932473
21.700000000000003,-108.21229211738422,121.21581343383734,-79.29370713720141,211.3442486208331,0.12045980188016522,0.10893928462797602,-102.07065049179356,232.31309424371176,14.374265514235669,234.13346057538493,-10.191022127871955,35.02046242518585,1.8561153979508245,6.688219850952666,-6.795768071422154,37.12662229393875,1.354048982336579,7.958916014207572,-8.659884245922122,40.41648641999216,1.784191977537864,6.9091235816417615
21.799999999999997,-108.33433967750263,121.31588886740677,-79.65911592585208,212.31818525042212,0.1837637990723558,0.08186052212623178,-102.71626089472996,233.59838149935027,14.392212055280103,236.29848653499587,-10.378165825373845,35.031116758285734,1.8947345331751477,6.730487926688366,-6.929722355872268,37.137536957371736,1.3840662459249942,8.018029421404115,-8.79310832455615,40.42321158016409,1.819732247204633,6.921766529357128
21.900000000000006,-108.4493995229602,121.41574191189459,-80.02452471450282,213.2921218800113,0.17832552002846302,0.064984901888648,-103.36301831107764,234.88506948333284,14.409598299252991,238.47366674401587,-10.568552101222346,35.04516207702778,1.9342791980376763,6.772017659130738,-7.06795129847318,37.149806087393166,1.4144453803284074,8.077439441142731,-8.965617415922749,40.41856607100914,1.8608824379304476,6.948082580191101
21.998999999999995,-108.53671203538593,121.49279999650943,-80.38627941526697,214.2563191433044,0.22291003528394934,0.07783757868880137,-104.0052027756418,236.16115922775666,14.428488359662442,240.6422004169103,-10.745554961216525,35.06557981535736,1.9696403991420057,6.80994888849213,-7.19259731382175,37.16720415846532,1.4424822302099871,8.131408930956024,-9.158357146057522,40.40933755894277,1.9020467880130136,6.986777569377135
22.099999999999994,-108.62572059505138,121.57119241956431,-80.75534229180417,215.23999513918938,0.16992868378961856,0.060395678128651674,-104.66036066373258,237.46302856297703,14.447760037453902,242.8545428508735,-10.92613363656414,35.08641003324916,2.0057159679454157,6.848646405315372,-7.319761430490505,37.184953705720744,1.4710854810992784,8.186468713492822,-9.35499060811423,40.39992261228919,1.9440427411275547,7.0262542755164255
22.198999999999998,-108.70631676035353,121.62623390846204,-81.11709699256838,216.20419240248262,0.19078752357472323,0.028335024458683963,-105.30482644341461,238.7417934087262,14.46270545999903,245.04313332361605,-11.028870620889336,35.12505057020385,2.033838108334825,6.875542313885067,-7.363114263092455,37.2209124380968,1.48775634500019,8.219974505604124,-9.524912468622578,40.39975385477323,1.984351637551673,7.069172499111851
22.299000000000007,-108.7741586503948,121.68183137164395,-81.4825057812191,217.17812903207178,0.12068663160956755,0.03486444973956032,-105.955801978447,240.03347507109916,14.477801846408253,247.25383077083086,-11.132645352530952,35.16408141561263,2.062244310748371,6.902709898298902,-7.406905003094427,37.25723438999181,1.5045956014657582,8.253818740059987,-9.69655071156031,40.3995833926359,2.0250676945457338,7.1125242401173345
22.399,-108.83521635138675,121.72630934203147,-81.84791456986977,218.15206566166083,0.22102430609221657,0.03752328342252466,-106.60839923180498,241.32703113005883,14.499224620109835,249.4796941141038,-11.19304133513703,35.20761205222225,2.0765596985963093,6.928846064385388,-7.400258252928795,37.3003738634531,1.5138356440712943,8.282696055555851,-9.818009486812121,40.41251724021802,2.050779013874676,7.150243868287742
22.498999999999995,-108.89627405239376,121.75966782041465,-82.21332335852046,219.12600229124988,0.1919552997779796,0.032872605378143446,-107.26235434988486,242.62214282287698,14.51781427309552,251.7157375080618,-11.233042335096851,35.24914146039854,2.089459823169063,6.956429642887313,-7.369905830032426,37.34368544410198,1.5189809357609028,8.312426002398517,-9.90513314845908,40.431360241916536,2.0734540135693145,7.184697916471132
22.599000000000004,-108.93019499739934,121.78190680521338,-82.57873214717118,220.09993892083904,0.216171774123466,0.006679930573329466,-107.91765664262162,243.91878726074077,14.538736802628346,253.9619588191549,-11.22041514999112,35.28892796118041,2.090088459068139,6.9816960954432545,-7.28208891164358,37.38993975313243,1.515084403633374,8.33679243386219,-9.929878391807554,40.457647046422856,2.082955096107445,7.21365150955803
22.700000000000003,-108.9644551518378,121.79313749254857,-82.94779502370838,221.083614916724,0.20564735933390954,0.00812449273575738,-108.58092744174758,245.23000389943047,14.558837617869623,256.24097973721103,-11.179645587711459,35.31827612195709,2.0843728563561776,7.0086025036091515,-7.165483444494149,37.43102691670408,1.5053867052796894,8.36352961120248,-9.656454934118845,40.51802754265674,2.045325020559599,7.2332396309451
22.799999999999997,-108.9982404130672,121.80414579080217,-83.31320381235906,222.05755154631305,0.2670006641791987,-0.017415433399270767,-109.2392018864011,246.53001767903686,14.584678968291822,258.50769444257213,-11.069231361342032,35.33262672942471,2.0571857655308,7.032222449271277,-6.981754232562118,37.46699827127339,1.483708694930234,8.385405515978729,-9.685207481378681,40.492996548720186,2.0396922923508267,7.272567333942832
22.899,-109.01838945439275,121.80414579080217,-83.67495851312327,223.0217488096063,0.1840926698246535,-0.007902631508864302,-109.8931505223294,247.81959455518114,14.607755511063084,260.76684336092757,-10.957115690995314,35.3050839283445,2.0227275613987077,7.05966964889712,-6.81837919432394,37.47427187053387,1.4592759392424641,8.417968124907661,-9.609591873400275,40.45937057916063,2.015748690680395,7.303446966388508
22.998999999999995,-109.031957832401,121.81526528438667,-84.04036730177394,223.99568543919534,0.29673566462853035,0.011352337373074286,-110.5537047000347,249.12219746037727,14.631065150225973,263.0488119653268,-10.843867539129953,35.27726291715238,1.987921294598618,7.087394092963624,-6.653353903174282,37.481618940493945,1.434596388042699,8.450859649078296,-9.53321247140189,40.4254049533429,1.9915632344476382,7.33463851431343
23.099000000000004,-109.03874202139005,121.81526528438667,-84.40577609042467,224.9696220687845,0.35013651436543514,0.007627332403983323,-111.21718264671591,250.4281229221274,14.664971211022097,265.34612589557327,-10.721622743165973,35.21587608137814,1.9334046084449499,7.114863304926112,-6.508049095188319,37.46695614904228,1.4086221708673334,8.489113520920254,-9.430456855787284,40.36675310366985,1.9470356271125464,7.363962602741349
23.198999999999998,-109.03874202139005,121.81526528438667,-84.77118487907535,225.94355869837355,0.36471422162351425,-0.006954140410586029,-111.88302426750906,251.73672949060006,14.700290836582237,267.65376307246163,-10.550767692772688,35.1381041232673,1.8665104636171892,7.137083867377559,-6.326515799918081,37.44464886688961,1.375715306174153,8.523305195511602,-9.280406951673951,40.29553426500044,1.8906769996563535,7.388648647076023
23.299000000000007,-109.031957832401,121.81526528438667,-85.13659366772607,226.9174953279627,0.26396901427557484,-0.001736873982732783,-112.55094423554722,253.0476943502697,14.725861309390904,269.9716854271454,-10.372434967982858,35.04799333759957,1.8065457759814132,7.157271337201616,-6.145690919262751,37.41162673484878,1.3410401540150945,8.558008876790371,-9.120703920091819,40.210882739799395,1.8405982123489664,7.411791186419155
23.399,-109.031957832401,121.81526528438667,-85.50200245637676,227.89143195755176,0.3676058977222235,-0.0015172449687347132,-113.22095120434149,254.36102914654796,14.761477382925634,272.2998961688726,-10.190709665558714,34.95604885220621,1.736409989533175,7.175182798437742,-5.963327501821321,37.37160828901443,1.3051733492066617,8.592258406144765,-8.954894210830632,40.1208268204171,1.7787966634959824,7.433094544236534
23.498999999999995,-109.031957832401,121.81526528438667,-85.86741124502743,228.86536858714078,0.3431465374084922,-0.011222071524594127,-113.89330626505428,255.6770314677843,14.794732060493747,274.63843452100446,-9.993691994762623,34.86973652971355,1.6689902608665468,7.189511180919321,-5.758413491171726,37.3286533312893,1.265978107838083,8.622948165397071,-8.768892164648308,40.032957443212226,1.7174231723161624,7.450917061837148
23.599000000000004,-109.031957832401,121.80414579080217,-86.23282003367817,229.83930521672997,0.32531065264347026,0.011641755202763136,-114.56786799995777,256.99554406048867,14.826267103466904,276.9872827023896,-9.84382652981629,34.7957751702319,1.614580245768875,7.207614511926237,-5.598391923068137,37.28144641200426,1.2331683267173323,8.658731318629284,-8.626603972472552,39.95027704861885,1.6671194549861503,7.472199553135666
23.700000000000003,-109.031957832401,121.81526528438667,-86.60188291021537,230.82298121261493,0.3809393471413125,-0.018409918702982673,-115.25154337598433,258.32993443997645,14.863567122380834,279.37010501175797,-9.656292717328435,34.73599228762288,1.5532264524042485,7.220005581523452,-5.381788181726242,37.23996032066076,1.1942209459728321,8.685884381844309,-7.16414824342456,40.06976035160089,1.43969965046121,7.444966054361319
23.799999999999997,-109.03188999050538,121.81526528438667,-86.96729169886603,231.79691784220398,0.34943659794003384,-0.0070108015468457845,-115.93087151368657,259.65387174015694,14.89746098488125,281.73973089577555,-9.486744537889106,34.686568558576134,1.5013359422382337,7.234276806845743,-5.17945867222656,37.19728211315926,1.1578052810056703,8.71418531372858,-7.611204756180422,39.86427520952916,1.4602111250357641,7.449498260323273
23.900000000000006,-109.02517364339685,121.81526528438667,-87.33270048751676,232.77085447179314,0.3616324125562814,0.006666968849023966,-116.61254279967632,260.98048301376105,14.932546031562271,284.11969404843154,-9.350054995289389,34.6494517340471,1.4567279919946396,7.252423578896587,-5.010212210448315,37.15681558384463,1.127294715091525,8.74617678266689,-7.623075703830925,39.78180765119242,1.434568822831554,7.488367094076817
24.0,-109.02517364339685,121.81526528438667,-87.69810927616744,233.7447911013822,0.34792012402721995,-0.003338332101214879,-117.29655270679137,262.3097621461842,14.9663020735488,286.5099961045774,-9.21032429391124,34.623852770373006,1.4164891570440772,7.269827505988999,-4.831476197916714,37.123323242029464,1.0977000239695267,8.775356106868944,-7.5249550101895775,39.73780663081237,1.4009803432172452,7.514296315158645
24.099000000000004,-109.02517364339685,121.81526528438667,-88.05986397693165,234.70898836467543,0.3200885965658032,-0.009840090912614525,-117.97700749728074,263.62949824328314,14.999194336118437,288.891675795542,-9.07082359345933,34.609970806095944,1.3807007870358348,7.287401940594814,-4.650163784099987,37.09785807704143,1.070469430057576,8.802169475892335,-7.391961397555413,39.71657579482721,1.3679146846862356,7.533821705223179
24.198999999999998,-109.02517364339685,121.81526528438667,-88.42527276558232,235.68292499426445,0.3642782961428011,-0.0011639682585091538,-118.66433556848204,264.9625650080294,15.032418843764534,291.29741285712225,-8.92991379502307,34.595948619957504,1.3445509183406437,7.3051538947421,-4.467019931759877,37.072135688164636,1.042963779641467,8.82925368702707,-7.257624415096673,39.6951305059533,1.334515029604411,7.55354432144998
24.299000000000007,-109.02517364339685,121.81526528438667,-88.79068155423305,236.65686162385364,0.3196218264392712,0.008536776387578781,-119.35503074596298,266.299480686888,15.063450535094448,293.7185971686892,-8.815407227072992,34.591472896029494,1.317388058431017,7.326940969785676,-4.314217133100748,37.05326083558412,1.021904243864138,8.859732979378526,-7.143532742689106,39.6855756520913,1.3096107905463847,7.576197154365041
24.400000000000006,-109.02517364339685,121.82638477639098,-89.15974443077026,237.6405376197386,0.37413074791429374,-0.011184643368199193,-120.05495289749894,267.6524158816873,15.100140296305096,296.174489608703,-8.675592031183497,34.592204007475445,1.2830564058543599,7.345995503900214,-4.130990742411634,37.041113447609305,0.9989148470095403,8.88455360330376,-7.005066870244583,39.68411492302835,1.2776066066515466,7.5958624990748875
24.498999999999995,-109.02517364339685,121.82638477639098,-89.52149913153441,238.6047348830317,0.31168307997222033,-0.011890207862767652,-120.74437306429515,268.9824030021506,15.133273273800347,298.59710611610245,-8.54075472812028,34.595318504367754,1.2540781468800881,7.3665612628603805,-4.082897581868715,37.05011487330644,0.9987689510570595,8.923815018239221,-6.869399632942327,39.68662495769713,1.2507058991430375,7.616753565735883
24.599000000000004,-109.02517364339685,121.82638477639098,-89.88690792018514,239.5786715126209,0.3769752976107195,0.005379987760306213,-121.44075707116015,270.3258243359522,15.166740927835962,301.04419349731444,-8.404555432096805,34.59846446082464,1.2248071782192018,7.387334756759543,-4.034318631825354,37.059207222495466,0.998621581408089,8.963473013123535,-6.732362019505677,39.68916034625145,1.2235334673162555,7.637855653272246
24.700000000000003,-109.02517364339685,121.82638477639098,-90.25597079672234,240.56234750850587,0.356166031612164,-0.011117704542579609,-122.1476829933066,271.6867810719054,15.20169817414692,303.53144659464533,-8.261406787784827,34.60507334184523,1.1951381461114725,7.40840548511085,-3.6289377011777577,37.06194089579306,0.952254308739195,8.94344704610723,-5.201749244239588,39.854009837273274,1.0314173703963754,7.610702600953573
24.799999999999997,-109.02517364339685,121.82638477639098,-90.62137958537302,241.5362841380949,0.37163952425405666,-0.003313198586233024,-122.85001200728955,273.0370200020223,15.237825194194565,306.0044931864042,-8.124634255938604,34.611800779715274,1.165513812820828,7.4308724061132265,-3.7210119185499493,37.09031189990532,0.9746667331482004,8.999111298134661,-5.6929066658189145,39.756183249172494,1.0730795039530923,7.5918578916559785
24.899,-109.02517364339685,121.82638477639098,-90.98313428613721,242.50048140138813,0.30633850207926233,0.0073335416811702876,-123.54864223496561,274.37757450690356,15.27097291320066,308.468175596576,-7.9984424606129565,34.62019386637609,1.1412361716331547,7.4548048683573915,-3.4150696240060774,37.10784719426999,0.9459323987708191,8.986128624801426,-5.711407358142141,39.74048117619289,1.0670668034780664,7.632681286885644
25.0,-109.02517364339685,121.83750426918537,-91.35219716267441,243.48415739727312,0.38165687802092324,-0.008727148594705088,-124.2613862046149,275.7452109209742,15.304790283095766,310.98162936856926,-7.869701336088816,34.62875651034319,1.1164680730477516,7.479220814687296,-3.1029466770471923,37.12573673700566,0.9166175727898559,8.972883675239236,-5.730281801825432,39.72446188961773,1.0609326343065757,7.674329397170452
25.099999999999994,-109.02517364339685,121.83750426918537,-91.7176059513251,244.45809402686214,0.33017110330504446,-0.005475070383381526,-124.97054223004577,277.1032907645774,15.33690260628107,313.4857415302198,-7.731602695930614,34.63747646080696,1.0930134104579374,7.502779635938268,-3.191250568906808,37.15412689727979,0.9384903949836421,9.027181222483955,-5.618236520348759,39.729429177956696,1.0427109491921303,7.7028828954235085
25.200000000000003,-109.02517364339685,121.83750426918537,-92.08301473997582,245.43203065645133,0.3774177729508996,0.0012478097839675232,-125.68201948821937,278.46404061353263,15.373618134489048,316.0002215604325,-7.604675161248095,34.64643522082553,1.0667553018710332,7.52815316381739,-3.28158206527269,37.183353535028274,0.9603472530189289,9.081878174479035,-5.496993793498858,39.7375853282232,1.0195644235743235,7.729683928373456
25.299999999999997,-109.02517364339685,121.83750426918537,-92.4484235286265,246.40596728604038,0.33912656303020233,-0.01349654122324027,-126.39584691353532,279.82749464600397,15.406614796934495,318.52507681144453,-7.46021646728095,34.65505473259477,1.0428185945340502,7.551502687027555,-3.373931972429699,37.213438598682025,0.9821868728972055,9.13697409734272,-5.353259659293381,39.748381874699184,0.9982276757677325,7.752964817291454
25.399,-109.02517364339685,121.83750426918537,-92.8101782293907,247.3701645493336,0.378172898345894,0.006023612281390432,-127.10602131833404,281.1813308277259,15.44138252692281,321.04004647006536,-7.342915895892976,34.664199518107665,1.0207935938254344,7.578220681666926,-2.9137517436287146,37.22217824484912,0.9363449190994432,9.098297490830467,-5.338614110567834,39.76705256010294,0.9939054474246213,7.789786958418661
25.498999999999995,-109.02517364339685,121.84862376118969,-93.17558701804138,248.34410117892264,0.3436394654147333,0.0037637939338947416,-127.82336920196904,282.54884212239443,15.476501446102922,323.58041986261145,-7.224430470248571,34.67343667519139,0.9985461183621883,7.605208555040027,-2.4489232296883703,37.231006170270426,0.8900399152633239,9.059230211525163,-5.323820627006676,39.785911838288555,0.9895395602093578,7.826981040365332
25.599999999999994,-109.02517364339685,121.84862376118969,-93.54464989457858,249.3277771748076,0.3781444147054258,-0.007609603676419184,-128.5514751176361,283.93415772317707,15.513679116786617,326.1619309457828,-7.09155809000828,34.682824752970234,0.9737346866968898,7.630560580909979,-2.5349557138579892,37.26058071453288,0.9114201673932985,9.112683971014198,-5.420319434883599,39.81383207594329,0.9997021255308237,7.875904631057388
25.698999999999998,-109.02517364339685,121.84862376118969,-93.90640459534279,250.29197443810085,0.36268508782483133,0.0019682006787327183,-129.26878357213485,285.2962143346556,15.549839045747643,328.70777037389377,-7.179245936480957,34.72473772794114,0.9810629782196651,7.67437814051836,-2.6221447754936302,37.29091024638456,0.932350733747008,9.165641865344215,-5.0800418970494,39.84539377122714,0.956753359349044,7.870900567318112
25.799000000000007,-109.02517364339685,121.84862376118969,-94.27181338399352,251.26591106769004,0.38740632758441307,-0.006923211560419289,-129.99333756657808,286.6720290937249,15.586364226516356,331.27932535178377,-7.267819518776594,34.76707406629559,0.9884652928891356,7.718638301738951,-2.7102145347215543,37.32154613714385,0.9534927199628773,9.219134687899789,-4.736327212368375,39.877274271513855,0.9133707672462342,7.8658459574804604
25.900000000000006,-109.02517364339685,121.84862376118969,-94.64087626053072,252.249587063575,0.32489528628156455,-0.018304302893741485,-130.7287323921766,288.06574949349033,15.618330820650879,333.89234514017465,-6.713695176623113,34.75009791627209,0.921422137849007,7.671415004749511,-2.802062833308222,37.353898196419244,0.974810949548355,9.273735741555663,-4.8256594079527755,39.90316321430212,0.9283689578415295,7.91433868008129
25.998999999999995,-109.02517364339685,121.84862376118969,-95.00263096129487,253.2137843268681,0.36569397067165116,0.00710127303361636,-131.45298604758,289.4358310296721,15.653383172432589,336.46909977256604,-6.796519175513063,34.7901997736271,0.9295440638467052,7.715048738141477,-1.8769420075605971,37.34056725319721,0.8810891246519282,9.132300676667645,-4.914924322038924,39.92920824820453,0.9392660015947553,7.962588639293349
26.099999999999994,-109.02517364339685,121.84873495573048,-95.37169383783207,254.19746032275307,0.36098216566240793,-0.007127339252334328,-132.1918710899613,290.83359098072634,15.689143652533124,339.0979100540969,-6.881016386501808,34.83111176951454,0.937830069157489,7.759563961096922,-0.9331318722018183,37.32696699799089,0.7854739295555645,8.988008337741473,-5.00599256772278,39.955779444408,0.950383187646027,8.011813345156162
26.198999999999998,-109.02517364339685,121.85974325398408,-95.73344853859628,255.16165758604632,0.38091613480109865,-0.004166481698806901,-132.92090905560158,292.2092140150004,15.725589689732624,341.6952340933335,-6.965104960865308,34.87198436907876,0.9445278453082249,7.804149364861907,-1.0079915761662048,37.354435548645974,0.805351548458091,9.03659072334136,-5.097141963695676,39.98260324318119,0.95985229416706,8.061034070138604
26.299000000000007,-109.02517364339685,121.85974325398408,-96.098857327247,256.1355942156355,0.37435778252787866,0.0028674800803684007,-133.65731104109688,293.59873223143893,15.76240386872202,344.3187937289262,-7.050042914767838,34.91326982318403,0.951293275763514,7.849185126240681,-1.083607438756498,37.38218155940869,0.8254299513899369,9.085663840108925,-5.189212060637999,40.00969798941673,0.9694170482287098,8.110751974161273
26.399,-109.02517364339685,121.85974325398408,-96.46426611589769,257.1095308452245,0.3871765758636722,-0.004868104852051578,-134.39742129511853,294.9925488033959,15.80015680865766,346.95794616304755,-7.1358130046581545,34.955083702587906,0.9570987718933918,7.894948366218569,-1.1619018256116156,37.41133373096652,0.8454796662508768,9.135259354235268,-5.2825741812490845,40.037352832776456,0.9780186559977384,8.161211258849757
26.5,-109.02517364339685,121.85985444852487,-96.83332899243489,258.0932068411095,0.3643199143657545,-0.011696403270600559,-135.14742278261386,296.4031917392424,15.836046754888997,349.6340767718506,-7.223034130288511,34.99770608481876,0.9652417350951826,7.941658622288056,-1.2427836025440337,37.44175871835183,0.8657046274350768,9.185705847452917,-5.377778743472883,40.06569434053287,0.9889798831876978,8.212675501439733
26.599999999999994,-109.02517364339685,121.87075155223769,-97.19873778108557,259.06714347069857,0.36947190492754933,0.004748767683307515,-135.8924036832264,297.8026626251057,15.872093466086058,352.2941859602003,-7.310048217783089,35.04034894274415,0.9727834557698393,7.988383110207174,-1.3246396836365208,37.47287485704796,0.8857087239262212,9.236004279266936,-5.473016408892443,40.094208172337105,0.9993097249254624,8.264119818890036
26.698999999999998,-109.02517364339685,121.85974325398408,-97.56049248184976,260.0313407339918,0.36325245823560365,0.006584036889846368,-136.63350575661423,299.1922866915309,15.908112359469477,354.9431808548304,-7.397132607425379,35.083218117345204,0.9798995458623071,8.035344554009308,-1.4082801198665487,37.505181363441096,0.9054800983433503,9.286319578543734,-4.303731749044691,40.08914504071702,0.8661209160522789,8.063917511448258
26.799999999999997,-109.02517364339685,121.87086274677847,-97.92955535838696,261.0150167298768,0.3823452452454574,-0.014943196428461729,-137.38957958906033,300.6099839714192,15.944858907264681,357.6456907978368,-7.485976277666499,35.126953335877594,0.987159395350582,8.083254713847845,-1.4936102618789973,37.538140526529034,0.9256508944658749,9.337651348512992,-3.1108251768768382,40.083979623609665,0.7302414241715628,7.85967071294706
26.899,-109.02517364339685,121.87086274677847,-98.29131005915117,261.97921399317,0.3723512446634939,-0.0015827981896679925,-138.13558691274844,302.00531082897,15.982717791932282,360.3153715690103,-7.57411666849786,35.170583919854685,0.9924140652294515,8.131168660673657,-1.5806839579228655,37.572512218895554,0.9453723702420136,9.388659980276563,-3.181104368496093,40.103973276109166,0.7370390449232873,7.904382598044947
27.0,-109.02517364339685,121.87086274677847,-98.66037293568837,262.962889989055,0.4107740781226034,0.00046793133906867764,-138.89666509146053,303.4288261078854,16.02134150255276,363.03898528505596,-7.6640376732854065,35.215095929770705,0.9977748900553687,8.1800505660212,-1.6695167185332722,37.607578288885634,0.9654922596701946,9.440699089449497,-3.252803341764219,40.12437084078038,0.7439739913467636,7.94999775354885
27.099999999999994,-109.02517364339685,121.87086274677847,-99.02578172433905,263.936826618644,0.3802083095841037,-0.012066699671695874,-139.65406204077937,304.84273360946435,16.0584647883887,365.75133758970617,-4.533607225572661,34.82928119530127,0.652685410740682,7.470231121261714,-1.7600420571194153,37.64390879565812,0.9853766939732832,9.492748158309055,-3.324700321811511,40.14499602102262,0.7519623892003494,7.995859757654247
27.198999999999998,-109.02517364339685,121.87086274677847,-99.38753642510325,264.90102388193725,0.4039304820726421,0.0036415413305033017,-140.40761707691172,306.2468531108328,16.094647399384957,368.4521084337559,-4.593241158544863,34.85524506815924,0.658362620480338,7.508831340742285,-0.38062761773381637,37.52969769277643,0.8459135326590348,9.273282132495336,-3.3968798260535626,40.16591066408763,0.7604334918048242,8.04194828901697
27.299999999999997,-109.02517364339685,121.87097394131928,-99.75659930164046,265.88469987782224,0.3450850513049709,0.011963330130581472,-141.1763954471073,307.6793386627338,16.131560972219518,371.207440304958,-4.654079817435693,34.88173346370121,0.6641545213258454,7.548211362636603,1.0266537800231426,37.41317929488704,0.703632933742485,9.04938244959448,-3.4705175020984806,40.18724782519436,0.7690757277952476,8.088967901821361
27.400000000000006,-109.02517364339685,121.88198223957288,-100.12200809029119,266.8586365074114,0.4010138165960484,-0.00982209855397258,-141.9412104281364,309.1018898647824,16.1707252271648,373.95117473282113,-4.71504491726233,34.90847087895701,0.6672548939526515,7.587840405215826,0.960993761578503,37.44094685696619,0.7221676280629004,9.093989869908325,-3.5446008542047425,40.2089733311632,0.7749879681369617,8.136204028242448
27.5,-109.02517364339685,121.88198223957288,-100.48741687894186,267.83257313700045,0.3727142652723633,-0.005766319424788865,-142.70854553576427,310.52737625648774,16.207136787550613,376.7053853116896,-4.776381106430691,34.935477191659785,0.6731123901789511,7.627904819755013,0.8937529407394118,37.46973036349631,0.7406805368412857,9.138913108635638,-3.6193421714466982,40.23104625932081,0.7836612243649586,8.183902922020922
27.599000000000004,-109.02517364339685,121.88198223957288,-100.84917157970607,268.79677040029367,0.38930732898262244,0.008462699402552662,-143.47184193386406,311.9428453996748,16.242898753492202,379.4475483999682,-4.837762240838959,34.96270436173722,0.6791816652266384,7.6682040521375505,0.8248666501203529,37.49976301278445,0.7589796962301365,9.183856479066797,-3.6944284747278884,40.25349397123892,0.7925155432488963,8.23180217253943
27.698999999999998,-109.02517364339685,121.88198223957288,-101.21458036835675,269.7707070298827,0.3503209956538773,0.006552234919594509,-144.24284839659106,313.3726122109747,16.279021951412993,382.2174101052998,-4.899763386705891,34.990206553734616,0.6853122460828875,7.708910347473442,0.7552845383839364,37.53009902216641,0.7774636956128125,9.22925382293665,-3.7702732255169624,40.27616842772184,0.8014592996973173,8.28018525387125
27.799000000000007,-109.02517364339685,121.88198223957288,-101.57998915700747,270.7446436594719,0.3864479402126648,-0.012631293245099706,-145.01744740975465,314.80656197692065,16.316781111508792,385.0029141206793,-4.9625226681155254,35.018289132271,0.6898023567238409,7.750250841107551,0.6833817715255628,37.562018219569204,0.7959191293913164,9.275127524831497,-3.84732331178518,40.29951903649889,0.808752462033997,8.329246003070294
27.899,-109.02517364339685,121.89310173236728,-101.94539794565814,271.7185802890609,0.3799990169880336,-0.0046625662972812785,-145.79454207488763,316.24341996250007,16.35392274981538,387.79890352681167,-5.0256701635804495,35.046678296315335,0.6949059289375988,7.79202631605414,0.6099419447341484,37.59501839954303,0.8143496145007537,9.321321127658337,-3.148174242605636,40.24854580127078,0.7352297805646231,8.330628546443656
27.998999999999995,-109.02517364339685,121.89310173236728,-102.31080673430883,272.69251691864997,0.3780697190654384,0.005836993094886754,-146.57410323296716,317.6831559886282,16.390881342148084,390.6053766045563,-5.089235062283952,35.07540462465251,0.7001841733885623,7.834234142289972,0.5349770839851614,37.62911646863538,0.8327576902804956,9.367835489439457,-3.219416384462723,40.268217944054356,0.7429351297055637,8.379961808225824
28.099000000000004,-109.02517364339685,121.89310173236728,-102.67621552295955,273.66645354823913,0.38075725650706216,-0.012501267002325052,-147.3561337573772,319.1257725856367,16.42810555689619,393.4223372943946,-5.153210958361118,35.1044699702402,0.7051912251989133,7.876874997364669,0.45849852212688175,37.664328001898504,0.8511440406641059,9.414671608859694,-3.29133375855782,40.288287239442454,0.750366506682217,8.429754677138568
28.198999999999998,-109.02517364339685,121.89310173236728,-103.04162431161024,274.6403901778282,0.35764504827761145,0.007182483737645027,-148.14056565821707,320.5711935253547,16.463079459318486,396.2497760871634,-5.217671744137406,35.13394516727294,0.7124085435970157,7.919941664317693,0.3805185396574468,37.70066949848145,0.8695047241924415,9.461830319065438,-3.364009370362301,40.30881388622286,0.760008610689559,8.480001172668677
28.299000000000007,-109.02517364339685,121.89310173236728,-103.40703310026096,275.61432680741734,0.3763142464412262,0.00678707295736118,-148.9273847556818,322.0194017033412,16.499877106592486,399.0876934732615,-5.2826304795385495,35.16384913754773,0.7178189916143173,7.963433017348459,0.3010488397638311,37.73815635238477,0.8878450563917356,9.509312566635687,-3.4374580214748467,40.3298162901133,0.7678392966404968,8.530700393123803
28.400000000000006,-109.02517364339685,121.90411003062087,-103.77609597679816,276.59800280330234,0.41331389003771923,-0.01859258874381529,-149.7246809937055,323.4851352192596,16.540702299006565,401.9646662185815,-5.348527205268688,35.19430498394897,0.7196915876893333,8.007812012659084,0.2192843171463066,37.77719611894077,0.9063406033888862,9.557598950756649,-3.5121814037572316,40.35136791678953,0.7721441649319352,8.582384213773397
28.498999999999995,-109.02517364339685,121.89310173236728,-104.13785067756231,277.56220006659544,0.38050890306389784,0.00491664138952625,-150.50996070889363,324.9262528439439,16.577304545711264,404.8002876190372,-5.41358002133621,35.22457797794047,0.724858995521318,8.051969406748306,0.13697029402503827,37.81721891052152,0.92443296603056,9.60541194406923,-3.5862595494349114,40.3730364135901,0.7796998064482206,8.63373894287157
28.599000000000004,-109.02517364339685,121.90422122516168,-104.50325946621304,278.5361366961846,0.3753310171747342,-0.004810201506459577,-151.30317254241712,326.38192721231223,16.614276512079655,407.6645516599021,-5.479289936555941,35.25515675975007,0.7300785993920108,8.096572835121266,0.05382481612475135,37.857645972724306,0.9427080798100319,9.65370789691023,-3.66108595921036,40.39492378409574,0.7873317675757829,8.685612406607108
28.698999999999998,-109.02517364339685,121.90422122516168,-104.86866825486372,279.51007332577365,0.35125496553875984,-0.017335329689835824,-152.09996074515635,327.841784743954,16.648650861303924,410.5445024958994,-5.545704575476272,35.28639499357775,0.7378068197336607,8.141812159327435,-0.03147925346316896,37.89987090883559,0.9609426816663387,9.702491399620953,-3.737025550129719,40.41755670424511,0.7974785470402126,8.738163376306636
28.799000000000007,-109.02517364339685,121.90422122516168,-105.23407704351445,280.4840099553628,0.4102276024344769,0.005938357939176933,-152.89921926100243,329.3045395054705,16.688809984822353,413.4349673408094,-5.612494364996122,35.31799259034195,0.7399318199577072,8.187487327457534,-0.11820889348764667,37.94332010957784,0.979146230594507,9.75160183069927,-3.8135997508116004,40.44062587075311,0.8019946562173322,8.791176206723149
28.899,-109.02517364339685,121.90422122516168,-105.59948583216513,281.45794658495186,0.3616944282144066,-0.008700717964425595,-153.70098138660356,330.77023170261964,16.72421976559989,416.33595666939726,-5.679616619098536,35.34991857693022,0.7466285652162837,8.233602375530495,-0.2063510305771928,37.98800864361036,0.9973245470280235,9.801039922549826,-3.4055754288595077,40.38917607370047,0.761251978790071,8.823256082836673
28.998999999999995,-109.02517364339685,121.91534071716599,-105.9648946208158,282.4318832145409,0.40991494587893784,-0.012539915602335451,-154.5052447854777,332.2388612718969,16.7643622680538,419.2474740356242,-5.7470702013301205,35.38217631188926,0.7487697287252805,8.280157606403721,4.013531883906194,37.22476197338371,0.5687233653540325,8.991595859135542,-3.4789420548977184,40.41027451954684,0.7655480487233864,8.876915602341514
29.099000000000004,-109.02517364339685,121.91534071716599,-106.33030340946654,283.40581984413006,0.3506169359411888,0.006839742261347493,-155.31197075699345,333.71038841810906,16.79870647366864,422.1695156453163,-5.8148881776307135,35.41481095357547,0.7564600380685078,8.327148301095658,3.9625255185482016,37.25172250573845,0.5851443194620469,9.028815585795417,-3.5529172251305328,40.43181552583492,0.7754050461662663,8.93103697269422
29.200000000000003,-109.031957832401,121.91534071716599,-106.69936628600374,284.389495840015,0.39729808566173647,-0.010690601500854064,-156.1292226754844,335.1995243330592,16.83801483144306,425.1314555929242,-5.8837949460887256,35.448202544938056,0.7597986837628006,8.375046166373362,3.909708971726759,37.28005569779564,0.6017121207210278,9.066687549886215,-3.6282969837410315,40.45406317780522,0.780915968712298,8.986164387238922
29.299999999999997,-109.031957832401,121.91545191170678,-107.0647750746544,285.36343246960405,0.35339422087987193,-0.010828098402667376,-156.94082477503147,336.67679307617743,16.872643380016303,428.0746470115713,-5.952410350490666,35.481685533890676,0.7671817371817438,8.422903503694108,3.8561402344609963,37.30921462410589,0.6181001321983672,9.104463508716762,-3.7035713202524208,40.47657692105352,0.7904640748519779,9.04120674160345
29.399,-109.031957832401,121.92646020996038,-107.42652977541862,286.3276297328973,0.39239634329276873,0.005992960111585215,-157.74789579741173,338.1435207362533,16.90937321677286,431.0039894882348,-6.020914973585815,35.515470193859485,0.772147183184213,8.470920194643648,3.801252328812778,37.33973723792587,0.6342993801777281,9.142276107552293,-3.7790366947620506,40.499599773637776,0.7975607902124657,9.096376397468749
29.498999999999995,-109.031957832401,121.92646020996038,-107.7919385640693,287.3015663624863,0.36482382987134576,0.0007234970554273129,-158.56311905234122,339.6250638272389,16.9464740619815,433.96292128284415,-6.090111562570806,35.549596113019895,0.7771627852069087,8.519421902673482,3.7458099998751897,37.37056816097635,0.6506622569245558,9.180470651830605,-3.855264345781871,40.52285518028853,0.8047291895664931,9.152103322585207
29.599000000000004,-109.031957832401,121.92646020996038,-108.15734735272002,288.27550299207553,0.3953882895127509,-0.010162762699291752,-159.38201114786332,341.11093628183113,16.985231094549906,436.9376106252104,-6.159832053629976,35.58431851226353,0.7806023837282635,8.568574312071565,3.688516710648641,37.40309610417188,0.6670008326098327,9.219087737543884,-3.9323785222564105,40.54681939238162,0.8103085859733011,9.208519925957214
29.700000000000003,-109.031957832401,121.92657140450119,-108.52641022925722,289.25917898796047,0.38211020822228003,0.001977695300117221,-160.21164147401885,342.61467898593355,17.02306988258204,439.95276355860653,-6.230538859042587,35.61972822355403,0.7852930038712371,8.618667959709084,3.6294105236601535,37.43711958828136,0.6834795098911972,9.258380355906114,-4.010787070188911,40.57145442810292,0.8171650377893762,9.265975363590224
29.799999999999997,-109.031957832401,121.93757970354487,-108.89181901790789,290.2331156175495,0.3828737432048793,0.005850651079750567,-161.035540822807,344.1064674840859,17.060610129863772,442.9486692256105,-6.300868404607911,35.655175078695976,0.7898533201451574,8.668705186225452,3.5696742312145444,37.471977864323435,0.6997820448823373,9.297572121396058,-4.088981006665083,40.59631782184598,0.8238679174972905,9.323327028947373
29.900000000000006,-109.031957832401,121.93757970354487,-109.25722780655863,291.2070522471387,0.3859459392471219,-0.007030370971227913,-161.86192450161252,345.6011894437419,17.09845296447477,445.9551342817084,-6.371503297828337,35.69099592911095,0.7941175452443519,8.719181306280303,3.508739605913746,37.50801320337891,0.7160677796370771,9.33705252722489,-3.754387921358317,40.53569999203826,0.7884590561420555,9.363906207475031
29.998999999999995,-109.031957832401,121.93757970354487,-109.61898250732278,292.1712495104318,0.3534533070686816,-0.004582097785106079,-162.68350806363222,347.0850574806174,17.132183392177097,448.9471238262967,-6.442077653471701,35.72727617946502,0.80178163371142,8.769772574665915,3.4466653367985,37.54545495143036,0.7321607565734791,9.376568972940822,-3.8297694574307135,40.55928853521352,0.7980629925978006,9.421585471208456
30.099000000000004,-109.03874202139005,121.93757970354487,-109.98439129597351,293.145186140021,0.3413950373954212,0.015151522119571204,-163.51339044951084,348.5839140835223,17.166254531270365,451.9693354874976,-6.513364881394304,35.763922896994394,0.8095231372135104,8.820874865964523,3.383964054863896,37.583274898957086,0.7484162888324742,9.416484574674095,-3.9059124231604216,40.583115346501664,0.8077639385126963,9.479847353767482
30.200000000000003,-109.031957832401,121.94869919554918,-110.35345417251071,294.12886213590593,0.37607894626808414,-0.010433068162327227,-164.35504714625995,350.1018647316374,17.203506395706725,455.0377177216059,-6.586083159720961,35.80186760095637,0.814689380914493,8.873113011136308,3.318870235167391,37.623305724067244,0.7648054281102133,9.45724408750902,-3.9839313290405554,40.60817345214448,0.8148922026678198,9.53936260209379
30.299000000000007,-109.031957832401,121.94869919554918,-110.71520887327492,295.0930593991992,0.35505429896712776,-0.019380643356128983,-165.18357272126283,351.5939381492846,17.23991575489069,458.0610100801902,-6.657927301602101,35.83982397393185,0.8198406624760398,8.924947152537635,3.253366917676457,37.6643705937611,0.780836534891506,9.497636402497788,-4.061331418891664,40.633589978017106,0.8219655332610618,9.598371202825456
30.399,-109.03874202139005,121.94869919554918,-111.08061766192559,296.06699602878825,0.39438517566902365,0.010837399788383495,-166.0204672414677,353.1010830155947,17.27669288537954,461.11484074542665,-6.730497141886073,35.87816374461415,0.8250439771846725,8.977304871124831,3.1872019505139035,37.70585026011853,0.7970295720443252,9.538436720668257,-4.139513327832169,40.6592632364743,0.8291103116380732,9.657975850029153
30.5,-109.03874202139005,121.94869919554918,-111.44968053846279,297.0506720246732,0.35935115695401937,0.002499782221763467,-166.86940615307338,354.6276539936365,17.31230687081134,464.2152199705976,-6.804292344351373,35.91758297206232,0.8316602934314838,9.030839141383204,3.1186694617755646,37.749633045785075,0.8133514550599976,9.580097116308853,-4.219327840401885,40.68600123568967,0.8377024350468345,9.718869748594619
30.599999999999994,-109.03874202139005,121.94869919554918,-111.81508932711347,298.02460865426224,0.3936698036584748,-0.009192710363496528,-167.71238122843263,356.1420001681352,17.350939415968078,467.2955285046811,-6.877680802522918,35.95707542934583,0.8351338261348046,9.084276463784882,3.0497008401714454,37.79425012237096,0.8294942637586483,9.62164712444833,-4.298907847686167,40.71301528964064,0.843097862066477,9.77962033282034
30.698999999999998,-109.03874202139005,121.94869919554918,-112.17684402787768,298.98880591755545,0.36384212514849523,-0.004892124609906501,-168.5505221344017,357.64546478552705,17.387149177028988,470.360690788731,-6.950798638553176,35.996859251636344,0.8403979569521698,9.137816694617824,2.9798063086721243,37.840310540220166,0.845439496903154,9.663229673277675,-4.37849536066811,40.74056415527015,0.8502850040560641,9.840439452340757
30.799000000000007,-109.03874202139005,121.95981868834359,-112.5422528165284,299.96274254714467,0.3812622384754176,0.00586404059025665,-169.39712911012802,359.16411591420575,17.42372469325213,473.4568143079735,-7.024655038583743,36.03704493071767,0.8457152608080944,9.191897735863224,2.9092057718041193,37.88683621481532,0.861545793008716,9.705232247852772,-4.4588867879226,40.76839129226966,0.8575447434394857,9.901872906401787
30.899,-109.03874202139005,121.95981868834359,-112.90766160517909,300.93667917673366,0.3739915155416993,-0.0029417285607343645,-170.24735935545354,360.68706393373066,17.460439695047096,476.56875850943607,-7.098976603583065,36.07793976370282,0.850877761684714,9.246620929798224,2.836999824856633,37.93529284628887,0.8776204050513629,9.74769074890349,-4.540087476192833,40.79705010392303,0.8646482987714573,9.96398759288312
31.0,-109.03874202139005,121.95981868834359,-113.27672448171629,301.92035517261866,0.3836438907901618,-0.018340000274021967,-171.1085704951134,362.22818149015905,17.498488104236664,479.7225733202595,-7.174334591122742,36.119704845758,0.8552124373091957,9.302329793244281,2.7630002790602317,37.985560251705444,0.8938244365954566,9.79088556350129,-3.999416809580839,40.6626713757984,0.808743971230809,9.999259282813027
31.099000000000004,-109.03874202139005,121.95981868834359,-113.63847918248048,302.8845524359119,0.35078668779376343,0.013701079010252592,-171.9561987851351,363.7429080303557,17.53261605460845,482.8296865312671,-7.24875113563199,36.1615427379035,0.8622506281781166,9.357552293186094,2.6889224232088775,38.03680217682747,0.9096725037797785,9.833685167150806,-4.075983695371792,40.68890108345912,0.8174282039092231,10.061521465932207
31.200000000000003,-109.03874202139005,121.95981868834359,-114.00754205901768,303.86822843179687,0.35119218484964343,-0.007638500110476886,-172.82095087899552,365.2882351067178,17.567433458523098,485.99956970613323,-7.324671044676775,36.20422583999133,0.8694310047211566,9.413890399187336,2.613348045017095,38.089079292356004,0.9258407339375202,9.877349409257885,-4.154097386936296,40.71566068420389,0.8262878756316452,10.125041470932581
31.299999999999997,-109.03874202139005,121.95981868834359,-114.37295084766836,304.8421650613859,0.3701754387602576,-0.0074954444463847915,-173.680592977685,366.8223647547676,17.603796540488265,489.1539211673086,-7.40041657686444,36.247456044827445,0.8748421525440299,9.470284060325577,2.536994837330556,38.142842849609174,0.9418137808937567,9.921047416681072,-4.232380448848989,40.743187568512205,0.8333460638671252,10.188592345780425
31.400000000000006,-109.03874202139005,121.95981868834359,-114.73835963631909,305.8161016909751,0.35230147462929573,-0.005699480420003993,-174.5425586815663,368.3592602986848,17.63841098069015,492.3188517351575,-7.476518053168617,36.29130580524019,0.8817713910070478,9.527089628835018,2.4596422181320814,38.19795646056238,0.9577588004932063,9.96505797770118,-4.311257013423529,40.77138321573059,0.8419463706882806,10.252585276627444
31.498999999999995,-109.03874202139005,121.95981868834359,-115.10011433708324,306.7802989542682,0.3798293584112039,0.005213861856978843,-175.3993697049066,369.88491573589266,17.67348892305279,495.4678042647622,-7.552351211155658,36.33560320888604,0.8878855727280341,9.58394049355187,2.3816122606443386,38.2545377056031,0.9735071594094927,10.009093923706295,-4.3901815618472355,40.80026520013453,0.8497101270952866,10.316595222303208
31.599000000000004,-109.04552621039419,121.95981868834359,-115.46552312573398,307.75423558385734,0.3415266104373612,0.0033539622783791663,-176.26483538504849,371.42598183408273,17.708921188065563,498.6485643956766,-7.628950360637532,36.38034806105358,0.8940615138603447,9.64136560942749,2.3027941217678154,38.31169047837151,0.98941459265827,10.053574677246823,-4.469903327931802,40.82943892175469,0.8575523052841831,10.38125173308682
31.698999999999998,-109.04552621039419,121.95981868834359,-115.83093191438465,308.7281722134464,0.38368549226030013,-0.018063479374697777,-177.1337806090991,372.9711917282469,17.74662748623911,501.84515593928575,-7.706051219588159,36.42602414563571,0.8982362328258652,9.699405943084468,7.207899050347416,36.62097205640062,0.4809555456800985,9.049696562393562,-4.550479750452888,40.859626872006615,0.8633611979280087,10.4465679531635
31.799999999999997,-109.04545836849857,121.95981868834359,-116.19999479092185,309.7118482093314,0.35648542380940973,-0.01091355186564326,-178.01382759555082,374.5347324847311,17.782025020335663,505.0844800332047,-7.784215230373994,36.472722105875334,0.9047543560471487,9.758452152096222,7.16956383917667,36.65194770143676,0.4949992795780516,9.079178279614174,-4.632379509759677,40.8907507611499,0.871574385759731,10.51299129089244
31.899,-109.03874202139005,121.95981868834359,-116.56174949168606,310.6760454726246,0.3664008441792388,-0.001402028868046323,-178.87997926707965,376.07153856806354,17.819604574384318,508.27546947190046,-7.861251829393849,36.519335259099506,0.9086463791704218,9.816951650476843,7.130723331868772,36.6840340902019,0.5087481865632221,9.108436199169907,-4.021051417744913,40.70717711612627,0.8090477365086322,10.539020536119637
32.0,-109.04552621039419,121.95981868834359,-116.93081236822326,311.6597214685096,0.40522383261513867,0.000698074640720925,-179.76362895217466,377.639391238938,17.857943311343043,511.530923343701,-7.939844723343395,36.566890092186796,0.9126170290234579,9.876632956905555,7.091098167847586,36.71676868884107,0.522774849245062,9.138285187807572,-3.397373263265233,40.51989491261731,0.745257922626201,10.565575624684756
32.099000000000004,-109.04552621039419,121.95981868834359,-117.29256706898747,312.6239187318028,0.3619103895215912,-0.017202172490121594,-180.63461080261112,379.18198485226145,17.894285124184705,514.74292109323,-8.017313775182977,36.61441323789713,0.9175253722192475,9.93598057934276,7.050621098224074,36.75116894937654,0.5365000946150611,9.16802915290285,-3.4677915212765056,40.54394443464731,0.7511345639780216,10.631279485801919
32.199,-109.04552621039419,121.95981868834359,-117.65797585763814,313.59785536139185,0.3843321083680683,0.012697032455346572,-181.51439044951655,380.7401602192547,17.930994026044967,517.9873632644712,-8.0955653426977,36.66241641538231,0.9224832946392364,9.995927672713668,7.00973516931144,36.78591668729115,0.55036397882718,9.198073562089998,-3.538921074823239,40.568236881142255,0.7570705653434963,10.697647022283896
32.29900000000001,-109.04552621039419,121.95981868834359,-118.02338464628886,314.571791990981,0.33813078034569444,0.011098971163626575,-182.3976659519041,382.3025291050772,17.964254069412025,521.247677196799,-8.174233667706746,36.711338692998154,0.9303099329543343,10.056487268113436,6.967640151342816,36.82243656986732,0.5642129519595063,9.228492817642515,-3.6107697216524266,40.593463785289984,0.7659083328862379,10.764676536365474
32.400000000000006,-109.04552621039419,121.95981868834359,-118.39244752282607,315.555467986866,0.3790073357637709,-0.011929801814141367,-183.2921085747004,383.88331548380575,18.00190724194642,524.5513649170111,-8.253991249582013,36.76143791776741,0.9347776874155106,10.118060248196215,6.924318444391982,36.8605351110938,0.5781861388466015,9.259474737873532,-3.683858132106406,40.61963540421413,0.7713754348887469,10.832819260056322
32.5,-109.04552621039419,121.95981868834359,-118.75785631147674,316.52940461645505,0.33055116054069555,-0.0008375386079293779,-184.1799811039975,385.45118855712315,18.034428315535862,527.8330041180917,-8.33326425038557,36.81176092274094,0.9431600798711625,10.179421805423365,6.88064084017924,36.89946637562236,0.5920078872267244,9.290408472803856,-3.7567529483346584,40.64627034762807,0.7807990390288152,10.900721218436225
32.599999999999994,-109.04552621039419,121.95981868834359,-119.12326510012743,317.5033412460441,0.36034274114055453,0.0047334577968901155,-185.07006650608025,387.0217142807288,18.06988226603685,531.1252393084945,-8.41287084197484,36.862890071161715,0.9490759375144543,10.241168083897657,6.836194241933207,36.93960920968589,0.6058163762094843,9.321602218053684,-3.8302246117710124,40.67370507911984,0.7877368332753155,10.969045586285567
32.699,-109.04552621039419,121.95981868834359,-119.48501980089162,318.4675385093373,0.33510056011733946,-0.0007389797521462882,-185.9545253836808,388.5804578012575,18.103024495852186,534.4002406747295,-8.49215820549869,36.91471094945995,0.9565208710213025,10.302864389233884,6.791077552201166,36.981158529198495,0.6194660714523887,9.352874538735067,-3.9038006266718646,40.70206309983485,0.7962329003958459,11.037310141106069
32.79900000000001,-109.04552621039419,121.95981868834359,-119.85042858954236,319.4414751389265,0.34528992422409577,-0.020688913963313186,-186.84791818933792,390.154946205832,18.13650149566566,537.7083228628459,-8.57224645148238,36.96705527097332,0.9640410058767049,10.365183889573508,6.745505138330416,37.02312753880719,0.6332536424048181,9.384462741443537,-3.9781198336424257,40.730707565203545,0.80481478637618,11.106264236884357
32.899,-109.05231039939831,121.95981868834359,-120.21583737819303,320.4154117685155,0.33600367443082135,-0.014869701187769863,-187.74456918405025,391.7333458752548,18.169579586864923,541.0322464963995,-8.652823755940734,37.02068803619956,0.9718488252196625,10.428066593573202,6.698833133517463,37.066938617941126,0.6470105095637794,9.416450928519394,-4.053309967465241,40.760631886174274,0.8137086667018393,11.175839687690242
33.0,-109.04552621039419,121.95981868834359,-120.58490025473023,321.3990877644005,0.3818705627816893,0.006036876465133451,-188.65251370629352,393.3303344881146,18.207557510623534,544.4002011819778,-8.734461678801523,37.0755598223721,0.9759698038851006,10.491981558275722,6.650967484918142,37.112450055767475,0.6608824386179822,9.449034130448656,-2.7102649193573556,40.28629772318859,0.6818832328392417,11.158198294024933
33.099999999999994,-109.0455940522898,121.95981868834359,-120.95030904338091,322.37302439398957,0.337130699353712,1.5416539278629866e-05,-189.55377611042516,394.91429296452134,18.240753629111254,547.7454992868444,-8.815532446981102,37.130582054604815,0.9836141783218654,10.555662476975993,6.6028690074789065,37.15876803107886,0.6746065681423471,9.48156972810322,-2.775078051329819,40.308734329212015,0.6898580035844941,11.227596529560323
33.199,-109.05231039939831,121.95981868834359,-121.31206374414512,323.3372216572828,0.36768630704302385,-0.01262299943601855,-190.4493804273103,396.48645733470465,18.275909087183738,551.073082221956,-8.89615650911568,37.1861435250833,0.989284623486811,10.619284084391117,6.554234971296465,37.20648760613828,0.6881659627542599,9.514190226042608,-2.839909208318029,40.33196650314548,0.6958868130962081,11.296938530771548
33.29900000000001,-109.05231039939831,121.95981868834359,-121.67747253279585,324.31115828687194,0.3534830246757266,-0.00710285098605408,-191.35403125244687,398.07450215307176,18.311419650893317,554.4342771059074,-8.97759495571627,37.24226622253633,0.9950123458756454,10.683548334305385,6.505109682223289,37.2546891971074,0.7018623209481119,9.547140223961183,-2.90539522547784,40.35543334550252,0.7019765196736973,11.366980956237436
33.399,-109.05231039939831,121.94869919554918,-122.04288132144652,325.285094916461,0.36240399024917647,0.016171615424427153,-192.26210178832628,399.66667973119803,18.347120443426867,557.811385206694,0.005628241196120598,33.08973452238055,0.16832858899883107,6.835894246504882,6.45498476142687,37.304788969171234,0.7155310635066899,9.580509937924855,-2.971509248383008,40.379893057870476,0.7078974653484055,11.437671075210327
33.498999999999995,-109.05231039939831,121.94869919554918,-122.4082901100972,326.25903154605004,0.373045003710488,-0.011681882574534114,-193.17251796218076,401.2616892890692,18.383865796485598,561.1991580025558,-0.011086022686679305,33.08745139103078,0.16906618320901456,6.8533500172020565,6.404207564530135,37.35616694097943,0.7291867283442272,9.614164072406387,-3.0379884948590576,40.404946015321805,0.7129673177267655,11.508802200628356
33.599000000000004,-109.05231039939831,121.94869919554918,-122.77369889874792,327.2329681756392,0.3260015020342256,-0.015388600137494721,-194.08516287477127,402.859391312435,18.415986196634627,564.5975673653996,-0.028001230524989654,33.085611981043755,0.17129169772011157,6.871071936511673,6.352791359324406,37.40882979026799,0.7428192989604138,9.648105296356771,-3.1049198352036447,40.4307524046895,0.721720543876401,11.580355380817911
33.699,-109.05231039939831,121.94869919554918,-123.1391076873986,328.20690480522825,0.3794013679052158,0.0006029986250622654,-195.0000530124604,404.4598134076793,18.45337746166843,568.0066222259776,-0.04510141553103416,33.08418862332754,0.1718971024473396,6.889067979870717,6.3007507737391695,37.462784689044156,0.756428900367855,9.682336149682381,-3.1722806242036583,40.45728871360916,0.726264613719789,11.652332940182701
33.79900000000001,-109.05909458840243,121.94869919554918,-123.50451647604933,329.1808414348174,0.3387415824013388,0.005210541548001799,-195.9172278805792,406.0630055641464,18.486762454233922,571.4263372540843,-0.06235532764120792,33.08312545254525,0.17387444055124102,6.907348155516163,6.2480993296800005,37.51803808903625,0.7700210953701982,9.71685923652877,-3.24003018626884,40.484504899246375,0.7339774020159759,11.724740070934278
33.899,-109.05909458840243,121.94869919554918,-123.86992526470002,330.15477806440646,0.36130109822099954,0.000861956241518573,-196.83663086127575,407.66889716644266,18.52237026031375,574.8567000887853,-0.0797953968154701,33.08250701303807,0.17515901660722627,6.925910590872929,6.194849624836844,37.57459584300591,0.7835965893709594,9.751677213948966,-3.308207374046925,40.512482964663356,0.73991749381998,11.797566928227559
34.0,-109.05909458840243,121.94869919554918,-124.23898814123721,331.13845406029145,0.3852196555389469,-0.01851050335698038,-197.76764015544293,409.29377006605216,18.560720912943584,578.3322205238684,-0.0975053598123532,33.082116552834776,0.17561850200476634,6.944969063772653,6.140473853787267,37.63304935009825,0.7972820256892306,9.787145270950152,-1.7043802412285862,39.87085222490815,0.5859914635694985,11.776481008931052
34.099000000000004,-109.05909458840243,121.94869919554918,-124.60074284200141,332.10265132358467,0.35843068208800366,0.005074991048935194,-198.68366137009977,410.89065402604336,18.59471551640508,581.7548334640517,-0.11504776593614624,33.08220962547786,0.1774082075454131,6.964104243634798,6.086332465528118,37.692310497279614,0.8106655361559478,9.82235861583928,-1.7599593155508113,39.88931399715309,0.5918838319295179,11.84858535583661
34.2,-109.05916243029804,121.94858800100839,-124.96980571853862,333.08632731946966,0.3383405034514629,0.0070583298687473504,-199.61818806384056,412.51979826805456,18.629396879532468,585.246590099996,-0.13294456410284336,33.08230457837636,0.17923406875354755,6.983625992787087,6.031097311849595,37.752768839353536,0.824319420571487,9.858283341433236,-1.8166611994553008,39.908148734493885,0.5978952380341838,11.922146356215006
34.29900000000001,-109.0658787773915,121.93757970354487,-125.33156041930282,334.0505245827629,0.33933483673377923,-0.01199909621382196,-200.53854034173867,414.1219398202367,18.662913373167058,588.6903917997967,-0.15087194977642043,33.08344156233655,0.1813791451091288,7.00334937364378,5.975874618989576,37.81467278601236,0.8376628824024948,9.894102251501314,-1.8730592859448825,39.92814146793691,0.6041489500883157,11.995074848734689
34.402,-109.0658787773915,121.93757970354487,-125.70793147161302,335.0536793112396,0.34720859671030924,-0.0026837769569724693,-201.49607857025885,415.78881436442606,18.69778406856466,592.2733370026193,-0.16952367426508982,33.08462448504262,0.1836108912164505,7.0238696587775085,5.918420706216027,37.879077902233156,0.8515454740044511,9.93136839025901,-1.9317360829996941,39.94894198858976,0.6106553373769575,12.070949947012734
34.5,-109.0658787773915,121.93757970354487,-126.0660320844907,336.0081372082369,0.3335220355980287,-0.00037412419851579927,-202.41032330015963,417.3786490432588,18.73001846781063,595.6980113268565,-0.1875449250956499,33.08653788079939,0.18627454936862856,7.043839456924726,5.862991141474284,37.9423225141526,0.8647222837804113,9.967278289929302,-1.988156175126135,39.9698849185716,0.6175510664260392,12.143746543745884
34.599000000000004,-109.0658787773915,121.93757970354487,-126.42778678525491,336.97233447153013,0.39057131713152016,-0.00704976990621826,-203.33726851043352,418.9888090988925,18.764752599201024,599.1734028789778,-0.20592703386843042,33.089006488966,0.1881004188880578,7.064494555729693,5.80626214125609,38.0081979603448,0.8779962822869875,10.004014519824084,-2.045606143011196,39.991962072582986,0.6228853228656797,12.217918671169851
34.7,-109.07266296639563,121.93757970354487,-126.79684966179211,337.9560104674151,0.3214909722182871,-0.018610416214534038,-204.28293988657148,420.63149764049854,18.800188430215467,602.7190043614447,-0.2246804983739935,33.09152496800466,0.18996317466040474,7.085566929257992,5.748387100629451,38.075404223631786,0.8915384423795545,10.041492895777345,-2.1042167163080734,40.014485229705706,0.6283273420616762,12.293589225410459
34.79900000000001,-109.07266296639563,121.93757970354487,-127.1586043625563,338.92020773070834,0.32527509452257936,0.004555181347696131,-205.21406745607248,422.2467623471913,18.83284663020944,606.2154288878008,-0.24343572339658884,33.09520342054453,0.19289923231605924,7.106841043921058,5.690724456338215,38.143955603413325,0.9047645920226007,10.078851799843278,-2.1624690918852503,40.03826812110686,0.6352123127787143,12.368550146290119
34.899,-109.07266296639563,121.92646020996038,-127.52401315120699,339.8941443602974,0.34326919519666643,0.015248016683181875,-206.15460035455828,423.87834285900203,18.865834711011424,609.7471708336147,-0.26238039513658235,33.09891902917065,0.1958649471197504,7.1283300486312235,5.632479361094547,38.21319942137447,0.9181243391367877,10.11658806657654,-2.221309875296534,40.062291243734286,0.6421668286545096,12.444268248188758
35.0,-109.07266296639563,121.92646020996038,-127.89307602774419,340.8778203561824,0.3777587125207576,-0.006190158249955613,-207.1079187085676,425.53036247829533,18.9034768608586,613.3304230644709,-0.28171270971627943,33.10334475887065,0.19685781220907406,7.150543803328203,5.572969199409792,38.28519975120298,0.9315862165432687,10.155184924056941,-0.40187176549521886,39.251624409404826,0.4736064225882694,12.416724515294996
35.099000000000004,-109.07266296639563,121.92646020996038,-128.25483072850838,341.8420176194756,0.3160527605583406,-0.0106981040359561,-208.04553639231722,427.15354384129444,18.934531569629133,616.858559756227,-0.3008986130795874,33.108554272099674,0.20084447138599298,7.172811096836672,5.514002414202379,38.35780847149158,0.9447452940894624,10.193496313811883,-0.44743227644109884,39.26524969606052,0.48029070640368615,12.491752685285165
35.199,-109.07266296639563,121.92646020996038,-128.62023951715906,342.81595424906465,0.31965262655637744,-0.007773988420137862,-208.99262496176118,428.79312097563684,18.965899962326635,620.422334192344,-0.32027831344656327,33.113816406674445,0.20487139984752686,7.195303312501791,5.454440004901966,38.43115061319723,0.958037291610869,10.232194687301718,-0.49345299456824593,39.27901261187435,0.4870425082374398,12.567538715578259
35.29900000000001,-109.0794471553847,121.92646020996038,-128.9856483058098,343.7898908786538,0.3516667072159735,0.012694592157496715,-209.942834930704,430.43651411319473,19.000611066612354,624.0020395965422,-0.3399154694160027,33.12006919422496,0.20731569258806565,7.218292871944553,5.394267198956271,38.50654939539756,0.9712901064031646,10.271379205642493,-0.5400270026295243,39.294020167553136,0.4916108686948685,12.64392086402125
35.399,-109.0794471553847,121.91534071716599,-129.3510570944605,344.76382750824285,0.31553292223053514,-0.012013135780443551,-210.89515765316972,432.08248894675387,19.031753728047462,627.5924127008074,-0.35970551269193657,33.12694997388836,0.2117745572335052,7.241624924061034,5.333704154417933,38.5833291086863,0.9845225210179085,10.310891801338837,-0.5869442555556488,39.30983016394136,0.4985986718713895,12.72070451440409
35.498999999999995,-109.0794471553847,121.91534071716599,-129.71646588311114,345.7377641378319,0.36794154601607776,-0.013917860355089257,-211.84964345041382,433.73110944427583,19.06807809365833,631.1934725031772,-0.3796250150580352,33.13438068105259,0.21343611114677422,7.26531149392577,5.272765353539444,38.66149375844959,0.9977236244945892,10.35073453315299,-0.6341669134605554,39.32637025164181,0.5021142541379198,12.797897652593532
35.599999999999994,-109.0794471553847,121.91534071716599,-130.08552875964835,346.72144013371684,0.3121741580376365,0.0005183879688292483,-212.81585492189427,435.3988898981762,19.099211670725094,634.8413900418507,-0.3998702141163484,33.142463936568625,0.21828157164759007,7.289598024286183,10.417245209621804,35.345270845740075,0.4123425890433015,9.00289139397259,-0.6821682924022032,39.34383820281278,0.5094109271535419,12.876274680191065
35.699,-109.0794471553847,121.91534071716599,-130.44728346041256,347.6856373970101,0.3362315178184362,0.014173852578552767,-213.76605260903236,437.0374694139539,19.132971104532007,638.432975034135,-0.41991778883148106,33.15136460044673,0.2212990725414409,7.313935028498718,10.394890681913992,35.380737704856564,0.4233653728622212,9.021700544001149,-0.7297041043222329,39.36220487237218,0.5144148268072064,12.953688011714672
35.8,-109.07951499728031,121.91522952262518,-130.81634633694975,348.66931339289505,0.3543235985987584,-0.0024647329320014264,-214.73544620904187,438.7091515462118,19.167412547102693,642.0971172989906,-0.4403703650560094,33.16044507571632,0.2243775330493088,7.338763689362011,10.372084547585823,35.41692106617743,0.4346108391825326,9.04088967685857,-0.7782002356749882,39.38094258576106,0.5195198153427628,13.03266524892562
35.899,-109.0862313443888,121.90422122516168,-131.17810103771396,349.6335106561883,0.31301825336955075,-0.017729267784868708,-215.6898236667454,440.35285174069185,19.19893919637292,645.7098572905643,-0.46065399424077047,33.170598698105856,0.22885538972881425,7.363826041607551,10.349093896509155,35.454585555487355,0.4456146476389413,9.060134979724035,-0.4508341765381132,39.217292903155354,0.4920401355291384,13.089056483674103
36.0,-109.0862313443888,121.90422122516168,-131.54716391425117,350.6171866520733,0.33170672827320713,0.0005839077255897778,-216.6634814771298,442.0297579997068,19.231102747648606,649.3955819284323,-0.48134739371209134,33.180957444180024,0.23342370815942062,7.389394703999464,10.325638787834981,35.49301094357122,0.456840755256085,9.07976907658678,-0.11685466166111491,39.050337166355604,0.4640053106687754,13.14658693528619
36.099000000000004,-109.0862313443888,121.90422122516168,-131.90891861501538,351.58138391536653,0.34086661765951104,0.003211176924513566,-217.62203343187286,443.6785846937689,19.264729103494567,653.0294401392471,-0.5018399077267774,33.192347659577656,0.23673727347061774,7.415200055370653,10.302059242418514,35.532880274979256,0.4678261784139088,9.099464377876357,-0.16026961125727426,39.06673449455168,0.46866865852177486,13.225097167429494
36.199,-109.0862313443888,121.90422122516168,-132.27432740366604,352.5553205449556,0.34685259434724147,-0.00966743749873312,-218.59026772959302,445.34406620292236,19.298695119500586,656.7000039885545,-0.5225394168325189,33.203852927656065,0.2400843091384933,7.441266066856701,10.278241519775621,35.573152326906566,0.47892256544201256,9.1193586216032,-0.2041230956978351,39.08329745232549,0.47337911089854157,13.304400432220701
36.3,-109.0862313443888,121.89310173236728,-132.64339028020325,353.5389965408405,0.3324765530232914,-0.005166426191722278,-219.57144527210804,447.03021005843954,19.331870546399784,660.4235000263609,-0.5435742150591593,33.21633031534127,0.2442334926037494,7.468182044385184,10.253762128733275,35.61552567218174,0.490109479238419,9.13980677428377,-0.2487867750567542,39.10112187130722,0.4788915480637999,13.38510733480835
36.400000000000006,-109.08629918628444,121.89310173236728,-133.008799068854,354.51293317042973,0.3442648975725126,0.007646985758099616,-220.54505224234282,448.70229860038773,19.365884411318554,664.1208929621469,-0.5644816610707892,33.22928061515798,0.2476458665392629,7.495225945093388,10.229260234033596,35.65861015653913,0.5011774606563894,9.160293093918867,-0.2932534819861249,39.11952566198037,0.48361268644638145,13.465415263298633
36.498999999999995,-109.093015533408,121.89310173236728,-133.37055376961814,355.47713043372283,0.315562603777835,-0.0026590218983061457,-221.5120310276029,450.36148932281634,19.399011591120264,667.7971529494673,-0.585297832404474,33.24306131129561,0.25143716904292834,7.522581575818769,10.204633804863745,35.7029335834028,0.5121196893906382,9.18093655732558,-0.33764728581821024,39.13893982065383,0.4886765548340926,13.545497821820133
36.599000000000004,-109.093015533408,121.89310173236728,-133.73596255826885,356.451067063312,0.3615471995538542,-0.0093461879063572,-222.4887772753405,452.03743954749206,19.432473388899776,671.5105468760544,-0.6063242680950686,33.25698120638413,0.25526676753148003,7.550213526046432,10.17975862388409,35.747704721648944,0.5231724456878615,9.20178854056469,-0.38248951191123437,39.158550081940156,0.49379157340753926,13.62638929507419
36.699,-109.093015533408,121.88198223957288,-134.10137134691954,357.42500369290104,0.3390637432338368,0.0011154606372499242,-223.46878900516165,453.7174101660266,19.465980682792956,675.2399900408273,-0.6274345452089255,33.27167064635376,0.25911036406251947,7.578459966449904,10.154533014474469,35.79416740551054,0.5342053933547914,9.223014145376354,-0.42763384164241847,39.17917720563834,0.49889011322967775,13.707885445413705
36.79900000000001,-109.093015533408,121.88198223957288,-134.46678013557027,358.3989403224902,0.33376423495631724,0.005986673733591787,-224.45092066169732,455.3999929384184,19.498964421448374,678.9801523678706,-0.6486028506492743,33.28697554943016,0.26333822567398296,7.607114179173836,10.129088303318012,35.84176463581399,0.5452274362622277,9.244494980541864,-0.47299827144196277,39.200583811790864,0.5043524297273836,13.7897724949527
36.899,-109.093015533408,121.88198223957288,-134.83218892422093,359.37287695207925,0.33456578258373193,-0.01224125355702883,-225.43515893734477,457.0851697001324,19.53202797954061,682.7310326353179,-0.6698251737943465,33.30291885334441,0.26755344628792493,7.6361783869050885,10.103435304227151,35.89049844732384,0.5562379031826956,9.266235040339897,-0.5185816146832005,39.22279356848571,0.5097816017576164,13.87204663834281
36.998999999999995,-109.093015533408,121.88198223957288,-135.1975977128716,360.3468135816683,0.3513912451349163,-0.005343228913851212,-226.42155773769943,458.77301021043985,19.566761372413,686.4926525456624,-0.6910885194802859,33.31941317900757,0.2706698178727332,7.665664534150149,10.077585925055509,35.94037095521943,0.5672322778596994,9.288238300938335,-0.5643536916083728,39.245723313968746,0.5141102222348,13.95471699345565
37.099000000000004,-109.093015533408,121.88198223957288,-135.56300650152235,361.32075021125746,0.3471755896537986,-0.0006349082192766929,-227.41015485495876,460.4635649965095,19.601081670885385,690.2650287685541,-0.7123825227489697,33.33639604258664,0.2740779037052532,7.69558214237985,10.051552218872231,35.9913841740864,0.5782124724071354,9.310508723342346,0.04659114888572957,38.91302205058838,0.45849241964997706,13.992490623801023
37.199,-109.099799722382,121.87086274677847,-135.92841529017304,362.2946868408465,0.3075249189197465,0.018623224016571897,-228.40081199920004,462.15666381615074,19.631481499817184,694.0481185505868,-0.7337130929957439,33.35408679214797,0.2801959795571456,7.725915615852969,10.025345539324213,36.04353988244032,0.5891811708295667,9.333050260586578,0.004838327727685377,38.93276170424016,0.46521484436845334,14.075467204774574
37.29900000000001,-109.099799722382,121.87086274677847,-136.29382407882375,363.26862347043567,0.3410758796872211,-0.017593769860379933,-229.39351265879802,463.85228079304187,19.665194300635363,697.841918895082,-0.7550764217762992,33.37251614425001,0.28409437915615765,7.756666348581054,9.99897597090265,36.09683956260561,0.6001399759954801,9.355866866007402,-0.03712440756747066,38.95337761674786,0.469863750810461,14.15881724151404
37.399,-109.099799722382,121.87086274677847,-136.65923286747443,364.2425601000247,0.3203113768036001,-0.004396895831592687,-230.38829570317097,465.5504667184957,19.69686282302041,701.646446461624,-0.7764615251824184,33.39162053888116,0.2894418177963212,7.787843895943663,9.972455420625442,36.15128484171863,0.6110798411390214,9.378962461573959,-0.07927304805305113,38.97480974128835,0.4758492716272091,14.242546943061486
37.498999999999995,-109.099799722382,121.85974325398408,-137.0246416561251,365.2164967296137,0.35064546582275696,0.00836623165983207,-231.38518919197503,467.25126044016423,19.731532388275795,705.4617147123917,-0.7978610441495327,33.411352315930834,0.2927267014815613,7.819456404613527,9.945796071385773,36.20687726262173,0.6220052984791862,9.402340946209574,-0.12158996198703041,38.99701298955392,0.4799205996824659,14.326660744291141
37.599999999999994,-109.09986756427764,121.85974325398408,-137.3937045326623,366.2001727254987,0.32638222876147427,0.003546108598857645,-232.3942139234069,468.9717317231692,19.764123253470977,709.3260480769968,-0.819481379560246,33.431888166973096,0.2977598499401051,7.851832845276105,9.918740612742566,36.26419133406193,0.6330252910325158,9.426244281732915,-0.16448633426683062,39.02019321338016,0.48561513851195215,14.412007781891392
37.7,-109.10658391140122,121.85963205944327,-137.75911332131304,367.17410935508786,0.3365500849764192,-0.01235967921607002,-233.39534595260173,470.67775617088205,19.797398323712606,713.1629134909942,-0.8408892009324702,33.452891954742064,0.3020680796233172,7.884329228881091,9.891835993801534,36.322093314621064,0.6439243131837555,9.45020283847379,-0.20711997903637286,39.04396183813891,0.4906276056886271,14.496887964375713
37.79900000000001,-109.10658391140122,121.84862376118969,-138.12086802207725,368.13830661838114,0.3190839596473421,-0.001058944329337057,-234.38955167078325,472.3705322597133,19.830184128800564,716.9773601284471,-0.8620711774679279,33.47469553640204,0.3064793969700913,7.917156591510147,9.865050709403445,36.38112563788075,0.6546869178973166,9.474360432961785,-0.24955391983937625,39.068722117187534,0.495718542771421,14.581472816404279
37.900000000000006,-109.10658391140122,121.84862376118969,-138.48993089861443,369.1219826142661,0.35037312143833266,0.0036848583666450867,-235.40384235296838,474.0975058452885,19.863632273385246,720.868866293929,-0.8836810727212727,33.496939594459185,0.3109798318390222,7.950647133182213,9.83772430814883,36.4413505333275,0.6656669489687269,9.499006059661657,-0.29284511197173124,39.09398260389371,0.5009123270680085,14.667766453322306
37.998999999999995,-109.10658391140122,121.84862376118969,-138.85168559937858,370.0861798775592,0.31497260941504374,-0.004384189568227217,-236.40220989554547,475.7954269071303,19.896558205651385,724.7046078709116,-0.9048262597871383,33.520010111629915,0.31533208311658173,7.984366867056962,9.810778102637633,36.50266504032117,0.6763976371792154,9.523760557617315,-0.09069402133708374,38.974837181473305,0.4831004280863539,14.73706684477872
38.099999999999994,-109.10665175329682,121.84851256664888,-139.2207484759158,371.06985587344417,0.35715267392359074,-0.018602143103967333,-237.42074647938682,477.52764940456507,19.930149308266337,728.6178391767223,-0.926398622349286,33.543546699854595,0.3197722586623752,8.018767807676658,9.783287529338327,36.565218224223806,0.6873451069697147,9.549015146440768,0.11554092971444524,38.85328478082218,0.4649286927616338,14.807767244143351
38.2,-109.11336810039028,121.83750426918537,-139.58615726456654,372.04379250303333,0.3115196315519995,0.013563731105261928,-238.43235522294495,479.2466319066903,19.960967450048834,732.5084691335041,-0.9477122293103003,33.567796879240895,0.3259558460532368,8.053512751367775,9.755977536089844,36.62888288375227,0.6981564165993212,9.574480751085362,0.07538667231304996,38.8773434734921,0.47129767013504476,14.89418919005667
38.29900000000001,-109.11336810039028,121.83750426918537,-139.94791196533072,373.0079897663266,0.3313132333249703,0.0068541631365792235,-239.43686455074757,480.9521599062962,19.993326564711968,736.3760948468489,-0.9687441557119766,33.592895096122184,0.33078703821144123,8.088578951315993,9.72887708159326,36.693619912939766,0.7088407694213726,9.600155449032066,0.035453965611665014,38.902447451357524,0.4764698487845225,14.980280272655229
38.399,-109.11336810039028,121.83750426918537,-140.3133207539814,373.98192639591565,0.32959483408236623,-0.006040541363377337,-240.4515204374168,482.67491546145345,20.026012539119172,740.2827874865907,-0.9899885258146778,33.618246830345704,0.3356670302904351,8.12399935530409,9.701502885132067,36.759010851513,0.7196330449992013,9.626089487362067,-0.004882101763467466,38.92780500475694,0.48169427166278234,15.067240962148714
38.498999999999995,-109.11336810039028,121.82638477639098,-140.67872954263208,374.95586302550464,0.3227259739880842,-0.012245634903916204,-241.4692546987416,484.40147988119367,20.05793897450822,744.2055600248735,-1.011152013154272,33.64465170516857,0.3411352840667039,8.160105578741845,9.674086453938918,36.82612873846652,0.7303977654916598,9.652499290723425,-0.04537718979689754,38.95441655176019,0.48744948697268603,15.154743644810791
38.599000000000004,-109.11336810039028,121.82638477639098,-141.04413833128282,375.92979965509386,0.3445416175267657,0.017236924674155305,-242.48908368729784,486.1306410810119,20.092027236895866,748.1391062921261,-1.0322574108188882,33.67169995632657,0.34503277635776575,8.196679937897455,9.646657979681088,36.89440207009181,0.741143246364914,9.679232160054877,-0.0859610297966158,38.98180805204199,0.49181234269262714,15.242614501361361
38.699,-109.11336810039028,121.82638477639098,-141.40954711993348,376.90373628468285,0.3288456438726649,-0.0008431435746509619,-243.51102841116077,487.862421425762,20.124557646518284,752.0834368524108,-1.0533010252452282,33.69936049559772,0.3500858089117725,8.233727902199522,9.619228053405418,36.963830911892366,0.751876649682554,9.706291716569995,-0.12662289594514528,39.009949897231834,0.49721014485425064,15.330856082590799
38.79900000000001,-109.12015228939438,121.82638477639098,-141.77495590858422,377.87767291427207,0.34972209028734536,-0.012357482159797184,-244.53510625029614,489.5968401739935,20.15915637479367,756.0385613063322,-1.0742804185706833,33.72760701979458,0.3536221066197777,8.271254482270347,9.591807590568498,37.034415222695465,0.7625906635440686,9.733681544412194,-0.16735410976485443,39.0388169209141,0.5012609463842579,15.419470391130007
38.899,-109.12015228939438,121.81526528438667,-142.1403646972349,378.85160954386106,0.3189124996591911,-0.004770224931513996,-245.56128388264204,491.3338603970836,20.19071300322752,760.0044716212005,-1.0951821551918897,33.7564879669771,0.35941075326536215,8.309257655924974,9.564408935140094,37.10615483391858,0.7732820785555872,9.761405160521825,-0.20815035219542122,39.06845937383102,0.5073200771632621,15.508449100023128
39.0,-109.12015228939438,121.81515408984586,-142.5094275737721,379.83528553974605,0.3396639129153598,0.011839853138689386,-246.59982140745976,493.0908533818819,20.224660067836876,764.020981082572,-1.1162014395558435,33.78635101651899,0.36373676578540004,8.348122645506955,9.536771039116438,37.17978422393537,0.784058422791107,9.789748320744971,-0.2494171318058188,39.09923630441405,0.5120894655065498,15.598679146165333
39.099000000000004,-109.12015228939438,121.80414579080217,-142.8711822745363,380.7994828030393,0.3034196279609485,0.007398713841252827,-247.62080083656397,494.8167777122035,20.25633900958326,767.973943386657,-1.1366420261087702,33.816738802096424,0.36919094166623073,8.38691791477608,9.509752384999318,37.253670016338376,0.7946015618426825,9.818037507616898,-0.055844580204571004,38.97713083684758,0.49544920007201715,15.67453095766432
39.199,-109.12015228939438,121.80414579080217,-143.23659106318698,381.7734194326283,0.34318958523505166,-0.01932825685487982,-248.6520931891944,496.56013562161905,20.28833794064021,771.966834602904,-1.1572890832329368,33.847433535002914,0.3747002102327258,8.426105055451957,9.482460815184048,37.32830212987676,0.8052511972483132,9.846612443851164,0.13968324969566076,38.85379198071985,0.47864085114824845,15.75114894907743
39.29900000000001,-109.12015228939438,121.80414579080217,-143.60199985183772,382.74735606221753,0.35655930217730336,-0.0030607957028773464,-249.68658865599144,498.30746164552204,20.323626844986634,775.9758934468383,-1.177803536744067,33.878971885572504,0.3777667850794387,8.466026653567855,9.455264156549514,37.40465909367515,0.8158656133384444,9.87570468015023,0.10151426077122436,38.882955780740716,0.48207068889021293,15.841293323437892
39.400000000000006,-109.12693647839852,121.80403459626136,-143.9710627283749,383.73103205810247,0.28913491650413414,0.0023734812666355745,-250.73348363018027,500.07481176820363,20.35253044975331,780.0359807413114,-1.1983899497776807,33.911580874251186,0.3858929232258289,8.506831931931142,9.427876984619527,37.48294969244258,0.8265620429643377,9.905443516062187,0.06292939703519349,38.91329631511229,0.4899417866674108,15.932687998537842
39.5,-109.12693647839852,121.79302629800777,-144.3364715170256,384.7049686876915,0.3336134131702321,-0.0015578450520533677,-251.77197566366084,501.8270995159927,20.385550654503348,784.0666750119607,-1.218614181293304,33.94472658186421,0.39068491924572496,8.547704740218991,9.400853271570293,37.5616227511815,0.8371370865330782,9.935243188305012,0.024695728544987815,38.94432768577229,0.49490518960559315,16.023506372423363
39.599999999999994,-109.12693647839852,121.79302629800777,-144.70188030567627,385.67890531728057,0.32933472572477573,-0.01887738547749192,-252.81254667158856,503.58196900154854,20.418151203465456,788.1081722743986,-1.23871043261081,33.97852749772981,0.3957977119369621,8.58906683977286,9.373932364827743,37.64144673471378,0.8476894052735878,9.965399477237435,-0.013554501956172006,38.97614355826884,0.5001586200100199,16.114677061939034
39.7,-109.12693647839852,121.79291510346697,-145.06728909432698,386.6528419468697,0.361336361686756,-0.001301450311036,-253.8552801860998,505.33953092537485,20.45392816290867,792.1605088438607,-1.258700146948675,34.012846550629895,0.39852938555849526,8.630932497081556,9.347127023578723,37.722420429927986,0.8582146622236649,9.995915548869693,-0.05181215557058693,39.008605450530254,0.5033221679359461,16.206216756151505
39.8,-109.12693647839852,121.78190680521338,-145.43269788297766,387.6267785764588,0.3530199509578093,0.0043046954416618745,-254.90024864945462,507.09987899836074,20.488882849820424,796.2237167672903,-1.2786021689324232,34.04756668154577,0.4018671312492347,8.67331378732831,9.32044931314229,37.80454256342518,0.8687195003107656,10.026794538246866,-0.09006981772250319,39.04159498165371,0.5070203216885354,16.298139458488436
39.900000000000006,-109.12700432029413,121.78190680521338,-145.7981066716284,388.60071520604794,0.32903663414553563,0.010806459487520185,-255.9473517758003,508.86288662821073,20.521461140569514,800.2977613220628,-1.2983763211930484,34.08284438861846,0.4069757153107483,8.716197625381247,9.293910205995573,37.88781186388007,0.8792064656572538,10.058039567284034,-0.12832092854078986,39.07527361856912,0.5122852065586523,16.39042163162433
39.998999999999995,-109.13372066740264,121.78190680521338,-146.15986137239256,389.56491246934104,0.4124209407915541,-0.0023591803539799493,-256.9874320229129,510.6125521209587,20.558143911337535,804.3472225007558,-1.317861494830545,34.1181502085182,0.4087081887536428,8.759439651272201,9.26786237706381,37.97194368272947,0.8895613238915976,10.089519962969232,-0.16617861651659066,39.10918032138202,0.5145651866039704,16.482371836243416
40.099000000000004,-109.14050485639171,121.78190680521338,-146.52527016104327,390.5388490989302,0.3364775258926987,0.014177287036743947,-258.03801813110766,512.3798910025226,20.595197215143624,808.4375873277193,-1.3375434884037776,34.15381265286138,0.410458161928284,8.803118465303477,9.241551438748894,38.056925317930904,0.9000207766535631,10.121318342449236,-0.20441870538104323,39.14342951614253,0.5168681967507568,16.57525083080817
40.199,-109.14050485639171,121.78190680521338,-146.89067894969395,391.51278572851925,0.47606512643492,0.00825048758509846,-259.092314905685,514.15183657762,20.642323468339967,812.5443690201181,-1.3572184976313437,34.189512855074994,0.4048228617272628,8.847625712451324,9.215489775242611,38.143616346123785,0.9104549142561996,10.153676069756296,0.5267489260805779,38.62544671393167,0.4379801804389578,16.636512892273796
40.3,-109.15420891817612,121.78190680521338,-147.25974182623116,392.49646172440424,0.4153271803933898,0.04219875191947599,-260.1599969853014,515.9450192999914,20.683837963837313,816.7034964545298,-1.3772136375548905,34.225105949065394,0.4035933397669482,8.893185650356264,9.189350410831212,38.2323328352864,0.9209774523998963,10.186741146999651,0.49254003448325767,38.653448880018765,0.4374316342292405,16.731158361505365
40.399,-109.16764161239317,121.78190680521338,-147.62149652699537,393.46065898769746,0.4958854646848755,0.03755655755712044,-261.21114101542486,517.7083361622501,20.73874771384604,820.796943613251,-1.3971830186985983,34.25867623425783,0.3926050348766435,8.938796320783911,9.164011110878779,38.320985090320406,0.9312896357926586,10.219724237282259,0.4589491836835281,38.67964870890003,0.428715154659005,16.824765525004654
40.498999999999995,-109.18120999043153,121.79302629800777,-147.98690531564603,394.4345956172865,0.6251866284766594,0.024294669365131787,-262.2729026620141,519.4894643059457,20.79421210779424,824.9317387230698,-1.417354110762948,34.29258561324008,0.3815057370076499,8.98486770505426,9.138415858401574,38.410532822677986,0.9417059826540337,10.25304049009297,0.4250190313605722,38.70611318251747,0.41991062984058614,16.919318215407966
40.599999999999994,-109.20861811395518,121.81537647892746,-148.35596819218324,395.4182716131715,0.4305056379082526,0.04471980277244761,-263.3504642776479,521.2947029214465,20.837183333165996,829.1250950364057,-1.4383110841125106,34.32479225148543,0.37938674420558194,9.032524475396265,9.112867551043843,38.5027002224642,0.9522136095777607,10.287360997941198,0.39064626811810915,38.73084337565604,0.41860136759069577,17.01581378821199
40.7,-109.23595839562842,121.82660716626266,-148.72137698083395,396.39220824276066,0.5236077707585476,0.0700984422028192,-264.4204215269615,523.085751977198,20.88889437049155,833.2882100850652,-1.4592861828717376,34.35592308076317,0.37143474435018053,9.080470039248596,9.087782642112927,38.59509714127647,0.9626220636294611,10.321854073684317,0.35657006992506374,38.75462126700893,0.41250378405458027,17.11196609445841
40.79900000000001,-109.28297282540308,121.84862376118969,-149.08313168159816,397.3564055060539,0.49622863704090014,0.07277675651298274,-265.48442304052327,524.8645006710425,20.934707739631527,837.4263887024988,-1.4804708499538923,34.38535146590273,0.3671434213155564,9.129074519498738,9.063265516683625,38.688250691455316,0.9729465456280552,10.356760262503707,0.3227491385644091,38.776830512230774,0.4094097359815194,17.208093899262643
40.899,-109.33046214840184,121.89310173236728,-149.44854047024884,398.3303421356429,0.4427845191988965,0.10408037891331728,-266.5591720441209,526.6612165234104,20.980983870075942,841.6063671039466,-1.5018695035722283,34.41507710745783,0.3628087515836132,9.17816995409484,9.038500743522718,38.78234518658546,0.9833753153236037,10.392019039088947,0.28858658163445816,38.799264093262934,0.40628443489761984,17.305192691994183
41.0,-109.40597017198476,121.92701618424456,-149.81760334678606,399.3140181315279,0.4235101359563772,0.11647239882520784,-267.6490808353408,528.4809980696609,21.023041183992994,845.8450510730282,-1.5236885353874807,34.44442112607734,0.3612916375017702,9.22884725417006,9.013815877361743,38.8791003205528,0.9939467835913246,10.428410275269975,0.2540437697686672,38.82133588896176,0.40544554394678656,17.404111105501116
41.099000000000004,-109.49328268441047,121.9820576731423,-150.17935804755027,400.27821539482113,0.735047499667937,0.14668312450014886,-268.72363266925083,530.2716392206144,21.0923084624791,850.0171163531712,-1.5460424112379747,34.46997004119937,0.3446274876909958,9.27987392896705,9.060570982514975,38.8772935341954,0.989758684607566,10.4375980902543,0.21998611544891894,38.839740558802085,0.3925511762173709,17.502300936529902
41.2,-109.59633451530831,122.06078368139977,-150.54842092408745,401.2618913907061,0.693660284083962,0.13425376152266216,-269.8198926210176,532.0984549402739,21.162975079924518,854.2734657803876,-1.5688478805399926,34.49603509602083,0.32762668838909553,9.331931445679126,9.108270635247058,38.87545024710351,0.9854859775635296,10.44697151766255,0.18524042770857135,38.85851704015433,0.3793963162105939,17.60247440050876
41.29900000000001,-109.72394511038512,122.14885006347812,-150.91017562485166,402.22608865399934,0.6195418707113884,0.16987387511481072,-270.90356737805257,533.898762291668,21.22636359202216,858.4688008986229,-1.5927291415734035,34.51639673303579,0.3171591040754731,9.385142514473879,9.142679141936918,38.897245059030745,0.9825362013016747,10.46223704506962,0.1508950970073081,38.871681803427734,0.37173089363776746,17.702595197720395
41.400000000000006,-109.8679734428751,122.23891795440167,-151.27923850138885,403.20976464988433,0.6953747536788727,0.1840742959541729,-272.00913455442156,535.7354394885448,21.29103268012177,862.7488902616708,-1.61709285232466,34.53716971625307,0.306480053412081,9.43942855435539,9.177782769974046,38.919480170188834,0.9795268336001867,10.47781096696976,0.11585592124137452,38.885112521514735,0.3639106140432681,17.804738637299938
41.5,-110.02428115744704,122.3502240753063,-151.64464729003953,404.1837012794734,0.714577909724719,0.17780690406757935,-273.1110641507641,537.5612463531975,21.360165620946994,867.0043021011744,-1.6424006397669737,34.553533680812556,0.29699425554106607,9.495101568215514,9.160310221267807,39.01640645989264,0.9902515652494476,10.514433043217934,0.08098444101821915,38.89416773910436,0.3572467050104122,17.907505103688685
41.599000000000004,-110.20562252942204,122.47131535056525,-152.00640199080374,405.1478985427666,0.4069246060181314,0.218473469049608,-274.2076310640636,539.3741508932777,21.403517857334986,871.2339781120854,-1.6679526698586105,34.567903955688294,0.295543661625619,9.5521103467653,9.513456800713751,38.65649409933376,0.9328884637434057,10.409614310529452,0.2381590068494287,38.74837974257683,0.3432149674153393,17.998058345827342
41.699,-110.40914819942536,122.59362976972346,-152.37181077945442,406.12183517235565,0.5053990139691161,0.21676118416939671,-275.3152744108307,541.2053676004292,21.447307995100633,875.5063781231062,-1.6937628012643016,34.582419384855704,0.29407841524637973,9.609694971563059,9.870170517325784,38.292946260385435,0.8749459369696316,10.303736802763318,0.39692119455770614,38.601119140023776,0.3290414950970852,18.08952626717951
41.8,-110.64218509156574,122.73951751370063,-152.7408736559916,407.10551116824064,0.4344112216101027,0.2492630598177913,-276.4392596507332,543.0595831217347,21.48897122435274,879.8384319050003,-1.7200791212295874,34.596094166020016,0.2931953209833618,9.669831185873907,9.88040464459904,38.38127885241719,0.8859150052881272,10.331351081707323,0.3637496868787124,38.602988518828,0.3288622104590289,18.195799911251438
41.899,-110.87725724042393,122.87161708642311,-153.10262835675582,408.06970843153385,0.5374276199693305,0.23061612521557792,-277.5465697604204,544.8816644526955,21.533912240657905,884.1013412925344,-1.7461596774975503,34.608240575701515,0.29130657710429697,9.730904288336047,9.890608779553743,38.46947116123508,0.8966650284597443,10.359767853097816,0.33125384828713084,38.60362535708107,0.32849396557519006,18.301450250692486
42.0,-111.1448256545852,123.00649653214666,-153.47169123329303,409.05338442741885,0.43075808353581885,0.2351691556765973,-278.67624977131334,546.740555507514,21.579761156282363,888.4503700616344,-1.772767113690117,34.62063236739678,0.28937967678323095,9.793211190847924,9.901019058648945,38.55944513285736,0.9076322238166461,10.388758700678014,0.2981015281078421,38.6042750607534,0.3281182814007686,18.40923494042527
42.099999999999994,-111.44326212872055,123.15127232676537,-153.8371000219437,410.0273210570079,0.41767257698704563,0.253379907209198,-279.80001434618464,548.5851088045822,21.618449635890745,892.7728411662182,-1.7992551607861311,34.63223303969934,0.2889595987023492,9.856984896442846,9.911470394389706,38.650150913750245,0.9184852272429387,10.418845995533227,0.2652927516378327,38.60432926781002,0.32805685582377775,18.517365925763762
42.199,-111.7320650544619,123.31639679345857,-154.19885472270792,410.9915183203011,0.4783510889961874,0.31831452775543273,-280.91808461592194,550.4151200341918,21.661563927742908,897.0682804230981,-1.8256337564181073,34.642844587081946,0.2872625059764443,9.922152247981684,9.921918015406613,38.74155377500083,0.9292144251029131,10.450000626580112,0.2328636969359453,38.6035910225721,0.3276852592904732,18.625826697825165
42.29900000000001,-112.05770612644909,123.46095019820557,-154.56426351135863,411.9654549498903,0.4789469530141842,0.2988369222995885,-282.0474485247476,552.2636162257168,21.70511371749257,901.4071079553004,-1.852278802511014,34.65356332181186,0.28554827089977264,9.987977855596675,9.932471167948943,38.83387989747618,0.9400519986988473,10.481469950869897,0.20010707602494637,38.60284532031156,0.32730990925683223,18.735383033240726
42.399,-112.40369976546376,123.59438411015819,-154.92967230000932,412.9393915794793,0.379408458640332,0.2714592215676949,-283.1823974062489,554.1157404217295,21.73892409653381,905.7620770055502,-1.8790391998030809,34.66358403484559,0.2859596185944076,10.05580874686298,9.94308269294265,38.927828495465214,0.9508658184176951,10.514324446863597,0.16739690505027763,38.60148807795615,0.3274667656481678,18.846334856818
42.498999999999995,-112.74969340446336,123.7278180221108,-155.29508108866,413.91332820906837,0.44344618166181177,0.3317153403718569,-284.32088467112703,555.9699633011967,21.777866820164878,910.1276325223289,-1.9058144353882904,34.67347363723112,0.28490976603151696,10.124945756205321,9.95370581072012,39.02286305613466,0.9616601083766921,10.548118511727955,0.13469674196577017,38.60006260756543,0.32715760249091036,18.958179188539923
42.599000000000004,-113.12282379949451,123.87237142685782,-155.6604898773107,414.88726483865753,0.4464651684464308,0.3060137222549666,-285.46326569511467,557.8263386828883,21.816382392338145,914.5037496392737,-1.9326399459726011,34.68289875595151,0.2837594215695285,10.195466107133266,9.96431739938719,39.11898356403033,0.9724264594557004,10.582919904932487,0.4525444941284034,38.30969690260212,0.31142050651397896,19.035599151091063
42.7,-113.52030943300274,123.9960201852462,-156.02955275384792,415.8709408345425,0.5530707364483347,0.34288470024850337,-286.6215931689295,559.7035803741619,21.863603979500454,918.9343599314806,-1.9598175577787784,34.69138826196356,0.2802068607680156,10.268158643810882,9.974998494688831,39.21716701826847,0.983265697832455,10.619133565360498,0.42184708264488574,38.30269330726111,0.3121962552967576,19.150149070491878
42.8,-113.92078010967701,124.12923170732711,-156.3949615424986,416.84487746413157,0.41962138272527405,0.33893146711921274,-287.77287734007325,561.5643177116825,21.89838086605283,923.3315495053355,-1.9867865081148446,34.698906930450434,0.2797389131765536,10.341554434322807,9.985511513831824,39.31546801930814,0.9939609644369634,10.656042578618342,0.3916027353316676,38.29493189349279,0.3122879050160969,19.264601338288713
42.900000000000006,-114.34160335336364,124.24031543915012,-156.76037033114932,417.81881409372073,0.40555781401186614,0.33103958811803363,-288.9279512794097,563.4266850956145,21.931234371845374,927.7387991711681,-2.0137617448823137,34.706282184990144,0.27956541330885537,10.416307757893422,10.017106237812902,39.32960362077918,0.9890985263023904,10.667001024036113,0.36137747617928034,38.287076956941995,0.31229648807255217,19.380000606004522
42.998999999999995,-114.7781659155224,124.33939011869198,-157.12212503191347,418.78301135701383,0.4976348014167774,0.3575832466754626,-290.0780688998094,565.2728972100876,21.97125252243574,932.1167999455852,-2.0404646907894017,34.71245444283911,0.2767607793200649,10.492469891100832,10.16109065891717,38.83103863679476,0.9072551540528623,10.513536375122037,0.33171773040731406,38.27827603125444,0.3126449111829388,19.495809694278485
43.099999999999994,-115.2374555108442,124.45125221467087,-157.49118790845068,419.76668735289877,0.5408217583161681,0.3763708322855813,-291.25142121961125,567.1564065389947,22.012079120512784,936.5832451800918,-2.0677070901491605,34.71875139276583,0.27389948605877323,10.570170653261933,10.307983856205375,38.322401632931815,0.8237583803437396,10.356971430270288,0.30145879785207286,38.26929730908835,0.31300037314404033,19.61395836009335
43.199,-115.70759980856056,124.5173020010321,-157.8529426092149,420.73088461619204,0.4445118258897957,0.3902118052277527,-292.41051870447205,569.0054146754522,22.041158567503473,940.980299391992,-2.0943741538937686,34.723380294736,0.27390956465943544,10.649238771643747,10.294218999619556,38.403827202051204,0.8340942747060024,10.390253176860469,0.2721874610341151,38.25910062210603,0.313059014478698,19.731892660420343
43.29900000000001,-116.18927722755232,124.59513844980282,-158.2183513978656,421.7048212457812,0.35652491464739194,0.3657754294277322,-293.5813242447356,570.8730996617732,22.070531746281947,945.4217682929016,-2.121310581918627,34.72805595329173,0.27391974506414474,10.729105557888008,10.280315104078323,38.486075251666755,0.8445345720416219,10.423871102709139,0.24262045414728767,38.248800938285505,0.3131182481500694,19.8510182163062
43.400000000000006,-116.71003157519459,124.63995000460281,-158.58741427440282,422.6884972416662,0.5387578822750491,0.3654240262488176,-294.7702072274914,572.7609782306804,22.10823114117748,949.9215309891084,-2.1484616142017865,34.73226490787928,0.2702648137534672,10.812104626953436,10.265919428074977,38.57068876574707,0.8550539044235475,10.459237971732012,0.212914511255411,38.237983344894865,0.3130018456518037,19.972988213264056
43.5,-117.22576562301329,124.67319728844521,-158.9528230630535,423.66243387125525,0.5223066356173597,0.35822653851762937,-295.9525584520856,574.6311529983326,22.143202314881382,954.3858409796712,-2.175186418764965,34.73511159772734,0.267351501992082,10.895975440847137,10.25139480004433,38.65547890735517,0.8654466686662499,10.495322532539928,0.18396600968497945,38.22607794363044,0.31309302409796436,20.09500066725423
43.599000000000004,-117.74964069759774,124.69521388416233,-159.3145777638177,424.62663113454846,0.37958804263815465,0.35238151093508285,-297.1295376837984,576.4835451029569,22.168989026669873,958.8181668663422,-2.201560169339833,34.737330957351375,0.2669071886393768,10.981415350272874,10.236563924143207,38.74090548172031,0.875687014411846,10.532659803115461,0.3992302270844544,38.01064677613373,0.3121536093227483,20.190873895324035
43.7,-118.31829141959739,124.68364961162455,-159.6836406403549,425.61030713043345,0.44899583122656234,0.36233396195620876,-298.33029427372753,578.3733592703009,22.195296682130856,963.3400346901172,-2.228466722956616,34.73959515252337,0.26645389925934415,11.068581318474884,10.221433434587516,38.82805784546656,0.8861342358290699,10.570751361985447,0.6188432165525952,37.79086346383912,0.31119521647126536,20.28868395628414
43.8,-118.87473060135045,124.63917164044696,-160.04904942900558,426.58424376002245,0.49660639784092003,0.333624547548437,-299.5259363952907,580.245068449379,22.224618795572034,967.8294175650651,-2.2549437126447125,34.741023743421216,0.26391367042941855,11.157324883850551,10.205943980966168,38.91582959738195,0.8964216705973475,10.610151801716217,0.5938843010899363,37.77213774082024,0.3128987209082,20.41348072888757
43.900000000000006,-119.44473816115695,124.59436008564694,-160.4144582176563,427.55818038961166,0.2674584119797701,0.3272901621780179,-300.7253936449291,582.116969609141,22.239716505244534,972.3265068786568,-2.2814655917041278,34.74260831487513,0.2676529455895023,11.2476606128941,10.190083981247229,39.00457830302199,0.9066678846857101,10.65071187018949,0.568828594319481,37.75357742460588,0.31090594815129524,20.539404360780676
43.998999999999995,-120.0223440126547,124.5173020010321,-160.77621291842044,428.52237765290477,0.3346289409559717,0.24221297697375965,-301.9175080224025,583.9701681606169,22.257611028058346,976.7893413001724,-2.308020661132976,34.745382182385676,0.26964504324875255,11.339350662096368,10.173793437715423,39.09386932885364,0.9167584014046991,10.69257757208519,0.5434065077055551,37.736329920872876,0.3104235105856902,20.66564134921626
44.099000000000004,-120.61935264465636,124.428346059467,-161.14162170707118,429.4963142824939,0.3475981153197279,0.26599001323371163,-303.1216639592446,585.8420858893809,22.275686303627854,981.2972548572598,-2.334843963586363,34.74818406875996,0.27165726310658145,11.431966873411808,10.157338343238846,39.18406228423917,0.9269508425349929,10.734866159858633,0.5177276323379484,37.718908199930446,0.30993619991336174,20.793153458747174
44.199,-121.21636127668816,124.30603164030879,-161.50703049572186,430.470250912083,0.5792219885482359,0.23659603474543975,-304.3321383080428,587.7137929350395,22.30461710268514,985.815864176372,-2.3615564578935455,34.750633581443786,0.26507034447017,11.526879893415229,10.140256457275926,39.275686046363454,0.937096348097117,10.778877096116476,0.49222445441124174,37.70121242941786,0.3111092700386487,20.922359455629312
44.29900000000001,-121.8065857196706,124.16147823556177,-161.87243928437258,431.44418754167214,0.323880102431763,0.15888453205291234,-305.5471198384723,589.5852290576316,22.320231216822272,990.3414076487603,-2.388123388800852,34.75257015302095,0.267728319918144,11.623304865984299,10.122736671917686,39.36825852826844,0.9472184300606062,10.824035514793433,0.4669781500330101,37.683083227644865,0.31056964303275575,21.052707149367606
44.399,-122.40359435168735,124.01692483081474,-162.23784807302326,432.4181241712612,0.47035825360619654,0.2065190572877533,-306.76605905172164,591.4563392172469,22.342264889930984,994.8736250533713,-2.4146918444235497,34.75451791347429,0.26510028437980365,11.721192896638879,10.104770622557846,39.46177583420039,0.9573286246917323,10.870337389673194,0.4417121299511662,37.664989475814835,0.3109912516510203,21.18414688809605
44.498999999999995,-123.0073871727082,123.82789345568023,-162.60325686167394,433.39206080085023,0.5498918057797852,0.12548967949434728,-307.9900737402053,593.3269388796729,22.367214527370542,999.4125490799444,-2.4409234484057953,34.75539867814217,0.26001751908541637,11.820560939240451,10.08634994463394,39.556233964784646,0.9674226904307346,10.917778520633355,0.41703123054106545,37.645976635945814,0.31227945255167433,21.316745590622148
44.599999999999994,-123.61728576383726,123.6254074944936,-162.97231973821116,434.37573679673517,0.38677960547119433,0.050555273330272016,-309.2310475715041,595.2157056391814,22.38461672348244,1004.0034661097625,-2.467202509427694,34.755614216369146,0.2603777599014121,11.922381561526663,10.067279117369626,39.65258949559408,0.977623969858769,10.966845736292342,1.4774151087493517,36.70587835615559,0.3506078966995675,21.357317197829516
44.7,-124.22786277386224,123.39189814897156,-163.33772852686187,435.34967342632433,0.556534853218724,0.12119634389727571,-310.46443475883825,597.085191619675,22.409182291482754,1008.5554039554195,-2.4930009868630107,34.75512784530453,0.2559030027616747,12.024614315734404,10.047937746160494,39.74893535425622,0.9877383687074326,11.016562032811251,1.4613395339309467,36.674278962595416,0.35858998073840803,21.49096996287888
44.79900000000001,-124.83233401373381,123.16072389591714,-163.69948322762608,436.3138706896176,0.5423098558927902,0.06093582327008303,-311.6933249621414,598.9349267387487,22.430583985427866,1013.0713940087192,-2.517941420325651,34.752744718309614,0.2537546382809514,12.127906737602087,10.096220059932332,39.16065255456375,0.9034222896978387,10.79636189426659,1.4465175458081752,36.64131121794225,0.36402019974246835,21.624971822980935
44.900000000000006,-125.46285653941253,122.92476826180653,-164.0685461041633,437.2975466855026,0.45679968817981065,-0.022511586154424522,-312.94704123015765,600.8220302440662,22.452418036826412,1017.6786161843075,-2.54338570092895,34.75031344733501,0.25156287249758735,12.233285875063052,10.145477773982385,38.56048525386742,0.8174028555567419,10.571713268074575,1.431396123581914,36.6076774582456,0.36956012014054984,21.761680791367876
45.0,-126.100570305454,122.6801394227,-164.43395489281394,438.2714833150916,0.27301412915144635,-0.05759528363300008,-314.194427643363,602.6895973516425,22.464328265698192,1022.2495292071316,-2.5685201124157353,34.74774714945093,0.2538643125528127,12.339608181882953,10.110810440666052,38.63506605961802,0.8274828720281733,10.60871659463326,1.4165298276670584,36.574226895864676,0.36259839848838554,21.8985944564459
45.099000000000004,-126.73190693381987,122.43795687297215,-164.79570959357815,439.23568057838486,0.5600806941468075,-0.054545505880585696,-315.43584327993966,604.5376252294544,22.486325949808347,1026.7841093851773,-2.593233702641028,34.74456216914559,0.2523773537498889,12.446792941390381,10.075861438584118,38.71025423423639,0.8374618719107308,10.646548645239475,1.402155998127143,36.54052419523692,0.36838642522921433,22.035687957299942
45.199,-127.38318907783948,122.20444752666,-165.16111838222884,440.2096172079739,0.43614601803202213,-0.11801363094069496,-316.6897984684008,606.4043200555269,22.508545832747892,1031.3644934034048,-2.618196925090816,34.74134501732201,0.2508753751610771,12.555060375236259,10.04055941627914,38.78620188536605,0.8475416697718993,10.684762837771004,1.387636978389856,36.50648106328969,0.3742329168866166,22.174166240990882
45.29900000000001,-128.02768703280975,121.97093818113798,-165.52652717087958,441.18355383756307,0.43701192436228986,-0.10200536255997254,-317.9505321803761,608.2701798244915,22.52875891745757,1035.954543693216,-2.6429380785527643,34.73728024515933,0.2506060626027069,12.665237423201647,10.004654868918626,38.86353081667171,0.8576142672012734,10.724186855075818,1.3735669158016544,36.4716693684297,0.376732597765362,22.31420147780538
45.399,-128.6925375548527,121.72630934203147,-165.89193595953023,442.1574904671521,0.21517837214279362,-0.1706801292828043,-319.21450734998496,610.1356839192831,22.538962401357765,1040.5509707129142,-2.6678291887617633,34.73392111986041,0.25199843999299915,12.776611766962208,9.968372653530249,38.941794370525635,0.8676759810628331,10.764419009547096,1.359165941337659,36.43748825898544,0.3651726277546618,22.455166242477123
45.498999999999995,-129.35060388787642,121.49279999650943,-166.2573447481809,443.1314270967411,0.56834635337981,-0.19098750552279534,-320.48238424214156,612.0008364929682,22.56686305512891,1045.1540394202718,-2.6927508081113154,34.73062190117047,0.25113153396827653,12.889201105847716,9.931736071419499,39.021001600455925,0.8777177921018253,10.805468885374834,1.3447239590140165,36.40334849091274,0.37636201730734614,22.5971079196987
45.599999999999994,-130.03587481878216,121.25706675227049,-166.62640762471813,444.1151030926261,0.529058796219954,-0.24263653810091962,-321.7684932238862,613.8842316426783,22.59423191409638,1049.8103647875434,-2.7176661524511108,34.725785038882634,0.25169376625606105,13.004250862781682,9.894401991821951,39.10196899624288,0.8878262215632153,10.847823312781491,2.289356290532074,35.45916784028546,0.47452068088855504,22.63305042333152
45.7,-130.7212135915835,121.03478809329357,-166.99181641336884,445.08903972221526,0.5182668977141878,-0.2648066203096739,-323.0471247388149,615.7487169716927,22.62187893680497,1054.4279227827947,-2.742167288607282,34.719746534051765,0.2531869199793348,13.11949313619342,9.857141922448392,39.18310367206458,0.8977933474092025,10.890690570506331,2.282476022253903,35.411681470189386,0.4851740779555625,22.775940249556914
45.8,-131.4199850585868,120.82351773336032,-167.35722520201952,446.0629763518043,0.3037311188647731,-0.2426606647837641,-324.3298643993191,617.6130877281112,22.63878066394014,1059.052779598028,-2.766641348258932,34.71358245197047,0.25162655050435245,13.23604847228886,9.819620380567418,39.26521181189876,0.9077038647788027,10.934556365709854,2.2756727677032433,35.364041257397275,0.477288027698684,22.919869195605827
45.899,-132.11176881092928,120.61436007602302,-167.71897990278373,447.0271736150976,0.32940138633468363,-0.20440275364980579,-325.6041863800666,619.4588393400464,22.653727433921837,1063.642296802199,-2.790940716524214,34.708981489656765,0.24953394818399477,13.35340634391791,9.78215186879147,39.34796045677026,0.9174176570439105,10.97963214423091,2.268472144100697,35.31823813378418,0.4653080027111141,23.063800894590067
46.0,-132.8314355800647,120.42354958191497,-168.08804277932094,448.0108496109825,0.189049364393522,-0.25866419687744613,-326.904252239213,621.3418788633339,22.66897615885266,1068.324531525646,-2.815730981118087,34.70428757860945,0.24739907106928655,13.473135081640471,9.743926417383685,39.43238079143713,0.9273276875365959,11.025618544540269,2.2611260533546655,35.27150969454254,0.4530859570167252,23.21064030466489
46.099000000000004,-133.55680106797988,120.24741681775828,-168.44979748008512,448.9750468742758,0.2489291012342058,-0.2885991223523473,-328.18330893077047,623.1878576964797,22.68530559456141,1072.9290060853848,-2.8400153130304626,34.702829106650164,0.24601673106429203,13.593131702321887,9.70614068443585,39.517099196645184,0.936870165187581,11.07306210598317,2.2530825785667274,35.228643879772115,0.441214506746668,23.35641256802252
46.2,-134.29017189891476,120.09040958098673,-168.81886035662234,449.9587228701607,0.2746680898381428,-0.27042114720821625,-329.48820515145025,625.071129031305,22.70196491786023,1077.6265003331987,-2.8647902375067233,34.70134117061089,0.24460646499859062,13.715552497158477,9.667591603347656,39.60352908478673,0.9466054201648482,11.121464123212796,2.2448766093386294,35.18491208894572,0.42910322919842836,23.50512972558939
46.29900000000001,-135.02897008098668,119.95831000826425,-169.18061505738655,450.922920133454,0.3363939577100048,-0.3054042291300707,-330.77312356337393,626.9177230050727,22.723367053977817,1082.2470126520263,-2.888931568113563,34.70184631164433,0.24385753725899137,13.838410884608328,9.629636327335096,39.69023030409602,0.9559252446789572,11.171580695416441,2.2364351314338005,35.143886068193424,0.42239546951887585,23.652941572732985
46.399,-135.77523087101886,119.83599558989611,-169.54602384603723,451.89685676304305,0.30624812251032624,-0.34074209699393104,-332.0710209491553,628.7829694432218,22.744985373288507,1086.9141968124577,-2.913316750544712,34.70235655511245,0.24310104459272955,13.96251026587079,9.591297664696148,39.777807293297315,0.965339208834622,11.22220349562214,2.2279083860753883,35.1024456431911,0.4156199546910457,23.802246468837613
46.5,-136.5358741417314,119.75749197072024,-169.91508672257442,452.880532758928,0.30076709156258813,-0.3219597136432169,-333.3865282308854,630.6675817233885,22.76661641319263,1091.640969132036,-2.9377434497919315,34.704202673073866,0.24201217268314604,14.090173981929757,9.552547578457496,39.867786440726675,0.9746081278098063,11.275601074862179,2.219123330048985,35.061858784791774,0.4066787968911707,23.954685844625057
46.599000000000004,-137.28810501806552,119.69144218514909,-170.27684142333862,453.84473002222126,0.20451451881626084,-0.37978627891168953,-334.6800460536454,632.5157539437291,22.791425248585053,1096.2872800702153,-2.961316594806028,34.70773105594876,0.2414894909825942,14.217628674254748,9.514646406764857,39.95747803873538,0.9834411148584365,11.33031744481166,2.210383634346479,35.02376386094734,0.4009580706619574,24.105692413786503
46.699,-138.0682867531033,119.64696421397149,-170.6422502119893,454.81866665181025,0.46071404855077114,-0.38338457390823544,-335.9866297129988,634.3825945703358,22.81648467827437,1100.9805234421133,-2.9851278523960225,34.71129507905472,0.24096152966890552,14.346370787714323,9.476362394954116,40.04807561248154,0.9923633239984663,11.385586505366685,2.201555658889403,34.985284139892364,0.3951795593193182,24.258224301828353
46.8,-138.86305449443293,119.6358447211771,-171.0113130885265,455.80234264769524,0.6276985574617735,-0.31406246609432514,-337.3132191553865,636.269992977606,22.866298042408562,1105.735401388515,-3.0095617217107207,34.71379760519914,0.24607377164238964,14.478943244652175,9.616077675450226,39.690945993595825,0.8848642013273292,11.304784511560083,2.1925843082251695,34.945192072838616,0.4183943796391435,24.414265669993437
46.900000000000006,-139.64330407133616,119.63606711104879,-171.37672187717723,456.7762792772844,0.5308371644670189,-0.36829858947726773,-338.6322278443397,638.1404562401,22.909033274541674,1110.453561624279,-3.034362961618513,34.714558709748424,0.2504161373664628,14.611989652354277,9.589742172728231,39.775878061976414,0.8935424828900261,11.358043303937013,2.1836054346089258,34.90363384319817,0.4319612942202965,24.570234095911314
47.0,-140.43040567915423,119.65863968105008,-171.74213066582791,457.75021590687345,0.16960586961916232,-0.2885278924204938,-339.95454640618277,640.012063159102,22.92303834858407,1115.1815719449878,-3.058954223810679,34.71575260512892,0.2423487416086261,14.746704347626865,9.563623816005192,39.86177440293769,0.902029241097344,11.412940336657591,2.174699229932315,34.86250683339113,0.4096371919409189,24.727379723225468
47.099000000000004,-141.22293463816956,119.7136811707379,-172.10388536659212,458.7144131701667,0.43832010128975685,-0.30804897434357315,-341.26817119688275,641.8667900131958,22.955338459516447,1119.877141250374,-3.082892646634078,34.71785421398624,0.24172986078207653,14.882606350793733,9.538165346439227,39.9482190943504,0.9101617545278251,11.469887138029026,2.1659986505340068,34.822724705327325,0.40865404735066274,24.884705320700217
47.199,-142.03025312920877,119.8137566043073,-172.46929415524278,459.6883497997557,0.33012961881032477,-0.36863128049543137,-342.5950649248624,643.7402514819771,22.987964834195612,1124.6201405487434,-3.107072871708216,34.719977051215864,0.24110472863404675,15.019881101467323,9.512449720615022,40.03553696446424,0.9183764145586133,11.527409159616328,2.157210186495312,34.78254073758612,0.4076609720069697,25.04362006562419
47.3,-142.8524289940771,119.92639706365198,-172.83835703178,460.6720257956407,0.1835617270085144,-0.25856030314279677,-343.9393591001978,645.6342855779953,23.004240066077664,1129.4259377993917,-3.1307387361242602,34.72342830787413,0.23279884870554726,15.161159892331348,9.486966338762706,40.125142878924066,0.9263364723572286,11.588326745057795,2.668910937795389,33.89604410141076,0.5107255357253148,25.164328100590954
47.400000000000006,-143.65981532701193,120.07128405439165,-173.20376582043073,461.64596242522987,0.5205731425257163,-0.31284049161222094,-345.2734889156166,647.5111682729913,23.05056987544185,1134.194712267626,-3.1539384268151966,34.7272574267379,0.23766445574251793,15.302817024422414,9.462111282074462,40.21478113777905,0.9340497037996706,11.650556655336414,2.66125232429109,33.8449003686689,0.5235470536641968,25.325546803419275
47.498999999999995,-144.46577698022924,120.24741681775828,-173.56552052119488,462.61015968852297,0.6652154277930746,-0.24280952181155446,-346.603039849137,649.3741516450903,23.12682677178163,1138.9331354717146,-3.1792995685824077,34.72768131680955,0.264151326155543,15.445993847599734,9.438124330636814,40.3048481051923,0.9413945591149044,11.715085763441289,2.6523414237234,33.790248727156744,0.5679141632996728,25.48768659847443
47.599000000000004,-145.28666384926163,120.45868717927168,-173.9309293098456,463.58409631811213,1.0256745953211004,-0.2572019619026255,-347.94602059006695,651.2559530310491,23.203853939801625,1143.7194215364514,-3.204916883498788,34.7281094885991,0.29090574071415926,15.590616901314226,9.413895086760396,40.39582483995317,0.9488136048878695,11.780266680718952,2.6433405140590653,33.73504504886163,0.6127294255577379,25.65146416923724
47.699,-146.09398234030087,120.70331601679803,-174.29633809849628,464.5580329477012,0.3523096470877928,-0.23862434616420702,-349.29853476399086,653.1433974125417,23.236432968023514,1148.5237615860287,-3.233607193259097,34.72443564373288,0.2875809711169634,15.73831510016726,9.390354340453639,40.4881089657039,0.9559561810369109,11.84854849052013,2.6325746834078623,33.67491945635814,0.6089107500533416,25.817973297483807
47.79900000000001,-146.90130083127983,120.98130333428774,-174.66174688714702,465.5319695772904,0.6929160098473421,-0.2442201041771133,-350.65543874140616,655.0336771635443,23.301143557937667,1153.3396051709194,-3.263114602490699,34.719823984304206,0.31011478461910186,15.887968286605126,9.367313698095895,40.58124574994509,0.9629150727210077,11.919000415814182,2.621278826467295,33.61359261696572,0.6382484703078646,25.986015017144364
47.899,-147.71540351129303,121.2815296357861,-175.02715567579767,466.5059062068794,0.741707968764961,-0.19010176279261962,-352.01828376180686,656.9279759335748,23.371031002526905,1158.1676904135156,-3.2947596218036397,34.7128438609682,0.338364557046159,16.03971099205819,9.344801578229168,40.67521788164693,0.9696931649211554,11.991681278377461,2.608613579346826,33.54930775832259,0.6721621935487129,26.155888143167495
48.0,-148.53744369247556,121.61878384815549,-175.3962185523349,467.4895822027644,0.8015801322511267,-0.15162789372653698,-353.4011524225673,658.8457420940896,23.447853584328797,1163.0567524682153,-3.3293484156194064,34.70306032956109,0.37379372364252833,16.19509936389184,9.322626886238409,40.77096060887243,0.9763743413305892,12.067356962511536,2.5940926544602565,33.480927049165146,0.712108363756832,26.329388617234503
48.099000000000004,-149.32325630436733,121.9820576731423,-175.7579732530991,468.4537794660576,0.42284352923879365,-0.16919710710373698,-354.7631936286983,660.7303643177247,23.48734512304551,1167.8665693399373,-3.3648302395466194,34.69189385460258,0.3754773941874864,16.350298680957593,9.301756510953627,40.86599323532219,0.9827325715879772,12.14489077601881,2.5787722937488535,33.4118357173064,0.7145557363300687,26.50177297754699
48.199,-150.1170064173983,122.36012042420143,-176.12338204174978,469.42771609564664,0.41151167053085264,-0.21566073328105578,-356.13899282681024,662.6340231294772,23.527235566193703,1172.7249702204642,-3.4006704657357196,34.68061458696772,0.3771780715056257,16.507065667892682,9.280675323797285,40.961985787291646,0.989155026393419,12.223207759359484,2.5632971819191552,33.34204649320667,0.7170278298383885,26.67589859402424
48.29900000000001,-150.93110909738138,122.77154165364378,-176.4887908304005,470.4016527252358,0.3599279052192975,-0.07692549274005472,-357.5194691181024,664.5413138654985,23.56193573718594,1177.6003805122248,-3.436483170419085,34.669351836758565,0.3736594455141069,16.666578256116754,9.260507611095532,41.059139897815,0.9953488915296841,12.304932240873145,2.547790692781648,33.272192325906886,0.7140660911718354,26.85201016987131
48.399,-151.6977224544109,123.20520186630466,-176.85419961905117,471.37558935482485,0.44100144379990436,-0.14440126855723925,-358.9030590873022,666.4511229195325,23.604564884541933,1182.4872321046926,-3.4723147681631854,34.65807688388791,0.3776202775518873,16.827870116500907,10.501161860926516,38.123346625921535,0.4299762943994293,11.03587432903394,2.823216885950018,31.914804430158334,0.9355546616973673,27.005445341521323
48.498999999999995,-152.4914725674268,123.6499815733401,-177.21960840770186,472.3495259844139,0.3612514470467809,-0.05410899603206015,-360.28974005312256,668.3634884381506,23.63959911275829,1187.3855556716085,-3.5081666922190795,34.64678106796344,0.3741644386873473,16.99089208528273,10.52951969786243,38.156263172803605,0.43896888646673005,11.063108494544169,2.8008699524973633,31.82408732456794,0.9330273387786161,27.18361233698433
48.599000000000004,-153.30557524747013,124.11700026517425,-177.58501719635257,473.32346261400306,0.46589827719101634,-0.08858653232673741,-361.67958355303256,670.2785190391885,23.684856978953082,1192.295416859541,-3.5441416224283158,34.635393530637955,0.3805289692642277,17.15560369536071,10.558485943093098,38.189842245464796,0.447957073877938,11.091620452486993,2.7783773174355533,31.7331618104224,0.9402935285618766,27.36304748831646
48.699,-154.09932536053122,124.6173774353916,-177.95042598500325,474.2973992435921,0.29255970886435373,-0.021533397921006184,-363.0723112106927,672.1960119457364,23.713328292782418,1197.2167128613874,-3.579961072237844,34.6241154308968,0.37053379541988246,17.321938966071905,10.588071853031053,38.22407332406305,0.4569385169498824,11.121403701712401,2.755940693256448,31.64230591690655,0.9314196062030118,27.543674031854753
48.79900000000001,-154.88629128446766,125.11775460481888,-178.315834773654,475.2713358731813,0.4270100323223046,-0.0023128669354795257,-364.4677636330473,674.1158543555517,23.75490380212884,1202.1493872194035,-3.615471529167474,34.61306615528459,0.37326335369419983,17.48984299678415,10.618286436605011,38.258947745338446,0.46591440534269,11.152451574278716,2.7336685401438134,31.551681100573333,0.9350095963649487,27.725439532039417
48.899,-155.69360977549184,125.64037075983497,-178.68124356230467,476.2452725027703,0.3501490910006996,0.004486445543197249,-365.86615722535487,676.0382362390858,23.788999267494425,1207.0935483956066,-3.6509024852330776,34.602071670892336,0.36868817577068763,17.659290180627846,10.649136451730914,38.294458839468575,0.4748849784422617,11.184757260913685,2.711394911995479,31.461051992552157,0.9315134652160417,27.908364604717494
49.0,-156.48844535876222,126.14597409164197,-179.05030643884186,477.2289484986553,-0.13554644461048748,0.022174313910422447,-367.27934959186166,677.9805460360742,23.775671629222803,1212.0977881718234,-3.68424966282755,34.592655170263335,0.31767498386753007,17.831797844447085,10.680946182489022,38.33096503138557,0.4839395640955827,11.21865553843966,2.6906336767735657,31.37179386851992,0.883310515176289,28.09384902469783
49.099000000000004,-157.26754162356053,126.66336408506838,-179.41206113960607,478.19314576194853,-0.12376011348654792,0.046917916856836446,-368.66381244842637,679.8837499673215,23.781416595600678,1217.0176094764572,-3.7112223739833596,34.587326166960864,0.28668873557295943,18.00268660612612,10.713091336052079,38.3676780516458,0.49280944412951944,11.253731225703486,2.674416856569077,31.289663102367875,0.8541896114509651,28.276319187849055
49.2,-158.0691613957899,127.2024370897994,-179.78112401614328,479.1768217578335,0.2396699322766387,0.025528692130888164,-370.07624425158826,681.8254024628362,23.78727762190538,1222.0368211104771,-3.738739988394841,34.58188950702602,0.25507650246435853,18.17702766602088,10.745885886656811,38.405132749082995,0.5018585136590908,11.289515512710016,2.657872423835205,31.205873128818823,0.8244804066402824,28.462475616922518
49.3,-158.85605947792115,127.73639512669149,-180.14653280479394,480.15075838742257,0.06189205237469847,0.12364691291869104,-371.47607695868237,683.7490042912066,23.793285894204914,1227.0220996968173,-3.7625309535829325,34.57882093436987,0.2249196540396382,18.35154282232116,10.779334992685534,38.443144833409946,0.5108140724064109,11.326791230223673,2.6439630128065,31.126066357557523,0.795784836493169,28.647836838188223
49.399,-159.62843939558078,128.28681001487868,-180.50828750555814,481.1149556507158,0.1417324844836687,0.06728806638147733,-372.862979352069,685.6542524634926,23.800727908158823,1231.9728912214337,-3.782328565278768,34.57827801797272,0.19826462689275018,18.52609156718813,10.813418269321668,38.48169011657206,0.5196829766913924,11.365496331413343,0.9537983279602509,31.339777691467468,0.8654846299162562,25.134045657175573
49.498999999999995,-160.4018369416295,128.82054566189905,-180.87369629420883,482.08889228030483,0.01423994230528508,0.184477538823034,-374.26389086054013,687.5787455668118,23.808245093970854,1236.9736907412478,-3.8023261528503167,34.577729617571556,0.17134035704741127,18.7024034306901,10.847845821479375,38.520624746028744,0.5286414658681405,11.404592393221089,-0.7534387274398395,31.555647725719915,0.9358884616567416,21.58476163595101
49.599999999999994,-161.22380928090135,129.3481655894232,-181.24275917074604,483.0725682761898,-0.1346850290469469,0.1156049000205054,-375.67862625925636,689.5223521738671,23.795173748452548,1242.0395766944735,-3.8173201144759576,34.58065563043596,0.13360360840746244,18.88216223709121,10.883606576202824,38.56088635674059,0.5376967914207634,11.445916578506216,-0.8092286775587,31.48269357651486,0.8827513320524629,21.662016161313808
49.7,-162.01138578192848,129.84798678535637,-181.60816795939675,484.046504905779,-0.20943414188862935,0.3012116268780639,-377.077982853739,691.4456651797932,23.775142048418523,1247.0646854929544,-3.827421146037928,34.58676477932924,0.10908486767709577,19.06117968139508,10.919665116697445,38.60137569979705,0.5466676202304835,11.488098424586177,-0.8610291154267731,31.414960012812198,0.8226668091735673,21.73851489922582
49.79900000000001,-162.85092917065822,130.28831869416794,-181.96992266016096,485.0107021690722,-0.22805407635994623,0.19965339143335617,-378.4605296866321,693.3477277998902,23.750416041388863,1252.0529066363792,-3.829769776512844,34.59820102426031,0.13363257954792898,19.23996347502998,10.956305708721445,38.642400213524425,0.5555625792299639,11.531894641340639,-0.9068340110408408,31.355366800397686,0.757747555251409,21.81419540329133
49.899,-163.67860022869473,130.72197890840897,-182.33533144881164,485.98463879866125,-0.3010087378841745,0.3461005070203089,-379.85704163904927,695.2690031737253,23.725440276712444,1257.0915138519592,-3.8321421305279104,34.60975278681694,0.15842824810432382,19.42055316557027,10.993316407735582,38.683839116279344,0.5645473863001451,11.576133244122918,-0.9531015823681775,31.29517163634263,0.6921725512896393,21.89064035689285
50.0,-164.50111530308632,131.19344539688686,-182.70439432534883,486.96831479454625,-0.1961491835492336,0.32425794602649965,-381.2643222546553,697.2073573630385,23.70707982735941,1262.1939272239229,-3.826590596810111,34.62728333638146,0.2074596657599937,19.604617978181118,11.031639227595422,38.726676994401586,0.573631567644556,11.623092497997094,-0.9942315545728849,31.24238400563675,0.6329863631735188,21.967853370876007
50.099999999999994,-165.34235473911605,131.6381139085914,-183.0698031139995,487.9422514241353,-0.14870363087473476,0.33729433672472203,-382.65618570292406,699.1256226224884,23.693475241895076,1267.2548906888005,-3.8165847134102853,34.648185571039555,0.2566958471696958,19.788060416363205,11.070187082433025,38.76976289730919,0.582626349062593,11.671209407573874,-1.0318550787876286,31.194864259566852,0.5792567406095185,22.04451371182175
50.2,-166.18332280757838,132.07166292750156,-183.43521190265025,488.91618805372445,-0.23841147718665623,0.3312692734393936,-384.04635803162057,701.0429467081606,23.67200239183885,1272.3246998425136,-3.80201237075668,34.672851520937954,0.3167347741685939,19.97271993061604,11.109321255611093,38.813530918253925,0.5916169860250766,11.721017381236459,-1.06639719483324,31.152316614975785,0.5168803239863237,22.12139544871951
50.3,-166.9975611713527,132.49409245361736,-183.80062069130094,489.8901246833135,-0.1842825020931455,0.3718073151518525,-385.434654781581,702.9592971420644,23.655691257802847,1277.4031729987062,-3.7828243163398843,34.70149868435193,0.37306619161582216,20.158631110356275,11.149025345189482,38.85799481648782,0.6005983411466658,11.772608037777319,-1.097883135815626,31.114964081943878,0.46026339037812947,22.198524592171722
50.400000000000006,-167.8253679131654,132.904512928242,-184.16602947995165,490.86406131290266,-0.25047636584561117,0.3378102093457559,-386.82098448134093,704.8747229409795,23.63396451598366,1282.4901561226811,-3.759083182526633,34.73428861997634,0.43671482220205154,20.345834019144913,11.18928110813139,38.90316912976972,0.609564156719631,11.826070950850404,-1.126426493116676,31.082940770985054,0.3978695083121756,22.275948672370202
50.5,-168.66681087485182,133.21585872253476,-184.53143826860233,491.8379979424917,-0.2878765957386842,0.38585211371889955,-388.2048409430182,706.7890871241505,23.609518967187242,1287.585326506496,-3.73051854850935,34.77169074689243,0.5046167610694736,20.534345809729974,11.230070343813956,38.94906763247723,0.6185100659215329,11.8814933895111,-1.1519250551660944,31.056779493919574,0.3331357448519129,22.353636170607086
50.599999999999994,-169.528402877909,133.52609256825914,-184.896847057253,492.81193457208076,0.00857590051003776,0.2875178858660703,-389.5874029449859,708.702927374648,23.610230239106638,1292.6889749760874,-3.6981543104027614,34.812899626504866,0.5433728435362055,20.72427024008351,11.271373523153908,38.99570430557057,0.6274302417531222,11.938960344618309,-1.1750891983900882,31.035388022681015,0.29767415920840185,22.431870708555294
50.699,-170.38137896090095,133.72424192734286,-185.25860175801722,493.776131835374,-0.21355334205077925,0.47979831361669395,-390.9547104540007,710.5971543149844,23.602087729101203,1297.7540048900487,-3.6610808715096366,34.85911960633388,0.5927419442945697,20.91448644833341,11.312986768408296,39.04299215259221,0.636207412244047,11.99903939678716,-1.195061168866133,31.020880885756082,0.2558591341821601,22.510342448213784
50.79900000000001,-171.2497551528568,134.00222924404252,-185.62401054666793,494.75006846496314,0.00971365427144022,0.47103200703641196,-392.3358291499753,712.510514860779,23.593862971519957,1302.8701967223333,-3.6236329534357714,34.90580645464602,0.6426097228383743,21.106624032424225,11.355020349473335,39.090757654634274,0.6450732410227592,12.05972530806883,-1.2152348764176946,31.006227212094533,0.21362173516575228,22.589606831707215
50.900000000000006,-172.12030228538197,134.14867296230383,-185.99307342320515,495.73374446084813,-0.11903269096919544,0.44435617043642656,-393.72973313967066,714.4427278071832,23.584861275393436,1308.0499522872008,-3.5812273688025065,34.958376977773376,0.6948490440578431,21.303021916425898,11.398159749933047,39.140178158494734,0.6539329312044053,12.124436838164938,-1.2330755558789286,30.99794378882109,0.17783806760567572,22.670907958798907
50.998999999999995,-173.00686010393153,134.33581402392406,-186.3548281239693,496.69794172414123,-0.05677951208959747,0.4291228910156561,-395.09478632657385,716.336440345958,23.579344587961867,1313.138621507699,-3.535344972866734,35.015673805593764,0.7420826761066744,21.49789077953494,11.441048325542832,39.18981641578734,0.6625175810803134,12.191382581600205,-1.2483960350332701,30.99658804228194,0.16180271716459793,22.751916369071164
51.099999999999994,-173.89748843587154,134.44778731523382,-186.72389100050648,497.68161772002617,-0.10222133958109492,0.47906827076920894,-396.48741634553585,718.2684097036979,23.573716452299358,1318.330092126592,-3.4885356598413453,35.07412814508729,0.7902705229443757,21.69669638735328,11.484803337023525,39.24045746615657,0.6712756582264428,12.259680764296798,-1.2640260188169938,30.995204906923814,0.14544342024996146,22.834561312884283
51.199,-174.7571808660021,134.5248453990586,-187.0856457012707,498.64581498331944,0.07003355451549756,0.3611121540093527,-397.85247050169323,720.1620693843782,23.580766536031028,1323.4335871767516,-3.4382701462445544,35.13795840243324,0.8184447527365145,21.894843375524932,11.528400237210807,39.291724307268076,0.6797123556030473,12.331463048917279,-1.2773773352071907,31.001327221012986,0.15066417221831954,22.917754910906247
51.29900000000001,-175.62555705795796,134.54708438464738,-187.45105448992143,499.6197516129086,0.15330631404751696,0.443475891694429,-399.23131308367044,722.0748569406211,23.587887832729685,1328.5886326819636,-3.387496900187187,35.2024334098534,0.8469035707083733,22.094991848425597,11.572437510127257,39.3435089952595,0.6882342721450726,12.403970407119788,-1.290863513379107,31.007511376658613,0.1559376590550451,23.001788848302173
51.400000000000006,-176.5163889155848,134.55820387665167,-187.82011736645862,500.6034276087936,0.017315078796207584,0.4414462139755763,-400.6253636410692,724.0068486572258,23.588918935758162,1333.8063146686216,-3.3338794306858386,35.271527453998054,0.8849086352193477,22.29977427837832,11.61739208113007,39.39708779163776,0.6967028236149571,12.481053457097618,-1.3036041790804613,31.018177614577034,0.17488189827493067,23.08869559235664
51.5,-177.4050498327478,134.55720312262414,-188.1855261551093,501.57736423838264,0.05955400648135395,0.39906561177617883,-402.0059967867119,725.9197029741525,23.592237313686475,1338.9790965328843,-3.279094301497853,35.34313048230555,0.9182322239900768,22.504280214405654,11.662178742083457,39.45099650046327,0.7050007606014815,12.559995836939478,-1.3156773566085125,31.032245019957973,0.19680659865967662,23.176066191102915
51.599000000000004,-178.27817495708038,134.45812844308227,-188.5472808558735,502.54156150167586,0.17409390136384315,0.4374902903650403,-403.37473676819883,727.8132847361047,23.599973612080277,1344.1098700626612,-3.22312005862685,35.417613714921394,0.9418042547129127,22.709415839844887,11.706874545144405,39.50565302071831,0.7130696696565095,12.642114378664623,-1.327189220156265,31.050039365077048,0.21531090907865985,23.26481623586687
51.7,-179.15550627856445,134.34537678761663,-188.91634373241072,503.52523749756085,0.1348041030573083,0.3508597038740643,-404.771128062443,729.7451206750659,23.60786619933052,1349.3442955829382,-3.1660150229705764,35.49360165930726,0.9658524880766131,22.918695619333388,11.752473293721733,39.56141371309972,0.7213015869752751,12.725891880828655,-1.3389336466039716,31.068193191915697,0.23418904395055096,23.355359210828073
51.8,-180.0506121752083,134.18925911033185,-189.28175252106138,504.49917412714984,0.5560490578827003,0.26106393127569605,-406.157879726088,731.6572678202033,23.6334501244179,1354.536588057008,-3.1087528644458553,35.57043006688047,0.950568441881072,23.128721620976847,11.797928129916274,39.61793587651745,0.7293366261151071,12.812937073953842,-1.3504138567854764,31.087807578083464,0.22042301744817142,23.447703797337663
51.900000000000006,-180.90562351491806,133.9891082424029,-189.64716130971212,505.47311075673906,0.048227366917392156,0.429375551811409,-407.5476167539635,733.5689505260584,23.635543139012253,1359.7350497136397,-3.0511511391207606,35.64815754600444,0.9843079700087372,23.34064353556576,11.843563275346524,39.67533926702595,0.7373102272205075,12.902760388935286,-1.3618757899447425,31.108314786395336,0.24984315539591417,23.541921497138468
52.0,-181.78064821219223,133.78862379006148,-190.0125700983628,506.4470473863281,0.258191871957388,0.3679648701364363,-408.9388515866407,735.4803116195669,23.64579028023433,1364.9390047609877,-2.9926916532784444,35.72818001128081,0.9977125650731573,23.554425346424047,11.889354398374147,39.73362846729112,0.7451736502645612,12.995409207225284,-1.3732930634747256,31.131203542286194,0.2617773399902352,23.637838974987034
52.099000000000004,-182.63362429518418,133.55744953779717,-190.374324799127,507.4112446496213,0.5797454120374967,0.3414428670358904,-410.32285977536975,737.3708059873287,23.665168479553596,1370.0993317357431,-2.935102131255883,35.806444073636,0.9826852524637603,23.76901403707594,11.934870067500812,39.792657866876276,0.7528271892742897,13.091412268327142,-1.3845423484379467,31.152763893257223,0.24677781009768274,23.7360372981763
52.2,-183.48999247268574,133.25422097263595,-190.7433876756642,508.3949206455063,0.5384308083068294,0.279366367316256,-411.73482772548726,739.2994921604998,23.684938157646986,1375.3639077402916,-2.876349184546,35.88628922815998,0.9673543577814468,23.9879378527915,11.98130524509468,39.85287977958436,0.7606353452337095,13.189354785208831,-1.3960188916832525,31.174759806874132,0.23147525939922084,23.836219425874436
52.29900000000001,-184.3161031671834,132.9569969324302,-191.1051423764284,509.35911790879953,0.2018813208542271,0.3245244334944669,-413.1262759134374,741.187701027099,23.692917429115113,1380.5341294209045,-2.818772348085691,35.96463993530401,0.9786491145552811,24.206409582430048,12.026997562381238,39.913676721275095,0.7681565321895898,13.291145988341434,-1.4073020187593541,31.1962633155612,0.24194645064424547,23.938623034339845
52.399,-185.1573426032131,132.61229266054434,-191.4705511650791,510.3330545383886,0.3491493664978213,0.29440386670064633,-414.5317791335889,743.0949827105323,23.70097729928494,1385.756575562937,-2.7606139274187176,36.04378206373231,0.9900579597813752,24.427088097216437,12.073151418226244,39.97508777348795,0.7757536907308823,13.393965385445064,-1.4186991168160215,31.217984031406722,0.2525234114978047,24.042061022688735
52.498999999999995,-185.99858203924282,132.23422991027527,-191.83595995372977,511.3069911679776,0.6006727050054015,0.2432472427285881,-415.9430025467186,745.0001060835987,23.716374634642943,1390.9857745996999,-2.7024707115356934,36.12276184148721,0.9714451388737486,24.65071511606779,12.119393814579032,40.03784058410907,0.7832544119106897,13.501219984178247,-1.6541732574372239,30.499573332737633,0.16428426287267991,24.124512528234433
52.599000000000004,-186.82625309727936,131.82280868241313,-192.20136874238048,512.2809277975667,0.2782797836760087,0.251127820830909,-417.35829522026035,746.9035702086496,23.722894809391878,1396.2191842236132,-2.644427290576916,36.201341364674974,0.9823972680603241,24.876298093882905,12.165674881360271,40.101492066972725,0.7907132759918246,13.611418446401231,-1.669266886467121,30.506777159100952,0.17035844319208912,24.232641843531294
52.7,-187.6553488350033,131.37346998340308,-192.5704316189177,513.2646037934518,0.7242402944086892,0.17944764707780075,-418.7923971645298,748.8239907766974,23.738408183081354,1401.509014746933,-2.586010471881393,36.279670071338415,0.9525887370627117,25.10609906178371,12.212444385106515,40.166692747567986,0.798206743865815,13.725649890648265,-1.6843436557612574,30.512926537526603,0.1533466863504589,24.344153395748716
52.801,-188.4843088888908,130.91234462198358,-192.93949449545488,514.2482797893367,0.5804005687369758,0.341092417431292,-420.23252659825516,750.7415926582314,23.749643163141577,1406.802922838606,-2.528103295797702,36.35545747856372,0.9361329653550968,25.33788949351771,12.25922826891256,40.23281090110304,0.8056627137525727,13.842801131126437,-1.699025940213773,30.516431041382138,0.146020662680706,24.45815432103686
52.900000000000006,-189.29033838400375,130.4277571318661,-193.3012491962191,515.21247705263,0.6869024050049276,-0.03763612128504052,-421.64973862402746,752.6184075984119,23.761378881450334,1411.9956308586786,-2.47175594030307,36.42745583125473,0.9108906871164992,25.566979186361735,12.30508439241828,40.298510287670595,0.8129372551061408,13.960419735661295,-1.7130151364560031,30.517494925177942,0.13888047178997506,24.57226480396405
52.998999999999995,-190.10301638434458,129.9213754359032,-193.66300389698324,516.176674315923,1.2468702368496856,-0.11352919982219979,-423.07918168516886,754.4890301056165,23.777010951800136,1417.194269428007,-2.416879354012327,36.49175864574218,0.8712617820133525,25.79892645978626,12.350950554766696,40.36553644515199,0.820374709148412,14.082101724775837,-1.7257471219984746,30.51070504351122,0.14777395214509298,24.690377930346482
53.099000000000004,-190.923903253377,129.37652029529835,-194.02841268563398,517.1506109455122,0.46732578424456916,0.08389971877750528,-424.5230635651099,756.3785477896619,23.792800921850443,1422.4454194980367,-2.3614484587691416,36.5567109836083,0.8312325849394593,26.033216634962592,12.397280011684295,40.43323963452715,0.8278872889890916,14.205012824891561,-1.738607713455519,30.503846577181193,0.15675726563511277,24.809684118611585
53.199,-191.7380059334354,128.83166515469347,-194.39382147428466,518.1245475751012,0.5812461510150849,-0.0008959489474653134,-425.975414908901,758.2638159978316,23.80370711614273,1427.7021331637934,-2.3067193818393825,36.618211874626475,0.8153080516819757,26.270244150879993,12.443642337990575,40.50228718482226,0.8354991418849143,14.332000635690926,-1.7509333222410548,30.493384997518213,0.1669998510189581,24.932515313445126
53.3,-192.5738858600731,128.24766940062162,-194.76288435082185,519.1082235709863,0.5777097633130361,0.05535949084303024,-427.4475388370524,760.1652828372858,23.814690091602042,1433.0151015184724,-2.2518386754603457,36.67853121285397,0.7995514875480684,26.511466626988323,12.49049940667083,40.572937733429164,0.8432565841438056,14.463007674253353,-1.7631279742155834,30.480914245057264,0.1787186325614207,25.058904881480636
53.399,-193.386563860414,127.67523791750742,-195.12463905158606,520.0724208342795,1.405259226813326,0.13125078887253344,-428.9039239831472,762.0221808553158,23.834198864331313,1438.2289725402225,-2.200076537282706,36.728707118177105,0.7431385079639918,26.7507330557385,12.536481462709636,40.64352400461089,0.8509070167180617,14.595453278725772,-1.9725618331358332,29.791067885942407,0.3486304657766777,25.170029461161157
53.498999999999995,-194.2345874854629,127.07478531451072,-195.49004784023674,521.0463574638685,0.7458502746916648,0.005520982923213957,-430.37502009031357,763.8978354189823,23.853904695370982,1443.495508925828,-2.1477915492244892,36.77938985082674,0.6861557003033139,26.992416317102293,12.582927983960952,40.714823268430806,0.8586347263890267,14.729236717586788,-2.1841111855805098,29.094253381786054,0.520258580135507,25.282276511343493
53.599999999999994,-195.0774551268518,126.44575561339695,-195.85911071677393,522.0300334597536,2.1801795098191246,0.0040835958006527565,-431.87874504796685,765.7828003806843,23.894733947567904,1448.821403526668,-2.0982161960274093,36.816729536045855,0.5480831534486373,27.239470794554013,12.629897658924454,40.78819702302919,0.8665218846195779,14.86843660818602,-2.198930899848041,29.035102806290627,0.6890912636981235,25.41682781854989
53.699,-195.91028216851822,125.81828264296517,-196.22086541753814,522.9942307230467,0.9140319540750297,0.11426996619892574,-433.36926054419774,767.6216306827711,23.907280224863364,1454.0482374675998,-2.0526383047018557,36.84083899063149,0.5289849346621054,27.484444740574,12.676009493053833,40.86145166284766,0.8743050195040903,15.008823696447209,-2.211943355603932,28.964210969228194,0.717052761740759,25.553298773355564
53.79900000000001,-196.75152160448766,125.1622325752064,-196.58627420618888,523.9681673526359,0.455762423252444,0.17341783171670352,-434.8748317525119,769.4790350283133,23.919953232232515,1459.3278677109656,-2.0066000306356377,36.86519197506143,0.5096938045746985,27.731893170897226,12.722587103285532,40.93544624852287,0.8821667719126892,15.150628836104982,-2.225087250306853,28.89260305300351,0.745296699157564,25.691148222654235
53.899,-197.61311360751472,124.5061825090278,-196.95168299483956,524.9421039822249,0.14520532198697894,-0.011346750310568804,-436.38600806946954,771.3333727806889,23.9223851673403,1464.6122120883158,-1.9606723087192697,36.88912334008978,0.5262825498006921,27.9818414911056,12.769234220308773,41.01078381568324,0.8900411529996863,15.296360106544608,-2.2381719203699104,28.820409989011047,0.722096420406415,25.832098882088143
54.0,-198.4834572143681,123.83234125311401,-197.32074587137674,525.92577997811,0.016694874299593654,-0.007046177938225553,-437.913008318074,773.2058506011421,23.922669937274254,1469.9521018508756,-1.9135137751264388,36.916424125552275,0.5531439108229611,28.235861634260697,12.816398589633186,41.087786393925896,0.8980658093916454,15.446133720819981,-2.2517428023291797,28.750595108896214,0.6862798575543688,25.97611231456441
54.099000000000004,-199.3498659915921,123.17184338950162,-197.68250057214095,526.8899772414031,0.2726518012892484,0.21317849847950573,-439.41257663526886,775.0396294859453,23.92834167579573,1475.190390371092,-1.8666233324423382,36.94579419622333,0.5555840450634177,28.4871411741262,12.862715001537481,41.164601641342564,0.9059717126969556,15.596606892754544,-2.2653154005620983,28.684689991217464,0.6840179428306652,26.119892267580965
54.2,-200.24754988008857,122.49755735384446,-198.05156344867817,527.8736532372882,0.45377417282446103,-0.07214111638080664,-440.942439261902,776.9104544088253,23.93412799489339,1480.5345029018174,-1.818785608087854,36.97575760165542,0.5580734749450955,28.74349706833241,12.90996709853075,41.24296871193936,0.9140373312205545,15.750119926748383,-2.2791621926987116,28.617453457019955,0.6817103328600183,26.266576866113
54.29900000000001,-201.13410769859297,121.79302629800777,-198.41331814944235,528.8378505005813,0.17359236758952304,0.07634758096689803,-442.44836256536996,778.7404951879397,23.941733582738998,1485.7784364312743,-1.771769902374197,37.00560387027236,0.5508215151458754,28.997776233145675,12.956407194065578,41.32155621150418,0.9220286678055037,15.905249468520964,-2.292763106022557,28.551838200999104,0.6922266825859211,26.414108664055945
54.399,-202.02962064662557,121.09249826065157,-198.77872693809303,529.8117871301704,0.8208297690313991,0.011774812640858341,-443.96949721533747,780.5890212274489,23.949415994704257,1491.0753389862805,-1.724279290542225,37.03575161635008,0.5434963032274719,29.254623874371173,13.003316381474493,41.40093752419591,0.9301007249620173,16.06194597536194,-2.3065014023092676,28.48556016461441,0.7028492580666301,26.563130682180116
54.498999999999995,-202.94548616167057,120.36973123691648,-199.1441357267437,530.7857237597594,-0.04545079524222834,-0.060920227419620214,-445.49609019748436,782.4343099805886,23.948709009055786,1496.3765594405872,-1.6768760818026385,37.0655162383707,0.5764224173894896,29.513706858554915,13.050334410655234,41.48165919315268,0.9382450756304941,16.222067872073346,-2.6400341289195066,27.384467501593097,0.8221441877898715,26.672973245500952
54.599000000000004,-203.87492005470875,119.6358447211771,-199.50954451539445,531.7596603893486,0.777393987744321,-0.11239851942857476,-447.0258432396317,784.2777527968586,23.961483208730467,1501.6806650387553,-1.6294076099391837,37.09559790676506,0.5477354953458611,29.77425239905347,13.097439783659391,41.56327610864769,0.9464682182644055,16.384442205692174,-2.6578103207684496,27.302278683538763,0.8597027152201443,26.825731070579025
54.699,-204.80435394773187,118.9019582046476,-199.8749533040451,532.7335970189376,0.2856324724306814,0.03327663082871944,-448.5601971111065,786.1185342916292,23.966452230000492,1506.9879517438478,-1.5823204550511811,37.12440242985019,0.5562699308272864,30.036263631301562,13.144649034938057,41.645786501124725,0.9547666390372717,16.5490098744993,-2.675485629003094,27.218643373953395,0.8499500481811958,26.980510959082167
54.79900000000001,-205.74735621868794,118.1680716904884,-200.24036209269585,533.7075336485268,0.5580759850748187,-0.0023881832267667867,-450.0982081896519,787.9572131890609,23.976122216328346,1512.2983272779204,-1.5353100139915585,37.152983524011745,0.5441037220648042,30.2996860278498,13.191972179966223,41.72918917166427,0.9631024513035426,16.715713607465204,-2.693147669498319,27.134654928749917,0.8665692154918231,27.13715263089678
54.900000000000006,-206.71362825801717,117.40405134832017,-200.60942496923306,534.6912096444119,-0.2235743244920697,0.09090482927599323,-451.6530544043433,789.8134431664005,23.972258448847757,1517.6646296156032,-1.4870653950917743,37.18408792061894,0.5932540122180506,30.567093602234742,13.239891717663447,41.814330578535966,0.9715593924023432,16.886201377800724,-2.7110623256696162,27.052070736176177,0.8068644908697434,27.29690344016134
54.998999999999995,-207.67406589477542,116.6224622094488,-200.9711796699972,535.6554069077049,0.602005668117609,-0.031021683921748443,-453.1813773020255,791.6304126819049,23.982831267835174,1522.9290210255033,-1.4394792143912236,37.21549765199935,0.5750716815060218,30.8312106810258,13.287052294260294,41.89910821227271,0.9798973359797091,17.05635545207124,-2.728664870463138,26.971914658585916,0.8301750830390352,27.4560438873128
55.099000000000004,-208.65777329978638,115.84409772253181,-201.33658845864792,536.6293435372941,0.6557806096862976,-0.05274606458090246,-454.72513780473514,793.4657354248391,23.99351088297398,1528.2465881062114,-1.3914123651987391,37.24722465339371,0.5567056908878075,31.097995609097627,13.334689240317724,41.984742185744174,0.9883195012093732,17.228228254364723,-2.746445218739426,26.890948923646242,0.853721135735294,27.61679181372844
55.199,-209.64826489384663,115.06573323640491,-201.7019972472986,537.6032801668831,0.4265801791358789,0.019722648619529326,-456.27626893421956,795.2967736072922,24.001116015684254,1533.5690360078272,-1.3442114031135868,37.27652996520651,0.5544612333515289,31.366821759394888,13.382537792466456,42.07170414043505,0.9968168483178512,17.40307104821701,-2.7641685109410705,26.807236782241347,0.8576346258986922,27.780502208058266
55.29900000000001,-210.64554067682064,114.27624925669353,-202.06740603594935,538.5772167964723,0.7166837795056105,0.05514003556311672,-457.8323464176404,797.1249465087703,24.013856886422126,1538.8947937121623,-1.2976283195089267,37.30421512030691,0.5294882393488308,31.636978903893297,12.763084377995943,41.876681017651606,0.9316941378339757,16.700112067317576,-2.781888990746613,26.721673497780838,0.8899616908439661,27.946164523966807
55.400000000000006,-211.67341315224652,113.48976754064498,-202.43646891248653,539.5608927923573,0.1514328860917744,-0.12903231413934044,-459.4077797514029,798.9691912031627,24.01660584990124,1544.2769839041036,-1.2506960054921554,37.33184761866655,0.5491448150334707,31.91115812996575,12.796196624499556,41.965244313959154,0.9406074570260718,16.85329983953577,-2.7997787617437875,26.634786244709144,0.8666598331493097,28.115286992805046
55.498999999999995,-212.68758156590303,112.68616180526644,-202.79822361325068,540.5250900556504,0.5614175277344263,-0.17317841336314563,-460.95749627329286,800.773837487779,24.027871947946963,1549.5574788973508,-1.2048663294790205,37.35860221237135,0.5361233122884773,32.18183012691171,12.828921569474439,42.053356939005184,0.9493941830054528,17.00602742253726,-2.640051312139456,26.458385195462462,0.908920229475308,27.113240075487994
55.599000000000004,-213.73234667193603,111.90779731913953,-203.16363240190142,541.4990266852395,0.5607776471133469,-0.11971528453174331,-462.52286649742445,802.5967125227454,24.039251844962845,1554.8913122238641,-1.158573727445542,37.38562705449742,0.5229702792127239,32.45523618443294,12.861977069449072,42.14235959056685,0.9582696637927078,17.160297708397383,-2.478710453953232,26.280202317435478,0.9516074984914762,26.101071472137246
55.7,-214.79468282747212,111.08806832003867,-203.5326952784386,542.4827026811246,-0.09729936251339005,-0.1933234209158636,-464.1083971115909,804.4353429564422,24.037014421682898,1560.283636436064,-1.111392596235653,37.41370847572934,0.5647401582355139,32.73326631652352,12.895680181731716,42.23357198409274,0.9672771312584706,17.31867442087341,-2.485967118603126,26.18683671514787,0.9027940005802925,26.219788225137428
55.8,-215.87350456222663,110.28757604365386,-203.8981040670893,543.4566393107135,-0.7562525813550053,-0.06470957039279696,-465.67441884888547,806.2577016668331,24.01884705683771,1565.6251058489543,-1.0609473132369212,37.448897323287355,0.6666832701357192,33.0096398768787,12.92929036813224,42.324748933212675,0.976213993996406,17.47717003466484,-2.4923196706443203,26.10250487466822,0.7886336139451812,26.337189568230546
55.900000000000006,-216.9658268331691,109.49798086940167,-204.26351285574003,544.4305759403028,0.7913356072732111,-0.0922344048552219,-467.2406064564632,808.0799998778258,24.03841184190412,1570.969863713058,-1.0087756095893476,37.48747937510678,0.6311462912118537,33.28719849673453,12.963156484574549,42.416784529859115,0.9851607074396165,17.63736528157593,-2.4982874407465463,26.021838049170434,0.8291083182020126,26.45518498406109
56.0,-218.06513681878747,108.69759978755765,-204.6289216443907,545.4045125698917,0.4143082974373163,-0.3295599082001653,-468.81220732757737,809.8996458299843,24.049358987481533,1576.3189261306875,-0.9575767336396304,37.52426167585589,0.629685327239608,33.566057327089595,12.997295307516746,42.509673560506116,0.9941164470490215,17.79928457168523,-2.5045348628682995,25.939021513846406,0.8319274523070415,26.574735008962147
56.099999999999994,-219.19144787658595,107.91912410530976,-204.99433043304137,546.3784491994808,0.9105983804880214,-0.13709043492655767,-470.3898415985943,811.7165573956872,24.076111864435784,1581.672720634521,-0.9077635327335429,37.55879437265752,0.5826730536997017,33.84621143346157,13.065964527469877,42.5944517758854,1.0025388972604878,17.730526029207212,-2.5112870811606176,25.853487382276516,0.8840702262843826,26.695949448316316
56.2,-220.3312594705272,107.12975132171935,-205.3597392216921,547.35238582907,0.5667733490963901,-0.20465168713431864,-471.9742478738247,813.5305188198445,24.09375311952687,1587.0316344235912,-0.8597689617129303,37.59044918272856,0.5671913569886897,34.12766651065961,13.144290860568242,42.66858222145158,1.0095695712951038,17.771137858670517,-2.5187246587239946,25.764494152166318,0.90199229883599,26.8189687976977
56.3,-221.47812662091945,106.35138683559245,-205.7251480103428,548.326322458659,0.6961127226947886,-0.374676404258028,-473.5644958922998,815.3420841518514,24.117210118926323,1592.3957358203816,-0.813093521165478,37.62018115468359,0.5396118063983103,34.41040544566238,13.404740714600841,42.532976901799124,0.9927985321800582,17.556035896634192,-2.5267266422003085,25.673112909359816,0.9326040155021587,26.943647477767023
56.399,-222.64677101811688,105.5808059933945,-206.086902711107,549.2905197219523,0.12884787965270114,0.034482527453476804,-475.1440579860342,817.1335507452578,24.12813887757217,1597.7137283396996,-0.7666472446533126,37.649853713568284,0.5486390859131366,34.69213450501655,13.446773738571077,42.617498655350374,1.00085926370237,17.688383644613037,-2.5345629769497364,25.58277905273873,0.924319329970509,27.068924280501054
56.5,-223.8460799496016,104.80599974442457,-206.4559655876442,550.2741957178372,0.46943331150235945,-0.16049683778534346,-476.7555304250965,818.9612085829755,24.13928841922096,1603.139155051327,-0.719262659524742,37.68012571808701,0.5578487347110902,34.97955506051927,13.489655914540709,42.70372791907437,1.0090828382857386,17.823405084470238,-2.5425576214920813,25.49062026972126,0.9158672770543821,27.196731927734756
56.599000000000004,-225.041589735203,104.05743549873382,-206.8177202884084,551.2383929811305,-0.09047377426007619,-0.04523899496640012,-478.3383969892092,820.7514815393577,24.140358655240995,1608.4667395518545,-0.6700553214195439,37.71316160252931,0.5930375256443612,35.263643940429134,13.524887499566809,42.770492559578464,1.0139348000804929,17.943564575026564,-2.5491143690287013,25.40419280691603,0.8814279167623585,27.323873467148267
56.699,-226.2695279442721,103.30130999740562,-207.18312907705908,552.2123296107195,0.14409748099613506,-0.10793884008171582,-479.93725210447434,822.5598380609557,24.14143970172588,1613.8481380372352,-0.6203509394951062,37.74653118277405,0.628581758910288,35.550602404984524,13.560474959189127,42.837931590390674,1.018835771590345,18.06493779781072,-2.5557373463384176,25.316892339436006,0.8466406841441562,27.452299264535643
56.8,-227.5167332499786,102.54874273402447,-207.55219195359626,553.1960056066044,0.20963179355206163,0.007154803878482351,-481.553929457122,824.385663671389,24.149761402854892,1619.2907771416849,-0.5674933169360532,37.783356418845976,0.6470899079605817,35.84224505442665,13.42377792600171,42.47428115323328,0.9539016080487711,17.852755529485798,-3.089471901480168,22.30535119589365,1.2324967121696946,27.465231551203733
56.899,-228.75254111827627,101.80017848833373,-207.91394665436047,554.1602028698977,-0.1654879416808115,-0.04676884075100889,-483.13936411999157,826.1750849182001,24.1544530073053,1624.63279887036,-0.51227333109482,37.82325052756826,0.6744045912099629,36.129866928819354,13.471766499801332,42.556626537624766,0.9626643158570239,17.985315136484115,-2.6444089275576808,23.992321788156744,0.9588898117531208,26.735298165572072
56.998999999999995,-230.01440027230575,101.06629197180423,-208.27935544301116,555.1341394994868,0.3941920923978975,-0.24270112878981553,-484.74081327440507,827.9825811271002,24.15919200169965,1630.0287804144757,-0.45649556761883203,37.86354760708572,0.7019951803507494,36.42039407467054,13.520239806669633,42.63980369357576,0.9715155358653592,18.119213729411694,-2.1948503680400595,25.696332487412235,0.6825192052717595,25.997991715439152
57.099999999999994,-231.30956979435567,100.35831387335139,-208.64841831954834,556.1178154953717,1.2495075015901267,-0.02395961298601373,-486.366828907775,829.8055393754207,24.21257954368454,1635.4881550159357,-0.4022558299882042,37.90222668975652,0.6172342938655785,36.71570829104601,13.569914652858131,42.724946087562294,0.980442388684437,18.25645247248574,-2.2217535820897463,25.62811284117808,0.7696138897604498,26.092064412910503
57.199,-232.59239209241292,99.62075792512417,-209.01017302031255,557.082012758665,0.61874719810798,-0.352441630906257,-487.971407923243,831.5892292884554,24.229654492283082,1640.8496675049973,-0.35283815520252365,37.93638401665205,0.6178990342021161,37.00702186205574,13.619352707152576,42.80948422528769,0.9891686851916338,18.39296852871885,-2.250242008264196,25.556197834927744,0.7701235323701419,26.186640966851154
57.29900000000001,-233.9017405693508,98.94246887256668,-209.3755818089633,558.0559493882541,0.16747859679819477,0.17053150580763698,-489.59219480755416,833.3909362713188,24.24690191510989,1646.2653366858679,-0.30292131198466216,37.970886367051584,0.6185704890875078,37.30127799438881,13.669290135732826,42.894876283596176,0.9979831261079946,18.530863535014927,-2.2790181963191976,25.483556414472854,0.7706383228849824,26.282172839518484
57.399,-235.2314416134216,98.2752993128036,-209.74099059761397,559.0298860178432,0.07799297963074076,-0.2794883901258233,-491.216035118519,835.191800870332,24.25042450745037,1651.689613555514,-0.25093099608687836,38.00724969136537,0.650356496485846,37.59729840159547,13.65523042585574,42.84451535167416,0.9836863936088239,18.56079446129631,-2.306653848028738,25.413271804786255,0.7398252585316788,26.378653509903202
57.498999999999995,-236.58149522447465,97.60812975304052,-210.10639938626466,560.0038226474322,0.5741194056509247,-0.1769807245930992,-492.8430390821646,836.9918768323759,24.27770697017144,1657.1201046491103,-0.19841713956849139,38.04411086813073,0.6328307755763679,37.894522173891104,13.706415091642212,42.92903102258684,0.9924444315533016,18.69951052928347,-2.334044414222501,25.34354613459208,0.758423139203798,26.476033203636003
57.599000000000004,-237.93833302453186,96.94096019327742,-210.47180817491537,560.9777592770214,1.1903046242064579,-0.106238674743914,-494.4786343431353,838.7899487629085,24.33626149706468,1662.5585205809957,-0.14967699711823135,38.07794208738418,0.5537843807518114,38.19301091530178,13.66325512875101,42.81121864306383,0.9672510954132977,18.67414219894471,-2.363824032186679,25.269483027179064,0.8381013607961856,26.575387012457423
57.699,-239.31552339158628,96.30714911110745,-210.83721696356605,561.9516959066104,0.4430561425574647,-0.03943089963768198,-496.12219854168484,840.5862341387623,24.35851314488034,1668.0048478305782,-0.10422468276257967,38.10918498581004,0.5493075601363343,38.492754366994404,13.715476108855205,42.89315226516063,0.9759556659898072,18.811704327321248,-2.395712632099222,25.19167644189212,0.8436522649164999,26.676622265747813
57.8,-240.70675702975265,95.68935009969913,-211.20627984010324,562.9353719024954,-0.3758365485545113,-0.05350952595706561,-497.78251012539846,842.4004077022748,24.339288985542485,1673.5115517556003,-0.05532616649953023,38.142954256585185,0.6274496115770426,38.796676361722334,13.76881453502982,42.976572352644446,0.9847274570128602,18.952130030303124,-2.4260602722488933,25.116183290679963,0.7676021025185686,26.77929341229682
57.899,-242.0970408815762,95.07288542515069,-211.56803454086744,563.8995691657886,1.4292014517416654,-0.04181607779084519,-499.41782673892544,844.1770160276438,24.369139305197464,1678.920122687763,-0.009143892444666353,38.17482330800782,0.6083478503494408,39.09636610408332,13.743930171474153,42.88858233389504,0.9657525560465277,18.949293246068443,-2.4570369575999944,25.0402357830138,0.7876120587331222,26.882010711727567
57.998999999999995,-243.51493638264043,94.47243282136391,-211.93344332951813,564.8735057953777,-0.23833576166420822,-0.26060607303893657,-501.06966170208386,845.9715698916528,24.39929114323279,1684.383325649543,0.037504869226908905,38.207014269040776,0.5890531420387337,39.39908301555904,13.718794450710856,42.79970352707746,0.9465859894138703,18.946427807447556,-2.48832653876272,24.96352112880556,0.8078241357175179,26.985765559637404
58.099999999999994,-244.94049801726132,93.88865945716377,-212.30250620605534,565.8571817912626,-0.1115309398701359,0.01485659296083654,-502.739167037186,847.7837945894042,24.393234790953958,1689.9105043617726,0.0886893281388758,38.24216721350285,0.6405162016320097,39.70659410128775,13.773546643515683,42.87861272816339,0.9552755671867729,19.08432326918446,-2.517280569468263,24.88989845913804,0.7587962763005294,27.091416464386075
58.199,-246.37107995173596,93.33824457055675,-212.66426090681955,566.8213790545559,0.13611122041099702,-0.05680123220027259,-504.3770993150003,849.5598790135057,24.408563600136375,1695.3377307721923,0.14257497661553148,38.27899256585482,0.6519600055807273,40.0097581179065,13.828156104860447,42.95685819932722,0.9637592951869531,19.221750252344556,-2.7926460846544003,23.81067795536663,0.8985102813095082,27.168819850726262
58.29900000000001,-247.82289639767015,92.79338942916179,-213.02966969547026,567.7953156841451,0.42757563932189624,-0.4169799602163383,-506.0315763632976,851.3539036843152,24.42404724577518,1700.8197776514044,0.1970049245717519,38.31618989146287,0.6635194035087254,40.31598439731939,13.883317176925868,43.03589402878564,0.9723287174093579,19.360565386849714,-3.070793069690916,22.720556234385352,1.039635538894342,27.247005089453726
58.400000000000006,-249.30300291187646,92.31046986347704,-213.39873257200748,568.77899168003,0.325899673507863,-0.14608548700057244,-507.70777219916516,853.1650825785945,24.44320340928891,1706.3677932019834,0.2526654570937211,38.35416735364879,0.6707820760016409,40.62705583867764,13.940022739267325,43.11660147336159,0.9808675220650046,19.503087999328724,-2.724054017173978,25.137389969340415,0.7127749621605709,26.273007652444047
58.498999999999995,-250.76045023483033,91.83711305990468,-213.76048727277163,569.7431889433232,-0.10113780431525593,0.02717097038202761,-509.35301656802784,854.9401221619027,24.45648752925976,1711.8164243060403,0.31047640123268855,38.393063208643035,0.6876174684174244,40.933649201390935,13.996620331317892,43.196525766505324,0.9891905162394985,19.645028276211917,-2.7669163656364413,25.085403146013913,0.6969070327014651,26.34917684379061
58.599000000000004,-252.21905086985905,91.2811384272955,-214.12589606142234,570.7171255729123,0.5518273207845605,-0.1093388199179912,-511.0148795668793,856.7330914379718,24.469905832260626,1717.3200920879171,0.36887129430236376,38.43235195106147,0.7046229153020576,41.24333946675796,14.053789616217466,43.27725737574143,0.9975975810622212,19.788402293265676,-2.8102116671136854,25.032891203259858,0.6808788211266078,26.426115420908364
58.699,-253.70478826091932,90.74740277869493,-214.49130485007302,571.6910622025014,-0.08355416838348573,-0.10212332643847499,-512.6801841513018,858.5256590227638,24.464891313144282,1722.834794266354,0.4295083374263027,38.47271993526471,0.7522805420842845,41.5547334868254,13.800656052584369,42.67057523192223,0.9004951846729607,19.333100443421234,-2.85196507014763,24.982118662914406,0.633844313804525,26.503937084739555
58.79900000000001,-255.1905256518892,90.25814510206207,-214.85671363872376,572.6649988320905,0.6172625196546915,-0.15871483106938253,-514.3481455051091,860.3179762278513,24.502550022406616,1728.3571310486122,0.49132805559508635,38.51366062873181,0.7306811279829849,41.86727528549865,13.857848079842135,42.74067293809589,0.9088763332793395,19.466141061261464,-2.89292391341836,24.932251210222024,0.6567934346825395,26.58247091521631
58.899,-256.6966156099317,89.82448488782101,-215.22212242737444,573.6389354616796,0.4154981358544899,-0.026227478246225077,-516.0212509661156,862.1098438103546,24.528365055724056,1733.888074046061,0.5520661154125633,38.5541261345695,0.7289863914273541,42.180976652366596,13.915752856490657,42.81126715464839,0.9172109524905505,19.600733181757654,-2.9347710999282612,24.881446831764773,0.6596061434362778,26.662239451648382
58.998999999999995,-258.2162739459975,89.41306365995885,-215.5875312160251,574.6128720912686,0.21497694735584544,-0.15612524095352748,-517.697498915076,863.9014620525215,24.54183704360037,1739.4270212544795,0.6135743417972553,38.59490094356862,0.746925962705692,42.49583152375191,13.974378901862092,42.882345459710585,0.9255131479838137,19.736906585349843,-2.9761066857440026,24.831149460121566,0.6424691497058188,26.742888397536404
59.099999999999994,-259.75119670729634,89.00887010095138,-215.9565940925623,575.5965480871536,0.12457739994711053,-0.13912875213838752,-519.3922263260501,865.7108789449163,24.549886901828295,1745.0290809198953,0.6778664426656429,38.636910389183235,0.7738600492932215,42.81498843361508,14.034333931246113,42.95460967917153,0.9338336607492914,19.876043953798042,-3.0162609442483332,24.781878821438855,0.616175537412385,26.824965368965415
59.199,-261.2623748071183,88.62357968024746,-216.31834879332652,576.5607453504468,-0.0066004799523643465,-0.13973593797525477,-521.054255389931,867.4844230571521,24.553464946410873,1750.531154942391,0.7456593051897721,38.679739918927524,0.8068579802289504,43.12949491026399,14.09421005350197,43.02610275448627,0.9419091066507239,20.01478191723443,-3.278819302399197,24.20629358027692,0.6746677165364595,26.89225976826972
59.29900000000001,-262.79560152105677,88.25663642277281,-216.68375758197723,577.534681980036,0.11557994618049067,-0.06921166390479548,-522.7330726261742,869.2758817563803,24.557079132857922,1756.0888054701647,0.8141369441030372,38.723002070184386,0.840189223598375,43.447178220010386,14.154690985073543,43.09831798207691,0.9500661227127772,20.154921274240888,-3.54402976517786,23.62489434677999,0.7337507257526992,26.960233908981145
59.399,-264.33561242412,87.90081265730247,-217.04916637062792,578.508618609625,-0.02346970003775173,-0.27202010446301794,-524.4126212322399,871.0673153310235,24.555511195788224,1761.6576089941054,0.8875955988738883,38.767829703871236,0.8809209397961418,43.76652834611455,14.216305936222211,43.17116586851118,0.9581373220165356,20.297439796152368,-3.5885297831925094,23.569093723360968,0.6937542416512018,27.042045077963156
59.5,-265.8976719414503,87.5861310141443,-217.41822924716513,579.49229460551,0.42281579471608,-0.037982184607647976,-526.1110033948764,872.8766644596784,24.584742081483974,1767.2904382656611,0.9637132903617187,38.81366534804117,0.8785408512670573,44.090173654028824,14.27932206432483,43.24514356528307,0.9661927450864369,20.442964484169103,-3.632020749225616,23.513921035166838,0.6973935493768417,27.125398772802402
59.599000000000004,-267.4088500412572,87.2558820823381,-217.77998394792934,580.4564918688033,0.38769534390253,-0.2058299523503206,-527.7808448986993,874.6502091225354,24.59950807052561,1772.824971053156,1.0391484493921053,38.8587665733524,0.8956784977756306,44.40898851948182,14.342259948795881,43.31821030964026,0.9739989453792255,20.58789416289615,-3.6741100663027697,23.460211250671613,0.6812950106872077,27.20856415995459
59.7,-268.9439763282127,86.93063692224987,-218.14904682446652,581.4401678646882,0.0465765990517128,-0.07069182705908648,-529.4844205743165,876.4595829705006,24.614572362376162,1778.4713125838325,1.1161075510291625,38.9047789345285,0.9131623593651843,44.73424408928737,14.406469305680487,43.39275314984303,0.9819628466880296,20.735751713920703,-3.717049672613803,23.40541642002497,0.6648712489937433,27.29340965593813
59.8,-270.49083926205515,86.65287199542193,-218.5144556131172,582.4141044942772,0.4046124527246548,-0.15936549662743604,-531.174452579858,878.2511262540629,24.64332653026307,1784.0746224155318,1.1948967119493317,38.950881272843844,0.9125609388529061,45.05784883697847,14.47123696639024,43.46707928992077,0.9897511406797964,20.88444714945411,-3.757547672831675,23.352572981963824,0.6666699845232433,27.37858404859267
59.900000000000006,-272.04441854312654,86.39745724872358,-218.87986440176792,583.3880411238664,0.08234552117929494,-0.1301709756191139,-532.8669175673848,880.0427623919605,24.64926987726116,1789.6867350083096,1.2752118792340288,38.997240844686665,0.9421354181113463,45.38249033962791,14.536810475280143,43.54172966327113,0.9974569552260564,21.03468501287395,-3.796848648868833,23.3004963690839,0.6382458519810267,27.464606426964732
59.998999999999995,-273.5824620313524,86.17729129392275,-219.24161910253207,584.3522383871596,0.38406535993096114,-0.25711376477756687,-532.8669175673848,880.0427623919605,24.64926987726116,1789.6867350083096,1.2752118792340288,38.997240844686665,0.9421354181113463,45.38249033962791,14.536810475280143,43.54172966327113,0.9974569552260564,21.03468501287395,-3.796848648868833,23.3004963690839,0.6382458519810267,27.464606426964732
