elapsed_s,reference_east_m,reference_north_m,constant_speed_east_m,constant_speed_north_m,phone_forward_accel_mps2,phone_yaw_rate_radps,imu_no_nhc_east_m,imu_no_nhc_north_m,imu_no_nhc_speed_mps,imu_no_nhc_sigma_m,imu_nhc_east_m,imu_nhc_north_m,imu_nhc_speed_mps,imu_nhc_sigma_m,gyro_only_constant_speed_east_m,gyro_only_constant_speed_north_m,gyro_only_constant_speed_speed_mps,gyro_only_constant_speed_sigma_m,imu_nhc_portable_speed_east_m,imu_nhc_portable_speed_north_m,imu_nhc_portable_speed_speed_mps,imu_nhc_portable_speed_sigma_m
0.10000000000000142,0.0,0.0,-0.03186999249934927,0.008122966850188285,-0.1010397161146972,0.0019416439280799226,0.0,0.0,0.3288888888907325,1.4142135623730951,0.0,0.0,0.3288888888907325,1.4142135623730951,0.0,0.0,0.3288888888907325,1.4142135623730951,0.0,0.0,0.3294968757005604,1.4142135623730951
0.20000000000000284,-0.027150299296893957,0.022238984798711222,-0.06373998499869854,0.01624593370037657,-0.06361073687991084,-0.009725736679366211,-0.031561801663669835,0.008044375817122267,0.32252781558250837,1.4159898744746742,-0.031561801663669835,0.008044375817122267,0.32252781558250837,1.4159898744746742,-0.03186999249934882,0.008122966850188179,0.3288888888907325,1.415989864681843,-0.03162071680408176,0.008059392003039161,0.3231358023923293,1.4159822767702566
0.29999999999999716,-0.061088173421779274,0.022238984798711222,-0.09560997749804553,0.024368900550564277,-0.06089481223671484,-0.004517601317648153,-0.062520467683374,0.015934582455520593,0.316438338086835,1.4214159854725545,-0.062520467683374,0.015934582455520593,0.316438338086835,1.4214159854725545,-0.06373998499869764,0.016245933700376358,0.3288888888907325,1.4214158326985813,-0.06263829796419786,0.01596461482735438,0.31704632489646134,1.4213857104275454
0.3999999999999986,-0.08145089789068188,0.03335847838319805,-0.1274799699973948,0.032491867400752564,-0.015569485983438401,-0.001994192911604669,-0.09310877053029532,0.02372991634020827,0.31488139125057324,1.4307736892422573,-0.09310877053029532,0.02372991634020827,0.31488139125057324,1.4307736892422573,-0.09560997749804646,0.024368900550564537,0.3288888888907325,1.4307730507418024,-0.09328551595153109,0.023774964897958953,0.3154893780600668,1.4307060150296376
0.5,-0.10181362235958448,0.03335847838319805,-0.15934996249674407,0.04061483425094085,0.016716371535913946,-0.003717555595438185,-0.12370262446886816,0.03152668870724305,0.3165530258511009,1.4445143263936586,-0.12370262446886816,0.03152668870724305,0.3165530258511009,1.4445143263936586,-0.12747996999739528,0.032491867400752716,0.3288888888907325,1.4445128839606722,-0.12393828503051585,0.03158675345091063,0.31716101266075475,1.4443951590057835
0.6000000000000014,-0.12896392165647844,0.03335847838319805,-0.19121995499609334,0.04873780110112913,0.05384531343487867,-0.010294040194564622,-0.15463817847796008,0.039411295228301835,0.3219375432933412,1.4632401824927364,-0.15463817847796008,0.039411295228301835,0.3219375432933412,1.4632401824927364,-0.15934996249674407,0.040614834250940895,0.3288888888907325,1.4632379669674433,-0.15493275418001967,0.03948637615788631,0.32254553010310855,1.4630563623723727
0.6989999999999981,-0.14240331980474843,0.04436677663679626,-0.2227712475704476,0.056779538282815144,0.05521228571410694,0.00044232899777730834,-0.18610066922888158,0.0474327313269766,0.3284039180646373,1.4906669938575101,-0.18610066922888158,0.0474327313269766,0.3284039180646373,1.4906669938575101,-0.190901255071099,0.04865657143262709,0.3288888888907325,1.4906647367823427,-0.18645357091994894,0.04752267828061879,0.329011904871747,1.490402320366097
0.7999999999999972,-0.16290179578136377,0.04447797117759739,-0.2549599399947896,0.06498373480150513,0.07522204212998412,-0.004459504178538635,-0.21819876585355985,0.0556162166397662,0.33500092666969716,1.5186478822195526,-0.21819876585355985,0.0556162166397662,0.33500092666969716,1.5186478822195526,-0.22308994749544173,0.056860767951317254,0.3288888888907325,1.5186455827551193,-0.21861117183644324,0.05572132994118446,0.33560891347409544,1.5183007219556548
0.8999999999999986,-0.1832645202351949,0.055597463181909265,-0.2868299324941389,0.0731067016516934,0.04096189978257139,-0.010533141629264414,-0.25085820300007333,0.06394577330455826,0.3390970908470154,1.5570180734295942,-0.25085820300007333,0.06394577330455826,0.3390970908470154,1.5570180734295942,-0.25495993999479055,0.06498373480150543,0.3288888888907325,1.5570164960861772,-0.2513295241233687,0.0640659027918934,0.3397050776473598,1.5565758014943178
1.0,-0.20362724471916896,0.055597463181909265,-0.31869992499348815,0.0812296685018817,0.04089642773477499,-0.006723791867196079,-0.28391382411262117,0.07237808151650232,0.3431866930809962,1.6036679194969699,-0.28391382411262117,0.07237808151650232,0.3431866930809962,1.6036679194969699,-0.2868299324941394,0.07310670165169361,0.3288888888907325,1.6036671433084266,-0.2844440603763284,0.07251322718975436,0.343794679874754,1.6031244370137046
1.0989999999999966,-0.2305060410307804,0.055597463181909265,-0.3502512175678424,0.08927140568356771,0.06759202142735468,-0.0003717644160102546,-0.31744340457124776,0.08093550034572491,0.3490808136160533,1.6637866329073838,-0.31744340457124776,0.08093550034572491,0.3490808136160533,1.6637866329073838,-0.3183812250684932,0.08114843883337952,0.3288888888907325,1.6637861812310601,-0.3192702052057339,0.08140550573702632,0.35167754012009966,1.6586777541296158
1.2000000000000028,-0.25792784329788543,0.06671695597630861,-0.3824399099921867,0.09747560220225826,0.05164215379055702,-0.013785717661383172,-0.3516503502916681,0.08966579632301344,0.35509400729323337,1.7251198657806401,-0.3516503502916681,0.08966579632301344,0.35509400729323337,1.7251198657806401,-0.350569917492837,0.08935263535206997,0.3288888888907325,1.7251197451723383,-0.35479990851654486,0.09047742627515312,0.3597196500673723,1.7153533604801974
1.2989999999999995,-0.2915263386987033,0.07772525422990684,-0.41399120256654093,0.10551733938394428,0.0049903590389122204,-0.015040359089135102,-0.3858848565126344,0.09840754483282065,0.358147863491367,1.8061128321330138,-0.3858848565126344,0.09840754483282065,0.358147863491367,1.8061128321330138,-0.3821212100671919,0.09739437253375617,0.3288888888907325,1.8061111169865285,-0.38950671934157366,0.09934123835444267,0.36307232766330233,1.7934397416242716
1.3999999999999986,-0.3258035915476561,0.08895594077501984,-0.44617989499088295,0.11372153590263426,0.05619375168314554,-0.0214330899107358,-0.4208109689198837,0.10732589432262417,0.36126341375410953,1.8887420200278617,-0.4208109689198837,0.10732589432262417,0.36126341375410953,1.8887420200278617,-0.4143099024915346,0.10559856905244633,0.3288888888907325,1.8887386781303004,-0.4249146778600383,0.10838411734442516,0.36649273611975636,1.8731036254177231
1.5,-0.36652904048546125,0.10007543356941918,-0.47804988749023225,0.12184450275282255,0.0632931650904478,-0.023958377209289367,-0.45611908214560487,0.11634887563091267,0.3675923994694536,1.9876656014431695,-0.45611908214560487,0.11634887563091267,0.3675923994694536,1.9876656014431695,-0.44617989499088345,0.11372153590263451,0.3288888888907325,1.987658220834336,-0.4607436368313004,0.11754197805988559,0.37312355644943324,1.9685190366204988
1.5989999999999966,-0.4202866331086842,0.11108373261310488,-0.5096011800645864,0.12988623993450857,0.04698493773514438,-0.026198344239439203,-0.4919221387292095,0.12550962751578532,0.37421728292753553,2.103295572696129,-0.4919221387292095,0.12550962751578532,0.37421728292753553,2.103295572696129,-0.47773118756523725,0.12176327308432042,0.3288888888907325,2.1032805250276407,-0.49710561988393903,0.12684789064816945,0.38004724551418895,2.080151216455438
1.7000000000000028,-0.4683426628450457,0.12231441915821789,-0.5417898724889307,0.1380904364531991,0.08646982877054496,-0.02679992595591521,-0.5284484893852136,0.13485544509530276,0.38097600241507434,2.2212615029643104,-0.5284484893852136,0.13485544509530276,0.38097600241507434,2.2212615029643104,-0.5099198799895811,0.12996746960301087,0.3288888888907325,2.221238633346074,-0.5342021884527961,0.13634180147056096,0.387110807085304,2.1940385918426086
1.7989999999999995,-0.5288199545273322,0.14433101487532685,-0.573341165063285,0.14613217363488512,0.11692310383361013,-0.053387275120439226,-0.5668219209959066,0.14472626410938932,0.4073746456854589,2.3608941855669507,-0.5668219209959066,0.14472626410938932,0.4073746456854589,2.3608941855669507,-0.5414711725639361,0.13800920678469708,0.3288888888907325,2.3608520794779793,-0.5731921878051154,0.14637357344818336,0.41380825175536967,2.3290435492681447
1.8999999999999986,-0.5837314348606129,0.15567289754141594,-0.605529857487627,0.1543363701535751,0.4135294061409524,-0.02600721087138544,-0.6059705734472206,0.1547964936086092,0.43430659488049833,2.503347730444396,-0.6059705734472206,0.1547964936086092,0.43430659488049833,2.503347730444396,-0.5736598649882787,0.14621340330338725,0.3288888888907325,2.5032859992691185,-0.612969863912028,0.15660800748596002,0.44104503874200296,2.4667758795709678
1.9990000000000023,-0.6576481246911694,0.18869779072203563,-0.6370811500619835,0.1623781073352617,0.45625313748714297,-0.00782329586012712,-0.6521285435156896,0.1668625787194048,0.4833623310366384,2.6671949628516325,-0.6521285435156896,0.1668625787194048,0.4833623310366384,2.6671949628516325,-0.6052111575626348,0.15425514048507374,0.3288888888907325,2.667064646196758,-0.6598019366622071,0.16885122139890443,0.49039956031850634,2.625448577900525
2.1000000000000014,-0.7262705061730741,0.20015086792892584,-0.6692698424863256,0.17058230385395168,0.5342050359303534,-0.02655226414312813,-0.6992189978279638,0.17917242312536744,0.5334090921656274,2.8343522403579975,-0.6992189978279638,0.17917242312536744,0.5334090921656274,2.8343522403579975,-0.6373998499869763,0.1624593370037636,0.3288888888907325,2.834151952658282,-0.7075801118921856,0.18134177296665524,0.5407511429369569,2.787326785287238
2.200000000000003,-0.8009338292357645,0.22238985351772453,-0.7011398349856748,0.17870527070413997,0.23045333154872016,-0.06849839531696796,-0.7519055363587038,0.19308662495151524,0.55644862580236,3.018627835143322,-0.7519055363587038,0.19308662495151524,0.55644862580236,3.018627835143322,-0.6692698424863252,0.1705823038539518,0.3288888888907325,3.0182912269058417,-0.7609911061497444,0.19544729973969666,0.5640924486055038,2.966014054784793
2.2989999999999995,-0.8882899172296626,0.26642304416185497,-0.7326911275600291,0.18674700788582596,0.09667583598768548,-0.10118133079830109,-0.8057384741547124,0.2073482017881812,0.5589842441999022,3.219882217667252,-0.8057384741547124,0.2073482017881812,0.5589842441999022,3.219882217667252,-0.7008211350606801,0.178624041035638,0.3288888888907325,3.2193610852542447,-0.8155842395846493,0.20991099553501896,0.5669266982091509,3.1614196207890664
2.3999999999999986,-0.984198349486031,0.3002263022884325,-0.7648798199843712,0.19495120440451594,-0.04404169873330246,-0.14752110649214847,-0.8606589460476116,0.22189789128821452,0.5615710872115363,3.4252023452926808,-0.8606589460476116,0.22189789128821452,0.5615710872115363,3.4252023452926808,-0.7330098274850227,0.18682823755432817,0.3288888888907325,3.4244929609430246,-0.8712802646040992,0.22466688720499464,0.5698182053805484,3.36077277398535
2.4990000000000023,-1.0984332337613973,0.33325119546905224,-0.7964311125587277,0.20299294158620254,-0.19600873690051338,-0.18825496137861178,-0.9125766248245712,0.23552562560405127,0.542563145780536,3.6514560990961504,-0.9125766248245712,0.23552562560405127,0.542563145780536,3.6514560990961504,-0.7645611200593788,0.19486997473601467,0.3288888888907325,3.6505560641657513,-0.9240150713349029,0.23851490778084894,0.5511082165668441,3.580792051524582
2.6000000000000014,-1.2421261928140592,0.3891822430634524,-0.8286198049830696,0.21119713810489252,-0.1889950218778379,-0.18185636963948193,-0.9655431455970225,0.24942866768384367,0.5231712055327488,3.88228063580473,-0.9655431455970225,0.24942866768384367,0.5231712055327488,3.88228063580473,-0.7967498124837203,0.20307417125470453,0.3288888888907325,3.881186098766704,-0.9778152276966294,0.25264268634813397,0.5320202481811467,3.8052561629534853
2.700000000000003,-1.418603138221263,0.44477970624536156,-0.8604897974824189,0.2193201049550808,-0.45669041811945255,-0.18951801688632772,-1.0140371027508814,0.261790184046405,0.47774470884976455,4.129465114113365,-1.0140371027508814,0.261790184046405,0.47774470884976455,4.129465114113365,-0.8286198049830692,0.2111971381048927,0.3288888888907325,4.128224770921148,-1.0271772792684024,0.26524172602087176,0.4868925121036384,4.045866892649755
2.799999999999997,-1.6222303829404319,0.5337356470203815,-0.8923597899817659,0.22744307180526852,-0.608397324237788,-0.19802810741214666,-1.0575526811365923,0.27226116731092587,0.41746653098173625,4.388869167890366,-1.0575526811365923,0.27226116731092587,0.41746653098173625,4.388869167890366,-0.860489797482418,0.21932010495508092,0.3288888888907325,4.38755441325198,-1.071589177434598,0.2759609275754046,0.4269075447430367,4.298516702004628
2.899000000000001,-1.8372607533881091,0.6438186248158387,-0.9239110825561224,0.2354848089869551,-0.7930649022306362,-0.20917016615143996,-1.0898732348448905,0.27818907145404087,0.3262690215136822,4.66357310423069,-1.0898732348448905,0.27818907145404087,0.3262690215136822,4.66357310423069,-0.8920410900567741,0.2273618421367674,0.3288888888907325,4.6623303568550005,-1.1048385590173533,0.28215156729919044,0.3359174151472689,4.5662690232940575
3.0,-2.09057304581562,0.7672449933325053,-0.9560997749804645,0.2436890055056451,-1.1010317609980964,-0.20548185256829654,-1.1228467290321429,0.2842367312364104,0.233229138116985,4.943826615042522,-1.1228467290321429,0.2842367312364104,0.233229138116985,4.943826615042522,-0.9242297824811156,0.2355660386554573,0.3288888888907325,4.942657329621705,-1.1387596452785462,0.2884672704517393,0.24308910111522727,4.839430482387302
3.0989999999999966,-2.359361008841306,0.9213611617720932,-0.9876510675548187,0.2517307426873311,-1.3398742091106588,-0.26204409959212155,-1.1344270764282829,0.2807460649678481,0.1605773562986076,5.241841871452641,-1.1344270764282829,0.2807460649678481,0.1605773562986076,5.241841871452641,-0.9557810750554702,0.24360777583714344,0.3288888888907325,5.240936112487272,-1.151323118979441,0.2852639276148442,0.16509305731970508,5.130141248874572
3.198999999999998,-2.644303399943444,1.0880423575671072,-1.019521060054168,0.2598537095375194,-1.1109157695662766,-0.26195802765966997,-1.1461243970304449,0.2772201394440476,0.0871917180982228,5.542867382978027,-1.1461243970304449,0.2772201394440476,0.0871917180982228,5.542867382978027,-0.9876510675548198,0.2517307426873318,0.3288888888907325,5.542227812351496,-1.164013496455093,0.28202822777959646,0.08630917469796168,5.423788487750616
3.299999999999997,-2.9390198988021106,1.2898611491386625,-1.05170975247851,0.2680579060562094,-1.2369069550349718,-0.2910729171535612,-1.1418180997383387,0.2655627337550902,0.17483980588883458,5.864515602644476,-1.1418180997383387,0.2655627337550902,0.17483980588883458,5.864515602644476,-1.0198397599791622,0.25993493920602195,0.3288888888907325,5.86416452347817,-1.1607510287359961,0.2706845045851832,0.1665010041740168,5.7377158356696345
3.399000000000001,-3.241406357243685,1.4990188064759788,-1.0832610450528666,0.27609964323789593,-1.1348200098109815,-0.3008266711398527,-1.122021909735781,0.2453519582649863,0.29142581718874233,6.196870878830613,-1.122021909735781,0.2453519582649863,0.29142581718874233,6.196870878830613,-1.0513910525535184,0.2679766763877085,0.3288888888907325,6.196650320281101,-1.1420171561306485,0.25080330500310455,0.28199662882772947,6.062241183986999
3.5,-3.5431140581466973,1.7457603481784234,-1.1154497374772085,0.2843038397565859,-1.3194107308648728,-0.2694823667833186,-1.1018257967028697,0.22473288428013374,0.4103671014441982,6.535940403020495,-1.1018257967028697,0.22473288428013374,0.4103671014441982,6.535940403020495,-1.0835797449778601,0.2761808729063984,0.3288888888907325,6.535853001867913,-1.1229048214524664,0.23052046502542925,0.39982549842393583,6.3933225999471235
3.6000000000000014,-3.855342500083585,2.012628172083658,-1.1473197299765578,0.2924268066067742,-1.3829583592272734,-0.26811720025728136,-1.0651010017638336,0.19400197126929078,0.5475728857457632,6.888658450911682,-1.0651010017638336,0.19400197126929078,0.5475728857457632,6.888658450911682,-1.115449737477209,0.28430383975658663,0.3288888888907325,6.888391034281701,-1.0872916137155568,0.20014620751377105,0.5365604183748185,6.737869576275611
3.700000000000003,-4.1404206426783645,2.323973966376402,-1.1791897224759071,0.3005497734569625,-1.267885068529434,-0.276877235191183,-1.0173349462405323,0.15594024580362728,0.6740166424225467,7.2526213126720585,-1.0173349462405323,0.15594024580362728,0.6740166424225467,7.2526213126720585,-1.1473197299765578,0.29242680660677484,0.3288888888907325,7.251847081897216,-1.0406622709205762,0.16245786181334568,0.6626350617275045,7.0934884025662015
3.799999999999997,-4.432286360070992,2.657558746257945,-1.211059714975254,0.3086727403071502,-1.2666743325327472,-0.29478693654522153,-0.9592121124849473,0.1105769393342344,0.8006034883271569,7.627781913227129,-0.9592121124849473,0.1105769393342344,0.8006034883271569,7.627781913227129,-1.1791897224759067,0.30054977345696304,0.3288888888907325,7.626090192588372,-0.9837008060103861,0.11748534366944406,0.7888934171562412,7.460134307459419
3.899000000000001,-4.701074323141892,3.0098242745713386,-1.2426110075496106,0.3167144774888368,-1.0975037181660412,-0.28291886283030926,-0.888495827681913,0.05563989874206565,0.8978333398704867,8.0156601789223,-0.888495827681913,0.05563989874206565,0.8978333398704867,8.0156601789223,-1.2107410150502629,0.3085915106386496,0.3288888888907325,8.012329896710675,-1.2413208121647055,0.17105714234517785,0.7170009487294727,7.788772747533945
4.0,-4.96850477118088,3.3914452627874274,-1.2747996999739526,0.3249186740075268,-0.8693526010992829,-0.24453983609092245,-0.8163509310646795,-0.000406981053982674,0.9970274308389298,8.41137436917695,-0.8163509310646795,-0.000406981053982674,0.9970274308389298,8.41137436917695,-1.2429297074746046,0.3167957071573395,0.3288888888907325,8.406372423138459,-1.5041452628877865,0.22571119958001482,0.643656107203177,8.124050348014
4.099000000000004,-5.223853336088438,3.809760575881885,-1.3063509925483092,0.3329604111892134,-0.6974572284547504,-0.20256095286665385,-0.733122545292127,-0.06575810050567968,1.071008246401141,8.820567566147044,-0.904597720634784,-0.02453222185479504,0.99271027110796,7.10475843033883,-1.2744810000489615,0.3248374443390262,0.3288888888907325,8.812902731545753,-1.4559631983695538,0.17502012873142694,0.7086718387635037,8.518441000746973
4.198999999999998,-5.4616220821639185,4.265326191299243,-1.338220985047656,0.3410833780394011,-0.7987449487923846,-0.17927573183599618,-0.6490534687542031,-0.13176933227506432,1.14573634292862,9.233894027732958,-0.9937358919177095,-0.0489011519566234,0.9883495037029404,5.78494435070449,-1.3063509925483088,0.33296041118921405,0.3288888888907325,9.223539406704596,-1.4072944463309396,0.12381702686417134,0.7743442948850395,8.916815397446907
4.299000000000007,-5.679028103785569,4.754250283519624,-1.3700909775470076,0.34920634488958996,-0.8292108047028908,-0.13637202609839255,-0.5561655629432458,-0.20568587443616035,1.2284402945182904,9.662872349317933,-1.1104654159060192,0.003633030421452771,0.9580278180418361,5.620531248386528,-1.3382209850476576,0.34108337803940225,0.3288888888907325,9.6490011879355,-1.3507872214473096,0.06560133353581289,0.8482753382496833,9.33038389237622
4.400000000000006,-5.8712522227913,5.259520030124069,-1.4022796699713496,0.35741054140827994,-0.7646976288328708,-0.12254751788255043,-0.45643875956316166,-0.28586268871968984,1.3054170055979113,10.10656378023083,-1.231459536174805,0.06237570061653924,0.9216198549725488,5.420463677391733,-1.3704096774720003,0.3492875745580924,0.3288888888907325,10.088550363024284,-1.2884574309750523,0.0019026550337223648,0.9165005930876402,9.75818644870136
4.5,-6.047729168213574,5.804375170728937,-1.4341496624706966,0.36553350825846764,-0.5972163486531497,-0.11748744535692592,-0.35275523143888216,-0.3699835058278659,1.3649052216549038,10.556023308117986,-1.1649854782205764,-0.005103033335185232,0.9728111211844811,5.631168140758179,-1.4022796699713491,0.3574105414082806,0.3288888888907325,10.53334533364764,-1.2224395420428518,-0.06528158525964005,0.9673365192854897,10.191582073806451
4.599000000000004,-6.215721645127236,6.365798355589559,-1.4657009550450533,0.3735752454401542,-0.541733143886654,-0.08571663316932036,-0.24413181685544694,-0.4591603151089929,1.419800465009359,11.015731964162294,-1.2334018908748654,0.022297532554423877,0.9453503145723546,5.541098059692035,-1.4338309625457053,0.36545227858996715,0.3288888888907325,10.987659526365103,-1.146843340162682,-0.13472792983061227,1.014652648297032,8.433130930322198
4.700000000000003,-6.373532759761232,6.960802407914982,-1.4978896474693952,0.38177944195884417,-0.5722745267966756,-0.04969844497543252,-0.13331398985618995,-0.5501386760927647,1.4758047031790529,11.484727663763032,-1.3032004532797428,0.05025164522968034,0.9173347441902876,5.449208381028599,-1.466019654970047,0.37365647510865707,0.3288888888907325,11.451151783581887,-1.069719942284937,-0.20557723085756038,1.0629246587027446,6.6391555213130955
4.799999999999997,-6.522859405886613,7.5723745044961595,-1.5297596399687423,0.3899024088090319,-0.6716593307775736,-0.052201840057546245,-0.017251657355359575,-0.6466110468921389,1.5426339652126915,11.9638303326526,-1.2390036803633044,-0.019118105669221626,0.9729968960891381,5.64813937908492,-1.497889647469396,0.3817794419588453,0.3288888888907325,11.924003019830977,-1.0273434261208816,-0.26191225844299104,1.1039563120223195,6.838118245343804
4.899000000000001,-6.6505336883554635,8.199847474927934,-1.5613109325430987,0.3979441459907185,-0.6674958413897076,-0.046869078055106136,0.10464793188822027,-0.7492937773958623,1.61082008446506,12.452622913886552,-1.2976551754161587,-0.005923128769205935,0.9688190473882533,5.646783225949278,-1.5294409400437528,0.389821179140532,0.3288888888907325,12.405756764167096,-1.0177270566233578,-0.2915330819035547,1.1272654807599738,6.999796410308141
4.998999999999995,-6.772777910922736,8.855675152815019,-1.5931809250424458,0.4060671128409062,-0.7168448572646666,-0.0603158834348519,0.22777883011404682,-0.8530137071975933,1.6796949523967388,12.946352793920799,-1.3568991098129757,0.007405130725758144,0.9645989981954408,5.645413374297114,-1.5613109325431,0.3979441459907198,0.3288888888907325,12.892376707940906,-1.0080135520804057,-0.3214531056010909,1.1508100956464913,7.16310768804988
5.099999999999994,-6.882600871574224,9.540524706192306,-1.6253696174667878,0.41427130935959616,-0.5540421356932201,-0.05299963182344238,0.35901006640354133,-0.9649098484304631,1.73535099281724,13.459754192955991,-1.3573011771250327,-0.02021268760827348,0.974708326457199,5.749030827130795,-1.5934996249674427,0.40614834250940995,0.3288888888907325,13.3977313317628,-1.5781986294894654,0.1672313887344159,0.8408479337993211,7.126769804831244
5.198999999999998,-6.98339635768625,10.22303916552181,-1.6569209100411442,0.42231304654128277,-0.6994076562648026,-0.04862964472186229,0.4940773156771746,-1.0814051500047048,1.7978823474728962,13.97738969176095,-1.3356844899070477,-0.06574470906504501,1.0026738893287817,5.900433072483448,-1.6250509175417989,0.4141900796910965,0.3288888888907325,13.906636841613647,-1.5161557595929283,0.10458848490677358,0.8869306423808073,7.387832311872424
5.299999999999997,-7.079440541465403,10.93046128890039,-1.6891096024654864,0.43051724305997274,-0.5721437135756868,-0.014910571731169612,0.6318731962492586,-1.200253892014784,1.8616769618185627,14.505482473370025,-1.3136311019371851,-0.11219656933912286,1.0312044130664555,6.054893949055339,-1.6572396099661406,0.4223942762097864,0.3288888888907325,14.425823270855396,-1.4528594983853529,0.04068006787049502,0.9339443147720182,7.654168808954828
5.400000000000006,-7.167679014169005,11.653228311845384,-1.7209795949648379,0.4386402099101616,-0.6876971994492627,-0.048339497848396404,0.7747743841768688,-1.3248438406809337,1.9300746419070542,15.04281719055941,-1.2952279915659257,-0.1532443992850925,1.0603952976979312,6.209280615823492,-1.6891096024654895,0.43051724305997463,0.3288888888907325,14.953483371457262,-1.3854102602051763,-0.02761062030376921,0.9857446741522491,7.92742986281872
5.5,-7.249129912074758,12.398234320379176,-1.7528495874641847,0.4467631767603493,-0.5478739601087859,-0.039476065953581906,0.9218754601029561,-1.4539644284933315,1.9845584210664466,15.589779309011321,-1.2689170673473682,-0.20285880078141877,1.0792521275409832,6.387584006788946,-1.7209795949648383,0.43864020991016284,0.3288888888907325,15.490204056304789,-1.3348231776824464,-0.1478701916040659,1.0383329834050823,8.18979832462651
5.599999999999994,-7.317005660294386,13.15435982170737,-1.7847195799635318,0.45488614361053703,-0.2786664268758159,-0.0003587090133901523,1.0717746056666682,-1.586126397570353,2.012268391042768,16.146231667033508,-1.2172268905329797,-0.27776544029062966,1.0845041976450613,6.593972964837602,-1.7528495874641872,0.44676317676035104,0.3288888888907325,16.03597557334046,-1.3925208767885173,-0.11729289477757764,0.9888024858514408,7.346576711192452
5.698999999999998,-7.384202651065879,13.913932365651712,-1.8162708725378884,0.46292788079222363,-0.48031814664413336,-0.02606342458116138,1.224467247621901,-1.7216562283826389,2.06446756402815,16.71117002051957,-1.167060336408928,-0.3494830603134373,1.1123811417931992,6.799813825797967,-1.7844008800385418,0.4548049139420372,0.3288888888907325,16.58969310892103,-1.3645474904959594,-0.1618742204377129,1.0064147184979297,7.347199037039352
5.799000000000007,-7.445358700211371,14.714202253745013,-1.84814086503724,0.47105084764241245,-0.5794734899206031,0.007749735255984827,1.378702239495881,-1.8585550473849544,2.117194001387124,17.28181482202067,-1.116387049414934,-0.42192510074051914,1.140539671235764,7.007733887374104,-1.8162708725378913,0.4629278807922256,0.3288888888907325,17.14900375092163,-1.3362915447458996,-0.20690586251865975,1.0242048524842828,7.347827649005916
5.900000000000006,-7.507057755372642,15.511692266466971,-1.880329557461582,0.47925504416110243,-0.8482454326672393,0.00378999786594089,1.54115847969306,-2.0041349800122994,2.2024409783901473,17.872790627827644,-1.0428813200753904,-0.5150138726312474,1.2093981495791861,7.236188078676186,-1.848459564962234,0.4711320773109157,0.3288888888907325,17.727650519999123,-1.2670070982662922,-0.28810583307123505,1.0912476166261935,7.583887381118206
6.0,-7.554570779138439,16.356773709360272,-1.912199549960929,0.4873780110112902,-0.6129935727525173,-0.010709864772736007,1.7069639861610137,-2.153697806215256,2.2634553240333846,18.46772964972598,-0.971812409615019,-0.6080573533154803,1.2519000254731507,7.464801956487407,-1.8803295574615828,0.4792550441611039,0.3288888888907325,18.30973534913454,-1.2009442209398618,-0.3678631315262383,1.1315228449532355,7.788651545303086
6.099000000000004,-7.608328371746592,17.193404337129365,-1.9437508425352854,0.49541974819297674,-0.5886784267692278,-0.03951556399406989,1.8768429523146983,-2.308055701776414,2.314527495101272,19.071095439807138,-0.8992752535834702,-0.7023854821637407,1.2836738493955966,7.694779130078048,-1.911880850035939,0.4872967813427905,0.3288888888907325,18.899577492344356,-1.7955151362330861,0.2612690231208422,0.8343169489979236,7.956583956213805
6.200000000000003,-7.649596826685104,18.058056087151186,-1.9759395349596274,0.5036239447116667,-0.44924033591155355,0.010714853071294014,2.0501538167745097,-2.465531938662032,2.366631427200831,19.68665043776869,-0.8252727004603784,-0.7986192297766082,1.3160895687508176,7.929402307175561,-1.9440695424602807,0.4955009778614804,0.3288888888907325,19.50133563844727,-2.402097585168569,0.9031109182658135,0.5311068935283774,8.127908941082309
6.299000000000007,-7.696634720219121,18.927711608100896,-2.007490827533984,0.5116656818933534,-0.4063022261750745,0.022600007648146042,2.2262903126772193,-2.626779863273805,2.4170382448956347,20.30901090936306,-0.7503583619464855,-0.8946953029379114,1.3463123371756263,8.161438609162214,-1.9756208350346374,0.503542715043167,0.3288888888907325,20.109267584811587,-2.3615911171171,0.8670093531234035,0.5531486840064272,8.374328288836015
6.399000000000001,-7.7441477439999895,19.839176421767927,-2.039360820033331,0.519788648743541,-0.6151464652934231,0.038457216890481205,2.404205965104182,-2.7896565548008323,2.4679542223651283,20.937657850367412,-0.6746873129425606,-0.9917418414846734,1.3768403860895715,8.395818712179015,-2.0074908275339847,0.5116656818933548,0.3288888888907325,20.723340257906802,-2.3206754928226903,0.8305431257068313,0.5754131188327382,8.623236720910443
6.5,-7.778560748341583,20.76009280458673,-2.071549512457673,0.527992845262231,-0.8562537988472754,-0.026087007955074685,2.5906699695832236,-2.961563001503934,2.5541306450417243,21.587440114284476,-0.5879183520595135,-1.1027139250743263,1.445720930741598,8.6431021493992,-2.0396795199583266,0.5198698784120448,0.3288888888907325,21.35748618975214,-2.2754090422606534,0.7896407228568704,0.6326838682646528,8.88184206516374
6.599999999999994,-7.82607377210738,21.69413018746496,-2.10341950495702,0.5361158121124188,-0.42074396838282974,-0.03985716907495015,2.7796265680617047,-3.1365099389427846,2.5960543236188993,22.240648409093104,-0.5021582832595876,-1.2117563096997033,1.4685886545285265,8.899829278515982,-2.0715495124576755,0.5279928452622329,0.3288888888907325,21.99461665486374,-2.2281326776120576,0.7466047516932157,0.6459323509546867,9.142635551893767
6.700000000000003,-7.860011646217193,22.65040655751217,-2.1352894974563714,0.5442387789626075,-0.3517274652836502,-0.023170955255273726,2.9711802219489756,-3.314315734498483,2.6310941707249276,22.903460949640984,-0.42204131680097656,-1.312286482854093,1.4806944356231828,9.155006131676753,-2.1034195049570243,0.536115812112421,0.3288888888907325,22.64096659828764,-2.1801752086631336,0.7028605842770259,0.6522926941600274,9.408066414757682
6.799999999999997,-7.90073709517007,23.6178024187736,-2.1671594899557185,0.5523617458127953,-0.22722951232931307,0.00585253745571925,3.164674686274376,-3.494269326431783,2.653730015349665,23.5757930420843,-0.3284672901518266,-1.4310665506773375,1.4872545878520198,9.42338148268564,-2.135289497456373,0.5442387789626091,0.3288888888907325,23.296541583083954,-2.132207069042529,0.6591058670120671,0.646232305702741,9.678080184409891
6.899000000000001,-7.934335590555817,24.597540918308855,-2.198710782530075,0.5604034829944818,-0.31680333284109974,0.020753086078995148,3.3591679385644,-3.6756678664635554,2.6875486097018855,24.25551197807781,-0.24099842625587725,-1.5428412989378597,1.5022703204461096,9.67700064645449,-2.16684079003073,0.5522805161442957,0.3288888888907325,23.959248400981153,-2.0846407639450955,0.6157082312516875,0.6516486015049571,9.952123240852284
6.998999999999995,-7.968273464680702,25.609192360876193,-2.230580775029422,0.5685264498446696,-0.36855411632810614,0.032239765114239954,3.555625769160365,-3.85889871498048,2.7217088060172565,24.94209676190957,-0.15264603848219946,-1.6557450850595885,1.517437727106805,9.933181619958354,-2.1987107825300773,0.5604034829944835,0.3288888888907325,24.628649227139874,-2.036593991119409,0.5718722355341365,0.6571196073657809,10.228934408975888
7.099000000000004,-8.002211338775444,26.63207449077873,-2.2624507675287737,0.5766494166948585,-0.33407038791763727,0.00035512648336253824,3.7555885223649543,-4.0459844066319475,2.755011976804541,25.64303529592302,-0.06791502600001302,-1.763790327362883,1.5292426234004175,10.18140501265095,-2.230580775029426,0.5685264498446716,0.3288888888907325,25.311924889740027,-1.9879199747682035,0.5273842196336134,0.661719828559401,10.512517891293388
7.200000000000003,-8.043276166467459,27.676417241324113,-2.2946394599531157,0.5848536132135485,-0.40767513930277216,-0.048752373698352204,3.9600885766020437,-4.237724116778963,2.796057334818788,26.36076809340671,0.02829024661647121,-1.884270485128557,1.5526427066805133,10.46942494816866,-2.262769467453768,0.5767306463633616,0.3288888888907325,26.011481014466998,-4.335929128558239,3.271697802157048,0.4417461180764378,10.566262856434774
7.299000000000007,-8.083594360927341,28.71119722896701,-2.3261907525274723,0.592895350395235,-0.3533597287964259,-0.038830677530270356,4.163594361679899,-4.429042503434395,2.8116653016111894,27.078509213563873,0.11983240691862594,-1.9963113499116023,1.548444914999544,10.737888086869443,-2.294320760028125,0.5847723835450482,0.3288888888907325,26.71101174858815,-4.348243258464886,3.3151916315959724,0.46487081442173955,10.850615396405148
7.399000000000001,-8.117600110791011,29.77844613471626,-2.358060745026819,0.6010183172454228,0.03502344605129552,0.018204188862881287,4.36915576074842,-4.622293399045925,2.827430924633816,27.80350024402559,0.21229923550665225,-2.109483940601536,1.544204721382404,11.009062974445964,-2.3261907525274723,0.592895350395236,0.3288888888907325,27.41760844972056,-4.360681773522105,3.359124792645387,0.4882290935584057,11.137840184253983
7.5,-8.165452513311019,30.85659214338822,-2.390249437451161,0.6092225137641127,-0.1567985211964194,0.022280424804461442,4.577719460597304,-4.818526811035521,2.8432140462090265,28.549949174519895,0.3118634378770986,-2.236014414416691,1.5440984615075604,11.28632799450681,-2.3583794449518143,0.601099546913926,0.3288888888907325,28.145396811518335,-4.377115856401562,3.406913029972581,0.512557050994082,11.434174013782158
7.599999999999994,-8.206177962248823,31.946302424597953,-2.422119429950508,0.6173454806143004,-0.1306015491679803,0.054773191598413984,4.785186827564165,-5.0138893575916015,2.8562334956422037,29.298494523521466,0.36308103744811876,-2.297123881372922,1.519234948585437,11.47113415688807,-2.390249437451163,0.6092225137641141,0.3288888888907325,28.875379947444834,-4.395580637920111,3.456152239795072,0.5392818335881356,11.73170234479113
7.698999999999998,-8.246496156693635,33.03612390113857,-2.4536707225248646,0.625387217795987,-0.22325868213458988,0.014838228641599548,4.992341138074613,-5.209227221388385,2.8734491340241437,30.053657099299222,0.39140573428445086,-2.318055467835862,1.4880892444468026,11.356090977970448,-2.421800730025519,0.6172642509458005,0.3288888888907325,29.61201037814459,-4.4167550392265875,3.5074134413030795,0.5622742875005333,12.03233654623501
7.799999999999997,-8.294416434967497,34.17020095740494,-2.4858594149492066,0.633591414314677,-0.12644365399288773,-0.009736164784873894,5.2036803841509185,-5.408511304655801,2.8910125630804657,30.824075484688613,0.4203026472184853,-2.3394099146313856,1.4563143341639548,11.238723694428232,-2.4539894224498604,0.6254684474644904,0.3288888888907325,30.36352223168673,-4.438357206216023,3.559710222639529,0.5857312354313621,12.339044165889863
7.900000000000006,-8.335141883905303,35.27103073140907,-2.517729407448558,0.6417143811648658,-0.17103704171197065,0.006766677795825486,5.41451872539499,-5.607560563123513,2.9080708255840073,31.601105490033575,0.45076508316604214,-2.3576856482376907,1.4258236975198346,10.7435297374116,-2.4858594149492093,0.6335914143146785,0.3288888888907325,31.121718813144327,-4.462886982338515,3.6142078358253587,0.6095929952141887,12.648805582801113
8.0,-8.38944248248402,36.405218983006314,-2.549599399947905,0.6498373480150536,-0.1725837347453556,0.01574423275940718,5.626517639334485,-5.807876688388385,2.9252849992228565,32.3876529691382,0.4660767387079238,-2.3497532831313226,1.3886411869096595,10.040135888522768,-2.517729407448558,0.6417143811648666,0.3288888888907325,31.889351705143977,-4.489400499877231,3.6704212013935194,0.6334961823881868,12.962618244253907
8.099000000000004,-8.44320007510724,37.53907365019107,-2.581150692522262,0.6578790851967401,0.04478446040769324,0.010216374929229121,5.8368644210582525,-6.006699641282935,2.92641640825969,33.180303594472385,0.48520732199351146,-2.3452393574514474,1.3391454219086367,9.25668502756314,-2.549280700022914,0.649756118346553,0.3288888888907325,32.66335671820748,-6.339331092121071,5.914439112756307,1.3889745763708723,12.921985149035441
8.200000000000003,-8.504831254499585,38.69583447178961,-2.613339384946604,0.6660832817154301,-0.06657711784975306,0.018596489970810464,6.051460632715824,-6.209539219488477,2.927570674044743,33.98896736375267,0.50472438170911,-2.340634241353797,1.2886497424631513,8.457406876483153,-2.5814693924472554,0.6579603148652429,0.3288888888907325,33.452998196181326,-8.226634019561669,8.203790719298034,2.1597151601309497,12.880531183206504
8.299000000000007,-8.558588847107735,39.85170573469147,-2.6448906775209604,0.6741250188971167,-0.23926441581077731,-0.01730192984334223,6.263940893666078,-6.410674689924496,2.9588801110605965,34.80050109642492,0.594358154445935,-2.4499548255881995,1.30353035864315,8.095186674760537,-2.613020685021611,0.6660020520469293,0.3288888888907325,34.24578853049475,-6.847097434404123,6.343369157501651,1.5766680006919076,10.157223427021972
8.400000000000006,-8.620220026515153,41.0309279317505,-2.6770793699453024,0.6823292154158067,-0.3931998957523656,-0.038182886411033096,6.480713685140569,-6.615873503197598,2.9908220619555563,35.62842944995919,0.6858027104703682,-2.561483906473797,1.3187115933318347,7.725648893205157,-2.6452093774459526,0.6742062485656192,0.3288888888907325,35.05459483115791,-5.439691423283866,4.445363321729672,0.9818421107591757,7.378899352530812
8.5,-8.68809577474985,42.19847466173094,-2.7089493624446495,0.6904521822659944,-0.38066579911137505,-0.056357522839653736,6.699029508329265,-6.823063123006296,3.028789148368853,36.46279075749315,0.8093003938460489,-2.727539505180148,1.3539965253063015,7.806715888954777,-2.6770793699453015,0.6823292154158073,0.3288888888907325,35.869642090871004,-5.496824600632892,4.525769275032173,0.9909058720437505,7.533101937616404
8.599000000000004,-8.755292765521345,43.37636251955983,-2.7405006550190056,0.698493919447681,-0.011085195587101318,-0.012748836423381881,6.916659774427047,-7.029828150065139,3.034469000959778,37.30295542681661,0.9073888634114631,-2.8482113602803154,1.3450898168563399,7.965932410285052,-2.7086306625196572,0.6903709525974937,0.3288888888907325,36.69064244239016,-6.793731014075207,5.6623742926973994,1.4479051354676251,6.298927544246078
8.700000000000003,-8.830634846062313,44.58916558487374,-2.7726893474433476,0.706698115966371,-0.1030811920641719,0.0001502825567475316,7.138686611557097,-7.240770248377686,3.0402635980474897,38.16009311976273,1.0074589182206184,-2.9713210306350257,1.336003174902339,8.128365426995728,-2.7408193549439988,0.6985751491161836,0.3288888888907325,37.52822865959652,-8.11683755708195,6.821941027891162,1.9141367072434754,5.0398203348481285
8.799999999999997,-8.912085743937922,45.790070792447295,-2.8045593399426947,0.7148210828165587,0.0516891619549739,0.022057390203052765,7.358881397162894,-7.450030050151457,3.035109816863449,39.02286252285417,1.0987733715200392,-3.0804173522952856,1.3135931127015927,8.293995580798834,-2.7726893474433476,0.7066981159663717,0.3288888888907325,38.37178287636414,-8.298936464459285,7.017863969016912,1.9959978226775772,4.732975597862376
8.900000000000006,-8.986749067000614,47.01321498481956,-2.836429332442046,0.7229440496667475,0.01365265628664808,0.010802533502193304,7.578857119023333,-7.659047468252405,3.0337483586444334,39.89498477578664,1.1854882221135268,-3.183899208823852,1.2938650867260675,8.462215280564363,-2.8045593399426965,0.7148210828165598,0.3288888888907325,39.22486481021521,-8.45201182919394,7.188085213876482,2.0628583476783615,4.637746040395835
8.998999999999995,-9.060665756846243,48.21311943915565,-2.8679806250163984,0.730985786848433,-0.04857403664601277,0.023690046839391247,7.797120994590186,-7.866510173134705,3.0446900313621708,40.77242770446935,1.260828488099646,-3.275323350427004,1.2835127037685605,8.624564611587406,-2.83611063251705,0.7228628199982456,0.3288888888907325,40.083597728054734,-8.60706693562165,7.361446953545436,2.115909375050849,4.627946470044479
9.099999999999994,-9.16322601243796,49.44838387834987,-2.9001693174407404,0.7391899833671229,-0.1717990183445146,0.0188154231611614,8.019794241380634,-8.078164043772222,3.0558527479731965,41.667596752923515,1.3376907796612498,-3.3685944443857845,1.272951181761406,8.790193727075577,-2.8682993249413937,0.7310670165169361,0.3288888888907325,40.959678785648684,-8.765254468441851,7.538310950581457,2.1700321403500586,4.617948928574912
9.200000000000003,-9.23110176067266,50.69376705631094,-2.932039309940092,0.7473129502173118,-0.12981898339815778,0.00682623784985084,8.241655903991978,-8.289246838632865,3.0688039101073965,42.568257759760634,1.4100296146529705,-3.4571391906010107,1.2633732276085534,8.95903874940281,-2.9001693174407426,0.7391899833671242,0.3288888888907325,41.84144538268264,-9.608771240150142,8.393417404454766,2.4773691019816293,4.622533022697041
9.299999999999997,-9.319340233376261,51.93915023585218,-2.963909302439439,0.7554359170674996,-0.07708589573307245,0.008075150694322877,8.464216466254156,-8.501092378474995,3.0764947459592715,43.47846810248412,1.4812811227432683,-3.5446749960810577,1.24845006051517,9.132393278597823,-2.9320393099400914,0.7473129502173123,0.3288888888907325,42.73280395743854,-9.764025865360502,8.569218587670449,2.529804100860841,4.641793876511342
9.403000000000006,-9.424208264418239,53.24413389468557,-2.9967353947137707,0.7638025729231941,0.013034805097139307,-0.006842097237959942,8.693675442122313,-8.719534904068459,3.075155213116047,44.42589684230005,1.5587816472796885,-3.639507660554663,1.225754284916969,9.321431839583148,-2.964865402214421,0.755679606073006,0.3288888888907325,43.6609437935144,-9.925185116820616,8.751020759152938,2.5923062210658254,4.67320056263734
9.5,-9.522967478125574,54.4521555773631,-3.0276492874381375,0.7716818507678761,-0.0034557738766460913,0.010817585088027354,8.90973484068676,-8.925216625673436,3.0754896562034753,45.32730051912458,1.628889292571397,-3.7261842011597928,1.205526433325709,9.501478377198094,-2.995779294938789,0.7635588839176886,0.3288888888907325,44.54434192623733,-10.086175706648145,8.93223784695563,2.651163439095761,4.710385185696808
9.599999999999994,-9.617993525657166,55.708658248908655,-3.0595192799374846,0.7798048176180638,-0.1325115453424483,0.012869776165407078,9.132936181864082,-9.137759793014814,3.088711605254526,46.26597768273865,1.698625440595909,-3.8131486209918024,1.19706220740764,9.689085924384521,-3.027649287438138,0.7716818507678767,0.3288888888907325,45.464541369964735,-10.259936720679683,9.127903939571537,2.700158880988685,4.7545255411609
9.700000000000003,-9.740169872485655,57.00963889084172,-3.091389272436836,0.7879277844682526,-0.11980076471615292,0.00941674277706454,9.356991942888431,-9.351231132665871,3.1006664327462685,47.21426677167013,1.7676654042889346,-3.899705058681421,1.1873386841564841,9.879977044802434,-3.059519279937487,0.7798048176180647,0.3288888888907325,46.394377466896884,-10.438540807283616,9.329008386323515,2.750865349943946,4.802064019378975
9.799000000000007,-9.827525960464481,58.26458483249535,-3.1229405650111923,0.7959695216499393,0.18420891697275804,3.7875891270917894e-05,9.578509058912331,-9.562245096339591,3.098106129033815,48.16711273154527,1.834325930645776,-3.9839069019292648,1.1635706080872643,10.073814748454359,-3.0910705725118426,0.7878465547997512,0.3288888888907325,47.329247961032756,-10.622658711813552,9.536350705156316,2.815712675255318,4.852389116086726
9.900000000000006,-9.950584692017742,59.578241696324646,-3.1551292574355343,0.8041737181686293,-0.12923802211082092,0.02311242792437888,9.80450126818923,-9.777521968370346,3.0954941020140394,49.13920810475117,1.9023331343027523,-4.069809792515445,1.139322368865132,10.271568365311362,-3.123259264936184,0.796050751318441,0.3288888888907325,48.28300472777739,-10.810496169970348,9.747881757702903,2.8818700475426744,4.903730881414831
10.0,-10.05918588922039,60.89034183026202,-3.1869992499348814,0.8122966850188169,0.35454016358337453,-0.03642902320663001,10.027407455388675,-9.98975171687953,3.060110768845771,50.115790540374206,1.9744641343158316,-4.158093045787388,1.0847772859593325,10.467445675765477,-3.155129257435533,0.8041737181686291,0.3288888888907325,49.24181777688125,-11.001133570482187,9.958502618634471,2.9794425782779705,4.956133920790855
10.099000000000004,-10.166701074436693,62.18932096413996,-3.218550542509238,0.8203384222005036,-0.07811647047061172,0.0322236704094243,10.247030941860954,-10.198721565089908,3.0565844261850996,51.09655681132602,2.041227249336389,-4.242401327299487,1.0620432224435563,10.668528118367263,-3.1866805500098887,0.8122154553503156,0.3288888888907325,50.205413082784055,-11.509090905956356,10.483837166402818,3.163901299096434,5.003802671259831
10.200000000000003,-10.296751008049373,63.51454209892685,-3.25073923493358,0.8285426187191935,0.1472357433480473,-0.010410762233676412,10.471091266443775,-10.411913026395437,3.052986844278758,52.09713654229701,2.1093391141553384,-4.328412806417886,1.0388498849173615,10.873672832536752,-3.2188692424342302,0.8204196518690055,0.3288888888907325,51.18847496052324,-12.027310005783514,11.019784533317974,3.352086458719302,5.0524344267887855
10.299999999999997,-10.41213978006494,64.84888121924311,-3.282609227432927,0.8366655855693812,0.6539796569102909,0.00025361099558555544,10.69008807866279,-10.619917601152164,2.987726739632075,53.10162542981603,2.1731068008995336,-4.404962385212047,0.9537520311332262,11.082525048168746,-3.250739234933579,0.8285426187191935,0.3288888888907325,52.1763373820609,-12.25905132101537,11.273590582955476,3.485968084698905,5.108131736483769
10.399000000000001,-10.539814062518719,66.16987694725799,-3.3141605200072837,0.8447073227510679,0.22058645051719877,0.04444050038011033,10.9037623038989,-10.822454048844952,2.981817052643119,54.10967202446915,2.231400468919425,-4.474974825510539,0.9283256016558368,11.2926488612343,-3.2822905275079357,0.8365843559008802,0.3288888888907325,53.16868456120261,-12.471061561523301,11.526454728150616,3.550136031737452,5.161363397963282
10.498999999999995,-10.67549768321919,67.52623266250126,-3.3460305125066307,0.8528302896012555,-0.09930904085260411,0.07598701091954077,11.119594854642425,-11.027036319241688,2.975847671846194,55.12790090795704,2.290282961868804,-4.545694462175674,0.9026423395574661,11.504895137058073,-3.3141605200072832,0.844707322751068,0.3288888888907325,54.17105544922444,-12.6852133196121,11.78187305663053,3.6149521398571904,5.215132752993086
10.599999999999994,-10.812606694690357,68.88525705620482,-3.3782192049309727,0.8610344861199455,-0.10174319043092414,0.05225743798091674,11.338083288374536,-11.23418666627131,2.9861098023995147,56.17088493258552,2.348291757715663,-4.615394079107948,0.893022603011352,11.723117477065987,-3.346349212431625,0.852911519269758,0.3288888888907325,55.19819446118728,-12.875965721648386,12.027233338301675,3.65380179683525,5.2688748890255885
10.698999999999998,-10.9604400743364,70.2392776781904,-3.409770497505329,0.869076223301632,0.18180390261561974,0.02614124869790805,11.551059539607438,-11.436003122189135,2.959850375507392,57.20733118061196,2.4021062063148557,-4.6802063583324465,0.8472445640230807,11.940626487372725,-3.377900505005981,0.8609532564514444,0.3288888888907325,56.21954706036742,-13.08526788784077,12.28810029463641,3.7347097554772226,5.326372417535027
10.799999999999997,-11.151985435893994,71.55393529525718,-3.4419591899296713,0.877280419820322,0.3476041825397671,0.023103747001560107,11.768338341370287,-11.641896678226502,2.9330604551427024,58.264715736679285,2.4570078154918074,-4.746327976531175,0.8005417161663617,12.162529619099793,-3.4100891974303225,0.8691574529701342,0.3288888888907325,57.261533045389534,-13.29879838062289,12.554237290493043,3.817252218334181,5.385031512276976
10.900000000000006,-11.301312082019379,72.89939390836783,-3.473829182429023,0.8854033866705109,0.37318422395352824,0.05768392887871095,11.980038591669267,-11.842199931034015,2.895776879665728,59.32551181052376,2.5061740859955486,-4.805852781798697,0.7435491523315462,12.38562747056824,-3.4419591899296713,0.8772804198203223,0.3288888888907325,58.30787966976064,-13.506849961461493,12.820455609777618,3.9064600008582944,5.4446650986538
11.0,-11.504939326723475,74.30044998387032,-3.5056991749283695,0.8935263535206986,0.352095564873817,0.07961835015857893,12.189207082392338,-12.039906866506392,2.860591992388028,60.39554818892941,2.5516356353257916,-4.861182992349407,0.6886814723177712,12.610966753421545,-3.47382918242902,0.8854033866705104,0.3288888888907325,59.36403203744181,-13.686852457900747,13.067764453327774,3.982719116549542,5.50333762834144
11.099000000000004,-11.753568192556898,75.69850379570994,-3.537250467502726,0.9015680907023852,0.10051441843381315,-0.001689998519638105,12.39396727654173,-12.233292689699388,2.8393985232967855,61.46883376011119,2.5924977529793805,-4.911333747298929,0.6480245401065241,12.837544853866017,-3.505380475003377,0.8934451238521971,0.3288888888907325,60.424172200606684,-13.930625301822326,13.368082945510018,4.064848596848065,5.568155565714351
11.198999999999998,-11.971109965656119,77.11067936479691,-3.569120460002073,0.909691057552573,0.3267151196671008,0.0161318506714498,12.600795755480489,-12.428631905045831,2.817990978760179,62.55296059968864,2.6337726192961326,-4.961991075530764,0.6069569318123389,13.066411621991726,-3.5372504675027243,0.9015680907023849,0.3288888888907325,61.49502085026807,-14.176860497702686,13.671434957815288,4.147807667856666,5.633628229727386
11.299999999999997,-12.204059533599656,78.45914023999025,-3.601309152426415,0.9178952540712629,0.23015366038156365,0.07937375451499028,12.806944629363842,-12.62316460029274,2.794754700892945,63.662173512089325,2.6708530888291167,-5.008046425388797,0.5638896385908507,13.301115334633563,-3.5694391599270663,0.9097722872210748,0.3288888888907325,62.591488867561935,-14.719991000387138,14.285881769578339,4.3430779349544455,5.690471942029439
11.400000000000006,-12.43483707763079,79.81571834510521,-3.6331791449257667,0.9260182209214518,-0.050053378924181366,0.10009711777058508,13.010407169534085,-12.815126704913007,2.7997589850774474,64.77006526199891,2.705617750047003,-5.051509076377683,0.5492309291790013,13.53599379747309,-3.601309152426415,0.9178952540712629,0.3288888888907325,63.68701289769265,-14.894304920488421,14.55882909031061,4.372826282443818,5.754152604151486
11.5,-12.672402196459771,81.15005746542147,-3.6650491374251137,0.9341411877716395,0.28615066496890135,0.05823681245545134,13.213019736465796,-13.006269596573482,2.771145822522199,65.88756407588461,2.7382319692535924,-5.092669308567181,0.501084864927268,13.773334721727705,-3.633179144925764,0.926018220921451,0.3288888888907325,64.79242220126204,-15.103252230931366,14.863199534305727,4.448228619137205,5.822244486946506
11.599999999999994,-12.903179740505978,82.48439658573774,-3.696919129924461,0.9422641546218272,0.17959989647354363,0.04257547799166223,13.41395301240089,-13.195799093691658,2.7531861761076235,67.01456262819202,2.7678965960905995,-5.130702372002283,0.4636008627182018,14.0130462364746,-3.665049137425113,0.9341411877716391,0.3288888888907325,65.90773437845131,-15.356869314274967,15.207899737575083,4.527285489842816,5.89362847341153
11.698999999999998,-13.171967703516593,83.79438401470892,-3.7284704224988174,0.9503058918035138,0.36977468297638477,0.03451397983029643,13.60983389252503,-13.38054901521041,2.7233526906179484,68.14429824092042,2.792354053186415,-5.163215339593601,0.4146190535000002,14.253818597381102,-3.6966004299994673,0.9421829249533252,0.3288888888907325,67.0265723337565,-15.643798628281765,15.585628386700641,4.627391359302665,5.966718977944319
11.799000000000007,-13.497228289063539,85.07357045158665,-3.760340414998169,0.9584288586537026,0.23360798175483427,0.06386181556329619,13.807693367397906,-13.567165097552591,2.693217856789992,69.28544532448451,2.817058555303401,-5.196056720998975,0.3651424785321175,14.497023002337178,-3.728470422498817,0.9503058918035135,0.3288888888907325,68.15671168254968,-15.933626218187635,15.967172476726477,4.728508399161104,6.040547770401684
11.899000000000001,-13.843190977878816,86.35231210793093,-3.7922104074975156,0.9665518255038903,0.16669816682189006,0.03994413598293311,14.003005653078205,-13.751390741561078,2.676548568538634,70.44085359043703,2.8372901020824015,-5.224267239720508,0.3291869006970391,14.743799567232246,-3.760340414998166,0.9584288586537016,0.3288888888907325,69.30169955632698,-16.248201799255643,16.37620695688655,4.822007496309575,6.116138375553126
12.0,-14.213181681509521,87.61048270390918,-3.824399099921858,0.9747560220225804,0.18106280739486266,0.04525749730469205,14.198974643227132,-13.936260434569775,2.658262664696429,71.61758600271585,2.8550889541893683,-5.250070648843227,0.2915793351808273,14.995529654287445,-3.792529107422508,0.9666330551723916,0.3288888888907325,70.4682335487048,-16.578632793661324,16.804126762265987,4.920342925166373,6.193539155237017
12.099000000000004,-14.59620452885579,88.8324037523822,-3.855950392496214,0.9827977592042669,0.024538906636755925,-0.014548031605837966,14.389976272855924,-14.116471549175278,2.649442166115604,72.78554963711916,2.8694296416103517,-5.27221764503056,0.2638650555840485,15.246047803895964,-3.8240803999968658,0.9746747923540785,0.3288888888907325,71.62654994100046,-16.915092203417185,17.206889080022705,5.002636615648338,6.26049421468762
12.200999999999993,-15.011604108078673,90.07978843918848,-3.8884577848455466,0.991083185391458,0.15177046369270236,-0.02627236721021311,14.586765830655256,-14.302143606647588,2.640354379698998,73.98890610892846,2.8842048953168176,-5.295035762314476,0.23531094933282587,15.504157412583492,-3.8565877923461995,0.9829602185412698,0.3288888888907325,72.81996683003219,-17.261747352862567,17.62185631649927,5.087424054326715,6.329478215333686
12.299000000000007,-15.4306689776933,91.2457784400671,-3.919690377494913,0.9990436929046435,0.4585792787586051,0.022492076893218537,14.771721177124343,-14.47674752580991,2.596777247074996,75.16373497432677,2.891766247707894,-5.310222584093682,0.17596363772501433,15.756816146621075,-3.8878203849955635,0.9909207260544547,0.3288888888907325,73.98609344734732,-17.759691631069757,18.17736390541055,5.255263797604305,6.395472025983485
12.400000000000006,-15.977951135807627,92.52529846056723,-3.9518790699192547,1.0072478894233334,0.43124647408469563,0.03303768538490345,14.9623384219547,-14.65669646290575,2.551866120595163,76.37452798866566,2.8995590700701244,-5.325874308580413,0.11479957168023774,16.017209331700588,-3.9200090774199032,0.9991249225731441,0.3288888888907325,75.18791781825355,-18.27287910146689,18.74987682867618,5.428241492206693,6.463486055326636
12.5,-16.70422164192042,93.75956214652398,-3.983749062418602,1.015370856273521,0.2115747476687705,0.051404932955820284,15.14707481537649,-14.83120712252845,2.530712449877781,77.5874650409108,2.901395172620068,-5.335428136718429,0.08116624513773925,16.278523446303883,-3.951879069919252,1.0072478894233323,0.3288888888907325,76.39273263928644,-18.624225046977138,19.176454357118164,5.518481127887877,6.546432232689641
12.599000000000004,-17.376191549575065,95.05854128040191,-4.0153003549929585,1.0234125934552079,0.2530474756174323,0.06987544577782877,15.326962875630157,-15.001276223219662,2.496131859245411,78.80249224006077,2.8982749930461074,-5.339981650606021,0.0776647341114094,16.54083581812219,-3.9834303624936083,1.0152896266050189,0.3288888888907325,77.60031008986599,-18.929918665891986,19.58958284557332,5.609761304885617,6.629502697819674
12.700000000000003,-19.229199476516484,98.87452877190104,-4.0474890474173,1.0316167899738977,0.44396295068401675,0.07931846360151516,15.510485038111163,-15.17478106331877,2.460852670822489,80.04206544323391,2.89509177954136,-5.3446271546731605,0.0740924854885882,16.808447429775196,-4.01561905491795,1.023493823123709,0.3288888888907325,78.83228304449759,-19.241787913471764,20.011057364098264,5.702885525863104,6.714251354164451
12.799000000000007,-20.593298388822102,101.417445549179,-4.079040339991657,1.0396585271555843,0.4134686223228296,0.09357051446122072,15.684840359937319,-15.339986264208692,2.4329882066063555,81.27589514958139,2.8838869953012662,-5.341332708740636,0.11458965928698722,17.075425997610594,-4.047170347492307,1.0315355603053955,0.3288888888907325,80.05964671282541,-19.49732374426202,20.402684806354504,5.773051925375354,6.798744724522807
12.900000000000006,-20.118371778395563,102.85530714568084,-4.111229032415999,1.0478627236742744,0.15260564008780575,0.054569570972050785,15.862718011497329,-15.508528943904462,2.40456082392121,82.5346507085823,2.8724558517835947,-5.3379717083448295,0.1559049578085843,17.347798071866897,-4.07935903991665,1.0397397568240856,0.3288888888907325,81.31180560677598,-19.758021915068227,20.80222391411085,5.844635827908049,6.884945031656076
12.998999999999995,-19.52031856066191,103.41673033054145,-4.142780324990351,1.0559044608559598,0.19708056617761432,0.013939003922849063,16.034020945467446,-15.671121282819277,2.3865959301890824,83.78770474600694,2.855495131822888,-5.329239165768369,0.19189947526962364,17.619760136578556,-4.110910332491004,1.0477814940057717,0.3288888888907325,82.55899218867906,-20.141874382839912,21.296301870876494,5.939923537661078,6.975286072500885
13.099999999999994,-19.459977020502404,105.21263959123053,-4.174969017414693,1.0641086573746497,0.16671845801219598,0.016268176594999982,16.208784544770314,-15.836998315449557,2.3682681093108493,85.06607300640997,2.8381917710548925,-5.320330208190364,0.22862115469957645,17.89721638441573,-4.143099024915349,1.0559856905244622,0.3288888888907325,83.83137445910556,-20.533481445920156,21.80036120050614,6.0371362516515505,7.067452184877921
13.200000000000003,-19.65002911558066,106.90280247622702,-4.206839009914044,1.0722316242248386,0.2276709477447295,-0.01525272276142612,16.379619540371596,-15.99937245875346,2.345539547718416,86.34638360445615,2.816798476421243,-5.307523437778514,0.27013057584125555,18.175737715590305,-4.174969017414698,1.0641086573746503,0.3288888888907325,85.10618278568731,-20.928392115084442,22.27486234995429,6.129638730263336,7.152142448306799
13.299999999999997,-20.016558156051055,107.64780848476083,-4.238709002413391,1.0803545910750263,0.6795081346421412,-0.016680433698140137,16.546993736063907,-16.15881450325537,2.277702020357514,87.6361548798053,2.79065575545182,-5.290270346761956,0.35649834374317474,18.456595644810264,-4.206839009914047,1.0722316242248384,0.3288888888907325,86.3910056685316,-21.28351934072706,22.68402510928066,6.2459111238811635,7.232948352356435
13.400000000000006,-20.2337605504262,107.92579580067039,-4.270578994912743,1.088477557925215,0.2721048319631376,0.014257317312218364,16.71074056190435,-16.315177365603745,2.2505373857544497,88.93537012149552,2.7596065120158433,-5.268413665154588,0.402944320110551,18.739796660909853,-4.238709002413396,1.0803545910750265,0.3288888888907325,87.68584056303543,-22.12576963481732,23.58300530661555,6.479046246185974,7.297696807615432
13.5,-20.593502016098746,109.82722904718031,-4.30244898741209,1.096600524775403,0.2729026331343714,0.01986785826687982,16.872409375618034,-16.46977736364229,2.2232967924071048,90.24425179545445,2.725132229012791,-5.243345662150974,0.4495746159610889,19.025530664374916,-4.270578994912745,1.0884775579252146,0.3288888888907325,88.99068737636857,-22.548086908752566,24.041117851277654,6.568018905163341,7.394089913038668
13.599999999999994,-20.919305607691616,111.42843599061172,-4.334318979911437,1.1047234916255906,0.2876324150493092,0.005926820814158592,17.031937820539415,-16.622567995557763,2.1945901697837624,91.56279908906926,2.687170654232318,-5.215019234570715,0.4977458288661825,19.313804571238197,-4.3024489874120935,1.0966005247754027,0.3288888888907325,90.30554749149839,-22.988882240483047,24.510160004696992,6.660552276777557,7.493456945707053
13.700000000000003,-21.224746474740225,112.59598271980208,-4.3661889724107885,1.1128464584757793,0.5631847952540445,0.004056326629914607,17.188214541151435,-16.772615720942156,2.138388956638589,92.89086772091665,2.64465685754217,-5.182448201669501,0.5734090235634551,19.604515797687945,-4.334318979911442,1.1047234916255908,0.3288888888907325,91.63042139249366,-23.45507364144311,24.998099570104397,6.784649956804226,7.5950170115781495
13.799999999999997,-21.543762491444816,113.98591930330024,-4.398058964910136,1.1209694253259672,0.3396328976548919,0.03614145285100755,17.34103931686627,-16.919754655525836,2.1045021780438895,94.22843980462535,2.59739825996576,-5.145457846205345,0.6268785528892536,19.89766517564608,-4.366188972410791,1.112846458475779,0.3288888888907325,92.96530913262018,-23.956051743717353,25.539153534548888,6.898173727615353,7.69454216912207
13.899000000000001,-21.859588348034663,115.36195651942276,-4.429610257484492,1.1290111625076538,0.31932632358663093,0.025558894598292255,17.48897816359275,-17.06261120922091,2.0821257272511766,95.56700892684225,2.545250782280691,-5.103876551333347,0.668706324387724,20.191721573395224,-4.397740264985148,1.1208881956574654,0.3288888888907325,94.30172278992097,-24.48242807030811,26.100198869693173,7.0041558120347345,7.792850277509445
14.0,-22.168219375288448,116.76579246950648,-4.461798949908834,1.1372153590263436,0.1357432753511428,-0.006745057784835171,17.639905673889462,-17.208353753899722,2.059297226947501,96.9326198495079,2.492049820197946,-5.06145523030232,0.71137910137101,20.491718504432214,-4.429928957409491,1.1290923921761555,0.3288888888907325,95.66513470292475,-25.019438262082495,26.672578454032266,7.112278948664604,7.893144408288479
14.099999999999994,-22.507598116507165,118.12237057462146,-4.493668942408181,1.1453383258765315,0.3533297568735659,-0.013512216825411448,17.786593722223795,-17.350364840843454,2.0240612155657223,98.2993282350553,2.4345744523025945,-5.015029465634761,0.766294393270191,20.792716284148543,-4.4617989499088395,1.1372153590263436,0.3288888888907325,97.03007409926788,-25.59951339689154,27.252316749192946,7.236366051773307,7.9977384612248885
14.198999999999998,-22.81670427397766,119.49840779153406,-4.5252202349825374,1.153380063058218,0.5577852815174644,0.03226431992898003,17.9260672576559,-17.486165905740684,1.9648491797362397,99.6664562567187,2.370020413308973,-4.96201544558708,0.845069164553861,21.094378703505495,-4.493350242483197,1.1452570962080302,0.3288888888907325,98.39623827901035,-26.2250106960766,27.897829902450894,7.399074512598478,8.086868586845405
14.299999999999997,-23.159205299572328,120.88000475523891,-4.55740892740688,1.161584259576908,0.6412908167719793,0.023913984844842806,18.068358440268447,-17.624710426494413,1.90444094116273,101.06120302629442,2.304162252315484,-4.907930435235408,0.9254353453584097,21.40213531315247,-4.525538934907539,1.1534612927267203,0.3288888888907325,99.79000173511119,-26.863144304336075,28.556383725471598,7.565070013036271,8.177799321064311
14.400000000000006,-23.518946765259944,122.24770235314828,-4.589278919906231,1.169707226427097,0.42030536830258725,0.029506949238865984,18.202842498302413,-17.75658088409337,1.8625651345262426,102.45631878415705,2.2306506822985988,-4.846770694626409,0.9871016640665412,21.710546987702262,-4.557408927406888,1.1615842595769084,0.3288888888907325,101.18499309350233,-28.11821065247887,29.864101287657082,7.90267236934,8.199502798357639
14.498999999999995,-23.875090816279528,123.61273127259737,-4.620830212480583,1.1777489636087823,0.350546775765139,0.020854540568416072,18.331551322017166,-17.883493647666775,1.8240314461509122,103.85174934164122,1.622031151386524,-4.097732170827158,1.1767093168355054,15.994997869405292,-4.5889602199812405,1.1696259967585938,0.3288888888907325,102.58086628134461,-28.78897464049578,30.54631547332821,8.047548479112798,8.267567136131552
14.599000000000004,-24.248271680130483,125.00255666155475,-4.652700204979935,1.185871930458971,0.430840629480763,0.002677993809519179,18.461560234860375,-18.01168835834701,1.7851085286000659,105.26127515728207,1.007263948444917,-3.3411276013328215,1.3682321984203543,10.22171593173048,-4.620830212480593,1.1777489636087828,0.3288888888907325,103.99083919835729,-29.466514022331175,31.235420711379987,8.193887983933836,8.336318992468852
14.700000000000003,-24.611746311933555,126.38415362367942,-4.684888897404277,1.1940761269776612,0.7512834999409137,0.03503649822651751,18.58670412642499,-18.13612676397563,1.709597220526378,106.69931201964032,0.9460228554154457,-3.317911400400775,1.4545737595905721,9.745936147595936,-4.653018904904936,1.185953160127473,0.3288888888907325,105.43009522703197,-30.122156984004718,31.929622145003023,8.368608884522798,8.40198332013858
14.799999999999997,-24.998638076887914,127.74073172879439,-4.716758889903624,1.2021990938278488,0.4384343872798771,0.05567461265325294,18.705964068895504,-18.255557017501186,1.6659991631779758,108.13262232482928,0.9169593125550551,-3.338906536401337,1.4996545168541464,9.573790426052984,-4.684888897404285,1.1940761269776612,0.3288888888907325,106.86517486296104,-30.63713657138236,32.5360989780993,8.476096596006299,8.453880450632047
14.900000000000006,-25.378742267074575,129.08619034190505,-4.748628882402976,1.2103220606780376,0.5002799884866003,0.03453260778605836,18.82156708733901,-18.372045091861345,1.6162958010102477,109.57553473216886,0.8748272219618516,-3.337375297942355,1.5532212918228339,9.542468858036296,-4.716758889903634,1.2021990938278493,0.3288888888907325,108.31028091280112,-31.1363344784259,33.13534930256644,8.584464696887363,8.522609675959723
15.0,-25.785996756482767,130.45388793902433,-4.780498874902322,1.2184450275282255,0.39849067732789817,0.06288145493798758,18.933657559283017,-18.48573019123986,1.5767400259544557,111.02808099932865,0.86381539955824,-3.364783859402268,1.587737343424205,9.53907910064701,-4.748628882402983,1.2103220606780374,0.3288888888907325,109.76541568206642,-31.513417022161377,33.64352487083448,8.651162525144915,8.590243450810803
15.099999999999994,-26.193251245966323,131.7993465513449,-4.812368867401669,1.2265679943784131,0.5651607812323185,0.0558092321687676,19.041964186213708,-18.596432345428326,1.520711147156798,112.49024274685775,0.8771286979025678,-3.403545648712411,1.6315122867341358,9.54979160318818,-4.780498874902332,1.2184450275282255,0.3288888888907325,111.23058188612792,-31.85156403381321,34.11645317851164,8.723999446166493,8.668766177458503
15.198999999999998,-26.609872588622974,133.13135057761338,-4.843920159976026,1.2346097315600997,0.6381155293075231,0.017201831261228158,19.14184850888816,-18.700316389572055,1.4545919964109482,113.95188623320797,0.8671216610332969,-3.3994198876490476,1.6890306464102904,9.575603039535173,-4.812050167476689,1.226486764709912,0.3288888888907325,112.69599695886193,-32.3591915731224,34.731083921326686,8.848646104892284,8.77604525679439
15.299999999999997,-27.034910524094673,134.49026377677615,-4.8761088524003675,1.2428139280787898,0.7112499201621543,0.01442665451516996,19.243750696667142,-18.806299101274238,1.3871371052459933,115.44305787079753,0.8569124618030313,-3.3952107778773333,1.747710993150607,9.601935919040688,-4.844238859901031,1.2346909612286021,0.3288888888907325,114.19101637649959,-32.8770742142358,35.35813144682483,8.975810877935762,8.88549159025827
15.399000000000001,-27.458251565900824,135.8222678030446,-4.907660144974725,1.2508556652604763,0.7599312180337356,0.05464322152752628,19.332300179101768,-18.901441945026594,1.3144022459809699,116.92337796148374,0.9868332792534537,-3.5020973241347346,1.7734764652509059,9.504062893481862,-4.875790152475388,1.2427326984102887,0.3288888888907325,115.67629945395959,-33.513370209545165,36.13401903518688,9.146138578525898,8.938220795050881
15.5,-27.89693252676729,137.17006150862287,-4.939848837399066,1.2590598617791662,0.7308792528108798,0.07436098390805788,19.422638539969412,-18.99850686643051,1.240197995619687,118.43360350854738,1.1193787596826663,-3.6111431945589474,1.7997624519390882,9.404212635083468,-4.907978844899731,1.2509368949289787,0.3288888888907325,117.19158825015607,-34.16252066940621,36.92558112028348,9.319907242764312,8.992015236303947
15.599000000000004,-28.34043266579584,138.48004893917425,-4.971400129973423,1.267101598960853,0.5278085118399694,0.03620588455443957,19.50094150396462,-19.085900154570627,1.182846966495767,119.9328048854282,1.2553907214304432,-3.72350338730747,1.8070086806058456,9.142563053262519,-4.939530137474088,1.2589786321106653,0.3288888888907325,118.69674330637497,-34.688089942106004,37.6018198021701,9.438739662844407,9.107808234066594
15.700000000000003,-28.813255128018625,139.8165007628765,-5.003588822397765,1.2753057954795428,0.6528564907569663,0.012039750475907707,19.58082634602033,-19.17505896368327,1.124337330722882,121.46229315881158,1.3941503995771587,-3.838133482939796,1.814401297730517,8.875627621303785,-4.97171882989843,1.2671828286293554,0.3288888888907325,120.23230553544671,-35.224276775870415,38.29171987156954,9.559972737875608,9.225940484309287
15.799000000000007,-29.290353762372632,141.10447159850085,-5.035140114972122,1.2833475326612294,0.6169908335862786,0.026566946189379097,19.648881824995396,-19.25482509030699,1.0543889002152191,122.98039300102465,1.3215675638840367,-3.793352602648646,1.8842129559979028,8.823804082871213,-5.003270122472787,1.275224565811042,0.3288888888907325,121.7572829049513,-35.84919657394202,39.03578156206201,9.706995819878772,9.348405122655734
15.899000000000001,-29.792430672141286,142.39444394139022,-5.067010107471468,1.291470499511417,0.8327872846448077,0.04042198223300296,19.717624733051007,-19.335396935381446,0.9837339199044554,124.51382718507811,1.2482515682344255,-3.748119390233347,1.954729782530609,8.771457074353469,-5.035140114972135,1.2833475326612298,0.3288888888907325,123.29766408626891,-36.4804286932062,39.78735902720586,9.855503983518318,9.472106777551122
15.998999999999995,-30.294711209111217,143.68430509052888,-5.098880099970815,1.2995934663616049,0.7591356721088149,0.03487042043909845,19.777071347490114,-19.40911368650709,0.9103718907706175,126.06144627173693,1.0874868598838332,-3.633880790247274,2.047254589025931,8.842130722789342,-5.067010107471484,1.291470499511418,0.3288888888907325,124.8530554889304,-37.12855747309006,40.539700583249825,10.003862420069177,9.599146370325045
16.099999999999994,-30.822377275958633,144.98706485143546,-5.1310687923951575,1.3077976628802948,0.7705096249525882,0.022287326264238523,19.830842040002977,-19.47898984429466,0.8357160322095963,127.63421646402789,0.9175685693806734,-3.5136788429430448,2.1417479274708913,8.914778366871978,-5.099198799895827,1.2996746960301082,0.3288888888907325,126.43420311213633,-37.793405813763606,41.31078184136122,10.154864040191496,9.729543407660236
16.200000000000003,-31.358595687023307,146.26580650777973,-5.162938784894509,1.3159206297304837,0.8214566504942187,0.04667416628887538,19.87760696520963,-19.54347640218036,0.7576749592465803,129.20099238704492,0.7964782075426241,-3.4488046801444954,2.225724296341391,8.944287487880729,-5.131068792395176,1.3077976628802963,0.3288888888907325,128.0098029423453,-38.46085953331821,42.08043336577227,10.309152897122281,9.860727982237886
16.299999999999997,-31.908389247743962,147.5556676569184,-5.194808777393856,1.3240435965806714,1.087594497385345,0.12756451766969995,19.91662092761305,-19.60239217985645,0.6561724731245413,130.77718566225326,0.608637162175777,-3.32089248414783,2.351182529543496,9.019030239457589,-5.162938784894525,1.3159206297304844,0.3288888888907325,129.59546053410958,-39.140914355516884,42.86195543683386,10.489522655978972,9.993849901637335
16.400000000000006,-32.45818280853997,148.81217032846394,-5.226678769893208,1.3321665634308602,0.8849645491822622,0.13406213010682044,19.94757207469099,-19.65562792918286,0.5760508125355783,132.3628005064528,0.41365970773545985,-3.1893349655159997,2.4556327232143222,9.094639370536443,-5.194808777393874,1.3240435965806725,0.3288888888907325,131.1911803981813,-39.82411271870569,43.6462585667724,10.646953864095918,10.128400254060521
16.5,-33.02155151890154,150.06867299921942,-5.258548762392555,1.340289530281048,0.8936932047208574,0.08267548112431948,19.971184985582283,-19.70383986876641,0.4985983950493094,133.95795075616576,0.21164871353866857,-3.0546271945046413,2.560305295568355,9.171431397916855,-5.226678769893223,1.3321665634308606,0.3288888888907325,132.7969686493187,-40.51367325156155,44.43480288008856,10.803448442725166,10.264695709230907
16.599999999999994,-33.59170780416646,151.33629516276926,-5.290418754891902,1.3484124971312357,0.7378046868184398,0.023911235724095162,19.98802452783071,-19.747505876750864,0.43839641143525787,135.5627245736029,0.0822381530162022,-3.01076122682863,2.625739942389908,9.224811626392711,-5.2585487623925715,1.3402895302810487,0.3288888888907325,134.41282898529477,-41.22008337624548,45.19389081037977,10.942642098025312,10.336289027582884
16.698999999999998,-34.18304132279584,152.58023280774947,-5.321970047466258,1.3564542343129222,0.7733281285563613,0.04464340307294765,19.994746212766454,-19.78414815863074,0.3786772918338932,137.1657951137032,-0.13943928308112408,-2.873490055357482,2.729149267749735,9.304949061669612,-5.290100054966929,1.3483312674627352,0.3288888888907325,136.02748333544653,-41.95534900102095,46.00270098419736,11.102384223633049,10.47610966888843
16.799999999999997,-34.80668369760827,153.80482253468278,-5.3541587398906,1.3646584308316123,1.0206104096093545,0.06744996870267543,20.00160368931706,-19.821530688629398,0.3177517253718977,138.80125091723983,-0.36559505122081,-2.733445728907125,2.834647670389553,9.386705435032912,-5.322288747391271,1.3565354639814253,0.3288888888907325,137.67475696539924,-42.70546847680195,46.827850757485976,11.26535346288942,10.618754969614283
16.899,-35.41817631355048,155.01573528569227,-5.3857100324649565,1.3727001680132989,0.9459206728333924,0.09773297511525506,19.993027169520925,-19.84824526700083,0.29628524317288,140.42333321880264,-0.550091333840278,-2.636057721233009,2.9146659756276465,9.459155044417335,-5.353840039965628,1.3645772011631119,0.3288888888907325,139.30934000877554,-43.33799279257496,47.51730745994976,11.379239816425047,10.752830761889886
17.0,-36.06917261489124,156.22887193541868,-5.417898724889299,1.3809043645319887,0.6958653015594363,0.10156658524092442,19.9842773866986,-19.875499533824208,0.2743850946668125,142.07818485979087,-0.7383148140884133,-2.5367022790604303,2.9963008122846873,9.533068282274165,-5.3860287323899705,1.372781397681802,0.3288888888907325,140.97694493181592,-43.98329537735346,48.220692580645114,11.49542690437553,10.889615156029635
17.099000000000004,-36.720983425293326,157.40675979324757,-5.449450017463655,1.3889461017136755,0.7294690446887919,0.09038107609076941,19.962438768894906,-19.893956733174413,0.30411224611180365,143.71956206517356,-0.9786702565798521,-2.400746627315909,3.0954333432591272,9.619465172497865,-5.417580024964328,1.3808231348634885,0.3288888888907325,142.6314404154533,-44.70290233000936,48.96940989246707,11.635073160135926,11.03350949467357
17.200000000000003,-37.40632485523688,158.6195628585615,-5.481638709887997,1.3971502982323654,1.0882585812635126,0.07183827828292581,19.940158966893154,-19.912786805238763,0.33443994607083366,145.39409840601846,-1.223881364576157,-2.2620443967482724,3.1965685516269855,9.70760745444325,-5.44976871738867,1.3890273313821786,0.3288888888907325,144.3193600502752,-45.437046796860294,49.73325280654802,11.777540552376324,11.180310789653738
17.299000000000007,-38.08501446186016,159.76442582320976,-5.513190002462354,1.405192035414052,1.0409562320502512,0.07805895243547264,19.901202827442297,-19.92098624714584,0.4055097659339403,147.05452146599708,-1.502242420393792,-2.0994877285262508,3.309578629605257,9.80031184292822,-5.481320009963027,1.3970690685638651,0.3288888888907325,145.99374153459533,-46.23994742365572,50.58224336433443,11.943386325960226,11.332398847720787
17.400000000000006,-38.79777769419139,160.92129784013918,-5.545378694886695,1.413396231932742,0.9408270754757513,0.08683698743132559,19.861459695275265,-19.929351334343966,0.47801533973367194,148.7484884261772,-1.7862269318844974,-1.9336470872088425,3.4248717394618717,9.894889047342174,-5.5135087023873695,1.4052732650825552,0.3288888888907325,147.70194890748752,-47.05906826513385,51.44838524652053,12.112582519212483,11.487559391809386
17.5,-39.51726062549126,162.06660558453083,-5.577248687386042,1.4215191987829296,0.9006984979591512,0.08491862362428808,19.809873763212476,-19.93051385356728,0.5550680326962303,150.4402450034989,-2.0767394824266066,-1.7664714929267038,3.528455030772129,9.991713604405714,-5.545378694886718,1.4133962319327433,0.3288888888907325,149.40829768684915,-47.87781508468058,52.30957703634273,12.267768016377731,11.64390875051582
17.599999999999994,-40.25031870655261,163.1674353577449,-5.609118679885389,1.4296421656331173,1.2041091411090528,0.12872566643863106,19.749128934518737,-19.926492933482475,0.6636796088934791,152.14166518498502,-2.3709295538032356,-1.6004540148103257,3.660209353888118,10.09019109111971,-5.577248687386067,1.4215191987829314,0.3288888888907325,151.12467524131944,-48.69268846952891,53.160081534836024,12.44763784044071,11.801208645098974
17.698999999999998,-40.98276590578404,164.2682651325391,-5.640669972459746,1.4376839028148038,0.71423637094847,0.1086850716700343,19.67787891902834,-19.91640932610432,0.723410808111098,153.84066325539837,-2.668064368996292,-1.4381927102979417,3.73279372507606,10.190809604811939,-5.608799979960424,1.429560935964618,0.3288888888907325,152.83876327703413,-49.503137242514335,53.99203472205323,12.564896785458753,11.959159241201272
17.799999999999997,-41.74358516774614,165.35797541295875,-5.672858664884088,1.445888099333494,0.5745146226070017,0.0840508752757622,19.60518950928562,-19.9061220094862,0.7843486982219994,155.5739845191533,-2.9712019077285876,-1.2726533996338003,3.8068444471970886,10.29346081575047,-5.640988672384767,1.437765132483308,0.3288888888907325,154.5874793538743,-50.32995871798427,54.8407950443657,12.684524598052915,12.120300758436942
17.900000000000006,-42.51058112293237,166.41432721578528,-5.7047286573834395,1.4540110661836827,1.0352700924950322,0.05832985863944594,19.523258143372345,-19.89067960263183,0.8834227807304302,157.3050125243148,-3.281477355649881,-1.1079057367796579,3.9184340367131827,10.399377653555062,-5.6728586648841155,1.4458880993334962,0.3288888888907325,156.33388480330564,-51.16922564287703,55.68851158861776,12.842159021303951,12.283592802384305
17.998999999999995,-43.27662681751941,167.44910720342818,-5.736279949957791,1.4620528033653681,0.6780164239579198,0.11547614383685073,19.431489506754392,-19.869922225328537,0.9519482122835629,159.033375663336,-3.5899729977878407,-0.9521162433837066,3.9934442368770995,10.507123780771225,-5.704409957458468,1.4539298365151816,0.3288888888907325,158.07760746787923,-51.99214798937826,56.498317025525445,12.956884050353345,12.446373599873551
18.099000000000004,-44.057130046607774,168.4613146210698,-5.768149942457144,1.4701757702155571,0.7483857533355298,0.15598341207229435,19.33879391421099,-19.84895517754743,1.021165819913003,160.779197015883,-3.901584757523213,-0.7947531187413016,4.069212115830565,10.615958252706765,-5.7362799499578205,1.4620528033653706,0.3288888888907325,159.83894349270136,-52.82338268281401,57.31630231533135,13.072767918080027,12.610798647842518
18.200000000000003,-44.85229443720282,169.47218769948125,-5.800338634881485,1.478379966734247,0.576581910013672,0.08693826587003031,19.23594517780541,-19.823230228834166,1.0782308521102428,162.55760049770197,-4.221902337488601,-0.6402303163022258,4.130042615475863,10.729978534969675,-5.768468642382164,1.4702569998840609,0.3288888888907325,161.63299014662047,-53.671124678526986,58.12879732241025,13.171883728835141,12.779453203766103
18.299000000000007,-45.658658326249736,170.44091789997282,-5.831889927455841,1.4864217039159338,0.3742455808789849,0.0397655857965312,19.12872591402338,-19.794993699890803,1.1248171312399,164.3157837181667,-4.411375409788324,-0.6234265310218265,4.142207834383171,10.821809284121525,-5.800019934956521,1.4782987370657474,0.3288888888907325,163.40626656384435,-54.41875633258117,58.68952485377024,13.219235106344003,12.869269420834712
18.399,-46.47316730520176,171.39741665910162,-5.863759919955188,1.4945446707661214,0.5811033662826541,0.009946202437134226,19.02042362737488,-19.766471953483368,1.17187397884561,166.0917263651006,-4.602762351505198,-0.6064530105365764,4.154495934289543,10.914567616598132,-5.831889927455869,1.4864217039159353,0.3288888888907325,165.19745486407032,-55.17393982152471,59.25591629958836,13.267064780595376,12.959992872419159
18.5,-47.29582137383285,172.32989731366814,-5.895948612379531,1.5027488672848113,0.5400478690943342,0.027740562523289568,18.903712885182294,-19.734255973471008,1.2256802580581951,167.9006793212845,-4.987232219187373,-0.4264605138886891,4.225084345492634,11.043808111730891,-5.864078619880212,1.4946259004346256,0.3288888888907325,167.02159139388996,-56.158736511027946,60.17419293866603,13.39193890454132,13.139213328991277
18.599999999999994,-48.11033035279995,173.23057621974334,-5.927818604878878,1.5108718341349991,0.2527146932044044,0.08030620242935858,18.78453490538922,-19.70068505743147,1.250646399098496,169.70192021325053,-5.38468518115136,-0.2536497565570152,4.264191127707093,11.17538386203226,-5.895948612379561,1.5027488672848137,0.3288888888907325,168.8376353787061,-57.15989248898768,61.09097345164884,13.490585338443449,13.319132220812708
18.698999999999998,-48.91669424183179,174.10023174069303,-5.959369897453234,1.5189135713166857,0.39177256509447445,0.03492999926095369,18.661665428219628,-19.665245346926824,1.2935267054797492,171.50022516592685,-5.744722807648387,-0.08111871322052838,4.315338654740671,11.308129155059074,-5.927499904953918,1.5107906044665003,0.3288888888907325,170.6502178468493,-58.14723557301121,62.003766372766485,13.602495878852036,13.500297359580678
18.799999999999997,-49.766498609744694,174.98745606071617,-5.9915585898775765,1.5271177678353756,0.4822219029567098,0.01627880937517169,18.536313739390053,-19.629089682674607,1.3372732806767833,173.33485951158642,-6.1120339215493775,0.0948978057389095,4.367519465148662,11.443556171177333,-5.9596885973782605,1.5189948009851904,0.3288888888907325,172.49941814263167,-59.15452498196446,62.934999554916764,13.716667238258772,13.685122400141932
18.900000000000006,-50.601370313180695,175.83253750360944,-6.023428582376928,1.5352407346855645,0.22878164093530112,0.04691439434806125,18.40695834666196,-19.59094865981432,1.3599550211176874,175.1665231515302,-6.429759249306314,0.2769162212162493,4.386796104944906,11.578431961079763,-5.991558589877609,1.5271177678353784,0.3288888888907325,174.3451323084852,-60.14643422327519,63.870212936572436,13.807170913401313,13.871792452076999
19.0,-51.43624201648107,176.64426046732947,-6.055298574876275,1.5433637015357522,0.12946667012419275,0.04674478844011266,18.275964478979244,-19.552083804325314,1.3728010755969862,177.00840466729207,-6.7581144603716155,0.48714078398836486,4.397293711717832,11.72014697890234,-6.023428582376958,1.5352407346855665,0.3288888888907325,176.20071278395335,-61.093070486261716,64.79142673069573,13.878746488708611,14.058273466607687
19.099000000000004,-52.24260590564855,177.44786620191795,-6.086849867450631,1.5514054387174387,0.19905809803425484,0.03988457641419868,18.143986306254224,-19.512612662837924,1.3903687745585254,178.84696166998134,-7.117477442516887,0.76744306266183,4.420511392618551,11.864998122297669,-6.054979874951315,1.543282471867253,0.3288888888907325,178.0523124999275,-61.97468032474497,65.69365338528554,13.945116839939617,14.244708683281745
19.198999999999998,-53.07055428264336,178.22656427403751,-6.118719859949978,1.5595284055676264,0.1584606642235664,0.05625190029994999,18.01067502067341,-19.472742822951677,1.4081139250247248,180.7040899555259,-7.480470353774703,1.050576677483485,4.443963595548569,12.011312408555563,-6.086849867450663,1.551405438717441,0.3288888888907325,179.92261524333554,-62.86519531311181,66.60499344042667,14.01215759875881,14.433027083962592
19.299000000000007,-53.898638411130804,179.00492876016443,-6.15058985244933,1.5676513724178154,0.15163492310851412,0.005810721646743016,17.87512457217465,-19.431916688015306,1.4231900612872148,182.57643257346652,-8.074808374874943,1.4938405105773538,4.519319601182548,12.12873342814025,-6.118719859950012,1.559528405567629,0.3288888888907325,181.80761239038148,-64.364442426928,68.08503662207913,14.226762471511242,14.475629816368654
19.400000000000006,-54.73500338101601,179.75771841341725,-6.182778544873672,1.5758555689365052,0.06548408747985465,-0.003366233101023755,17.737205577423236,-19.390254256816604,1.4297666565745635,184.4778327106446,-8.599729679110446,1.9814545042474179,4.583526323873449,12.223518821241809,-6.150908552374355,1.5677326020863194,0.3288888888907325,183.72142287184204,-65.37326923600861,68.90841090843686,14.277876991490869,14.637484206491578
19.5,-55.55629993467546,180.50272442195106,-6.2146485373730185,1.5839785357866931,0.14558815956436835,0.0033697231233624416,17.599676948876695,-19.34859231088155,1.444244354288281,186.37062977032545,-9.18583904580344,2.5102481849866205,4.67327999887547,12.222891049252295,-6.182778544873704,1.5758555689365075,0.3288888888907325,185.62614560943882,-66.31362354077024,69.55876152000167,14.306343992533037,14.802256372898201
19.599999999999994,-56.37080891362749,181.21437195210166,-6.2465185298723656,1.5921015026368808,0.012151665785682261,0.02633924924021459,17.461421779648145,-19.30662346933168,1.445452939211089,188.27359863270772,-9.760376234163509,3.0845970650547385,4.754037758379223,12.195210257279545,-6.214648537373053,1.5839785357866956,0.3288888888907325,187.54067589048205,-67.37891118651483,70.40106227756654,14.360074937786106,14.994301952645865
19.700000000000003,-57.19210546728694,181.93713897583675,-6.278388522371717,1.6002244694870695,0.019076402188537178,0.03218287055135463,17.32302262991799,-19.26459421763152,1.4473508121134502,190.18674919704014,-10.3428345717592,3.681952931140119,4.840175963933048,12.15443365316406,-6.246518529872402,1.5921015026368837,0.3288888888907325,189.4650059925632,-68.51424397885228,71.3538795522223,14.436384102012038,15.190080056337758
19.799999999999997,-58.006614446118405,182.63766701319295,-6.310258514871064,1.6083474363372574,0.169125751620371,0.0201008048332364,17.183754435095228,-19.22220404864549,1.4641827597787758,192.11003261460186,-10.89635439049531,4.197893469807554,4.927007174367152,12.126677605055548,-6.278388522371751,1.6002244694870718,0.3288888888907325,191.3991260946956,-69.68840279403243,72.31650941634315,14.532041652937414,15.386031149690735
19.900000000000006,-58.81433585024245,183.34931454413362,-6.342128507370416,1.6164704031874462,0.0803907790189782,0.02709802319560066,17.04333347385066,-19.179336814867064,1.4721858350533858,194.04342287677005,-11.406706132296106,4.666693970573961,4.9917253911882975,12.159538573246685,-6.3102585148711,1.6083474363372599,0.3288888888907325,193.34302767516607,-70.89556903968786,73.31672197113325,14.626161352087657,15.577424530381258
19.998999999999995,-59.613980040230295,184.0208207059996,-6.373679799944768,1.6245121403691316,0.02714320703238224,0.0266324570765457,16.903972594783923,-19.136755803225572,1.469059023643022,195.97251157717,-11.873658185919851,5.105230399833115,5.034150633982887,12.242097291259743,-6.341809807445454,1.616389173518946,0.3288888888907325,195.28199844204352,-72.07118625921004,74.32310130314013,14.706245988573773,15.754574806378525
20.099999999999994,-60.422991083572114,184.69477315724427,-6.40586849236911,1.6327163368878217,-0.08938703617452043,0.037828170671555916,16.761796344422894,-19.093314569126676,1.4658690443253781,197.94057176646712,-12.350043614364322,5.552626150895526,5.077432952389492,12.32632386216196,-6.373998499869799,1.6245933700376365,0.3288888888907325,197.2601403355247,-73.27055332155098,75.34981153074321,14.787948496504061,15.935303875830298
20.200000000000003,-61.217137337934666,185.36194271621727,-6.437738484868461,1.6408393037380105,-0.051550377030873104,0.033336373868626736,16.62183087471626,-19.05062772428759,1.460732891729944,199.9043356301141,-12.78694765783823,5.814790536727606,5.089602994281432,12.46792745482905,-6.405868492369148,1.6327163368878246,0.3288888888907325,199.2333319992774,-74.3660108716623,76.34800575906505,14.8525224280549,16.143752900759353
20.299000000000007,-61.99662243068504,186.00042398569275,-6.469289777442818,1.648881040919697,-0.012591163155309185,0.01761923028551553,16.483644186919193,-19.008519197111397,1.4589293965169536,201.86344426592385,-13.208006360495368,6.094363506512123,5.104967258854186,12.608249918724573,-6.437419784943505,1.6407580740695111,0.3288888888907325,201.20126584818217,-75.12982214951732,77.00448807310804,14.8416952034264,16.228318391235327
20.400000000000006,-62.78506712231145,186.65180386535593,-6.50147846986716,1.657085237438387,-0.023852239683932533,0.019703394808669727,16.342665848863607,-18.965559992618513,1.457089467057236,203.86213085397205,-13.637571299569803,6.379584415080154,5.120641912610229,12.751407179870503,-6.4696084773678475,1.6489622705882012,0.3288888888907325,203.2089559364587,-75.90906395823808,77.67423265612155,14.830649246987225,16.314592275458285
20.5,-63.5588506522051,187.27449545473152,-6.533348462366507,1.6652082042885747,0.14413102135452718,-0.0177163677705499,16.202609050990393,-18.922839381506318,1.471456712768975,205.85610963899353,-14.075409622768078,6.633012520469196,5.150824318747174,12.898621732783443,-6.501478469867196,1.6570852374383893,0.3288888888907325,205.21138136495523,-76.85453632594565,78.60373549856693,14.884777662908249,16.517549062508202
20.599999999999994,-64.31905903254828,187.8860675513127,-6.565218454865854,1.6733311711387624,-0.0007837452126287642,-0.016106100159068774,16.061885603897174,-18.87985554086293,1.4713785960561052,207.8601204733452,-14.521385493684516,6.878267632620887,5.1669365369050695,13.049378417441787,-6.533348462366545,1.6652082042885774,0.3288888888907325,207.22354706721225,-77.52614737072396,79.24956210369726,14.85894405235379,16.699466856065804
20.700000000000003,-65.05890468833213,188.49763964789386,-6.597088447365206,1.6814541379889514,0.113832450814643,-0.004931698372520928,15.920636995820104,-18.83666263997431,1.4827234537424236,209.87416373901553,-14.996009720625253,7.125710628577878,5.1987160307985585,13.200061518475279,-6.565218454865894,1.6733311711387655,0.3288888888907325,209.24545483070423,-77.97358498305277,79.78025531604354,14.80404184331945,16.86904852908817
20.799999999999997,-65.80553791894397,189.08697275888625,-6.628958439864553,1.689577104839139,-0.0044679632394997865,0.005517964916117073,15.778880363038345,-18.79326743813328,1.4822781615248573,211.89823454938855,-15.444916379157476,7.390457450035371,5.215436329510258,13.356657109421421,-6.597088447365243,1.6814541379889536,0.3288888888907325,211.27710517844997,-79.05395776808375,80.78416951257962,14.869566270801554,17.082894623192814
20.900000000000006,-66.51823327550626,189.66518637708424,-6.660828432363904,1.6977000716893278,-0.11443639304854071,0.0077440099116985375,15.63767613900501,-18.75009201051965,1.4708727850874515,213.93235743634756,-15.895012210768034,7.655810238008476,5.221194687657437,13.51531838492459,-6.628958439864592,1.6895771048391417,0.3288888888907325,213.31849960681893,-80.13530673609847,81.78939535533436,14.923353236843703,17.298445889143306
21.0,-67.23092863199321,190.2433999952822,-6.692698424863251,1.7058230385395157,0.12605927832814884,0.05627331180112098,15.49641763689321,-18.706895807155504,1.4834385977464515,215.9765091762371,-16.344832966140725,7.9221310424318,5.2507449332119,13.675688012285924,-6.660828432363941,1.6977000716893298,0.3288888888907325,215.3696397418248,-81.22724487577817,82.80441171037585,15.002472028581968,17.516492645866855
21.099000000000004,-67.92305763685519,190.79381488346942,-6.7242497174376075,1.7138647757212022,-0.17440397986421097,0.028601248641952244,15.35751216387966,-18.66449457037667,1.4680871925769874,218.01511184821385,-16.79026252607803,8.186302356913165,5.2519345644713304,13.837381403015334,-6.692379724938298,1.7057418088710163,0.3288888888907325,217.41472995043887,-82.313891981292,83.81573619112673,15.05286449874837,17.73540416840311
21.200000000000003,-68.62238147094773,191.35534926208075,-6.75643840986195,1.722068972239892,-0.13695667709492176,0.008013966846206089,15.215800519694128,-18.621236742955848,1.4524256580101613,220.09489841255365,-17.244690662983746,8.455810465626465,5.253148228685498,14.002341326890782,-6.72456841736264,1.7139460053897064,0.3288888888907325,219.50113511276223,-83.42249155358385,84.8474914694685,15.1042749986151,17.95873814594009
21.299999999999997,-69.28077622884088,191.88908491068128,-6.788308402361297,1.73019193909008,-0.05022381001918648,0.020344164021346027,15.077088766928556,-18.57902580781747,1.4474165713162637,222.16912714836144,-17.69463263859069,8.722727012647647,5.264754349437764,14.168756516477444,-6.756438409861989,1.7220689722398945,0.3288888888907325,221.58148437498957,-84.52423706891021,85.87472866543976,15.165475934494568,18.18291676057607
21.399,-69.93258703925805,192.4064749041077,-6.819859694935653,1.7382336762717665,-0.2306229855687706,0.03963972260627468,14.942396569332205,-18.53824180712724,1.4189899319720674,224.23748908149727,-18.134152420013166,8.985352011652497,5.251799355623259,14.335641649943918,-6.787989702436346,1.730110709421581,0.3288888888907325,223.65548015353502,-85.62376873110078,86.9004411772774,15.203445654684522,18.408272599797826
21.5,-70.58399059507673,192.91207823512465,-6.8520483873599956,1.7464378727904564,-0.3438731986398588,0.07302868739266297,14.804983317238966,-18.496633887231145,1.3899890170855653,226.34763610419128,-18.582551388939105,9.253282566192784,5.238582644761998,14.505898200248092,-6.820178394860688,1.7383149059402712,0.3288888888907325,225.77137483669748,-86.74551315414362,87.94687515400061,15.242182439928817,18.638181082236173
21.599000000000004,-71.20220291009306,193.40745163362402,-6.883599679934352,1.754479609972143,-0.21860355354996192,0.03229716632275494,14.675332241950326,-18.4577354183467,1.3666399714862918,228.43579131277937,-19.01612064946072,9.512721082621747,5.230000173207648,14.676263999200069,-6.8517296874350455,1.7463566431219577,0.3288888888907325,227.8646058305616,-87.8523336586582,88.97896983889187,15.285557629135157,18.867791981972076
21.700000000000003,-71.81254163823479,193.89059358918047,-6.915788372358694,1.762683806490833,-0.253636333058897,0.02013375949304198,14.543061953019496,-18.41805112180803,1.3428192279961249,230.5661314750762,-19.45844888494235,9.777400781200777,5.221244318389574,14.850071531464199,-6.883918379859388,1.7545608396406478,0.3288888888907325,230.00012431925114,-88.98151417336493,90.03191492145766,15.32980908479011,19.102041485743033
21.799999999999997,-72.40984822272125,194.3687317745991,-6.94765836485804,1.7708067733410207,-0.19720807785881042,-0.008585510642245874,14.41532773674248,-18.37994290153572,1.3231343879939725,232.69031437626967,-19.90013309192153,10.03882526318861,5.217171435631856,15.026299891141996,-6.915788372358737,1.762683806490836,0.3288888888907325,232.12905401272133,-90.10197846062084,91.0783871657465,15.37714554833481,19.337053895039926
21.899,-72.97430294511437,194.79805538673725,-6.979209657432397,1.7788485105227072,-0.1417259297798186,-0.015244217968344988,14.291108508959148,-18.343035487546153,1.308915722657907,234.80795697905268,-20.342670935179967,10.298140083444833,5.219205983138839,15.205136565094868,-6.947339664933094,1.7707255436725224,0.3288888888907325,234.25106218272194,-91.20674391551049,92.11383304322582,15.42747897482186,19.572239349009788
21.998999999999995,-73.52430013308154,195.2317156001882,-7.0110796499317445,1.786971477372895,-0.1460744114509812,-0.012092615210053356,14.165634541501248,-18.30575527139508,1.2945534344396603,236.94698991115655,-20.789678857663198,10.560074245319782,5.2212610816307405,15.385779670097754,-6.979209657432442,1.7788485105227103,0.3288888888907325,236.39450477868198,-92.32266861741913,93.15973796997251,15.47832081975827,19.809800413625787
22.099999999999994,-74.05922890501886,195.65859292452788,-7.043268342356086,1.795175673891585,-0.423213724380774,-0.0043109037104003736,14.04229830225394,-18.269353205306114,1.2519043439775552,239.12247393181346,-21.243002498175432,10.824402865514951,5.195536809490479,15.572108075865648,-7.011398349856785,1.7870527070414006,0.3288888888907325,238.5741027463129,-93.44425279605082,94.21548971897336,15.499774777737805,20.052360947073748
22.200000000000003,-74.56150944195866,196.05889465959567,-7.0751383348554375,1.803298640741774,-0.3262637017221612,-0.015848507812756683,13.923717968407784,-18.23461825449936,1.2193569372713462,241.28642005635936,-21.691771319685884,11.08549553973097,5.1800154022539315,15.758983827362542,-7.043268342356134,1.7951756738915887,0.3288888888907325,240.74189288528294,-94.54584952563835,95.25616392799036,15.528776125685196,20.293913825323386
22.299000000000007,-75.04532777540187,196.43317678283606,-7.106689627429795,1.8113403779234605,-0.25861170339043626,-0.005048289375213391,13.810301776517363,-18.201707474515587,1.1922050512022218,243.443427045918,-22.135078993771394,11.343387594669599,5.16980358177771,15.947149957702173,-7.074819634930491,1.8032174110732753,0.3288888888907325,242.9024076202907,-95.63441148786664,96.29030449338002,15.56199210805402,20.536035723204517
22.399,-75.5071543664645,196.8112395331051,-7.138559619929142,1.8194633447736481,-0.29123381033687834,0.011570645037293733,13.69573996652705,-18.16846426241077,1.1647789036576541,245.62222198486594,-22.582864523150658,11.60388461986011,5.159488611599711,16.137216756025015,-7.106689627429839,1.8113403779234631,0.3288888888907325,245.08474573645992,-96.73396902547088,97.33489092306644,15.59554360539626,20.780603296821795
22.5,-75.95296228088303,197.1597244335998,-7.170748312353483,1.8276675412923382,-0.22179063278383748,-0.0037946539370527603,13.583760497839888,-18.13627343994921,1.1424414767710664,247.83783501842913,-23.034296678381693,11.866570593417384,5.154504357297288,16.332441352188606,-7.138878319854182,1.8195445744421535,0.3288888888907325,247.30365702802214,-97.84351349653726,98.39486535352901,15.634420287230661,21.03075732177495
22.599999999999994,-76.37379191999243,197.50442870627572,-7.20261830485283,1.8357905081425259,-0.2277626710303926,0.0036221511071679903,13.475007491571684,-18.10518717892165,1.1197325892513421,250.04146850630713,-23.480876085301425,12.12655324108996,5.148990418110989,16.527829921269387,-7.170748312353531,1.8276675412923415,0.3288888888907325,249.51038625116155,-98.94233213681234,99.44842610008551,15.672181563131984,21.280584210573505
22.700000000000003,-76.77425883458768,197.80465500777404,-7.234488297352182,1.8439134749927146,-0.16582331507022197,-0.002603950421258232,13.368099552728058,-18.074785369759233,1.103200791628848,252.2550012710491,-23.92755668346779,12.386686172267437,5.149720419660462,16.725443148543132,-7.20261830485288,1.8357905081425296,0.3288888888907325,251.72685632671917,-100.03919466224171,100.50419460703066,15.715519796084726,21.5323606413959
22.799999999999997,-77.14757544988608,198.1048813100625,-7.266358289851529,1.8520364418429023,-0.18631283714185481,0.012453242268221382,13.262842397701375,-18.044995859060123,1.0846279546058017,254.47842750222983,-24.37376969563498,12.646828628148526,5.148354875047951,16.92504463408022,-7.234488297352229,1.8439134749927177,0.3288888888907325,253.9530704245095,-101.14152884078987,101.5688496512128,15.757710442859336,21.78669178577445
22.900000000000006,-77.48695419111985,198.37174913396774,-7.29822828235088,1.8601594086930913,-0.23906507448148848,0.004653199844571291,13.159579952281334,-18.0159444485091,1.0607974080120264,256.71174459408167,-24.819613764394756,12.906909226821988,5.141719504632684,17.12673785727235,-7.266358289851578,1.8520364418429058,0.3288888888907325,256.18902983983725,-102.2449995089852,102.63833433929202,15.794656665265814,22.043229045191882
22.998999999999995,-77.80949974673862,198.63594827941267,-7.329779574925232,1.8682011458747767,-0.2762841792415493,-0.0023318706158299857,13.061201393301586,-17.988605964877667,1.0295405264889108,258.9373609479771,-25.273134476298935,13.166085300640745,5.129107110495728,17.322083070302245,-7.29790958242593,1.8600781790245913,0.3288888888907325,258.41705464063324,-102.40008993436926,103.00204171774601,15.64872399461071,22.191174315039046
23.099000000000004,-78.11514424110908,198.85878291188368,-7.361649567424584,1.8763241127249655,-0.3569426396454117,-0.0026132088592146843,12.96182911150384,-17.96099133494692,0.9979679188897982,261.1854582751446,-25.73123620549516,13.427879314599135,5.116367318438195,17.519401467302178,-7.329779574925283,1.8682011458747803,0.3288888888907325,260.66758474244784,-102.55674692970673,103.36942290810366,15.501317256575224,22.34061398155136
23.200000000000003,-78.39648921752813,199.0945161569127,-7.393838259848926,1.8845283092436556,-0.23066224384499256,-0.0023709505043674464,12.865743203864305,-17.93468217517059,0.9747590463917502,263.4709997493648,-26.208470188469352,13.684661573701653,5.113394947504789,17.71805682442616,-7.361968267349626,1.8764053423934706,0.3288888888907325,262.9553848435663,-103.161727399944,104.2155627910831,15.461275474886735,22.56188963620036
23.299999999999997,-78.654417060826,199.30578651842612,-7.425708252348273,1.8926512760938432,-0.15194571101329474,0.0017683675250158599,12.772413692338807,-17.909301164832975,0.9596243342218118,265.74382099333803,-26.704671457027224,13.935958861907661,5.120876546104958,17.898465602800695,-7.393838259848975,1.8845283092436587,0.3288888888907325,265.2303266408277,-103.3894064656997,104.76653547480471,15.360934917344851,22.73415069142264
23.400000000000006,-78.90555732934111,199.50593738556498,-7.457578244847625,1.9007742429440322,-0.1837472453385809,-0.0007589821313932705,12.680658429311363,-17.884502379263445,0.9413243830242306,268.0264936028899,-27.245266643453522,14.18224489752109,5.129820265961476,18.04980495442025,-7.425708252348324,1.8926512760938468,0.3288888888907325,267.51501139572116,-102.95326099686528,104.98526000360057,15.155177545274364,22.819717618281224
23.5,-79.13633487334212,199.6838492679051,-7.489448237346972,1.9088972097942198,-0.20842041617364568,0.0015804793826777576,12.590742263863207,-17.86038374585236,0.9205707946839053,270.3190121623433,-27.842926291622007,14.425866974459645,5.142791396974958,18.133991388121323,-7.457578244847673,1.9007742429440349,0.3288888888907325,269.8094377912257,-101.55543045669938,104.86749378589298,14.817731308145019,22.7157613407821
23.599999999999994,-79.3399621180914,199.8617611510353,-7.521318229846319,1.9170201766444075,-0.2711899295220196,-0.004850726817324591,12.50307530456592,-17.83709681175143,0.8935730658783959,272.62137129516435,-28.56396459878529,14.661729515740467,5.16304832629462,18.109872400440604,-7.4894482373470215,1.908897209794223,0.3288888888907325,272.11360454155687,-98.73651333461429,104.15089558329865,14.279786060687549,22.178371088359334
23.698999999999998,-79.54827278941974,200.0268856169384,-7.552869522420675,1.925061913826094,-0.19255393241488267,0.004636697919702225,12.419458121041593,-17.815216623317802,0.87194997115909,274.91530677691685,-29.36117301190728,14.903227054133128,5.1986766720168776,17.65917255782674,-7.5209995299213785,1.9169389469759095,0.3288888888907325,274.4091926200462,-96.58488280787604,103.8379640450169,13.879286728195673,21.33732977271124
23.799999999999997,-79.7268538830307,200.1508679597393,-7.585058214845017,1.9332661103447841,-0.24586884954680138,0.0037230361205085553,12.334151701486475,-17.792894410875416,0.8498900462434354,277.2555843896138,-30.174486645496344,15.149603330675122,5.235024782299179,17.199367667887362,-7.553188222345721,1.9251431434945996,0.3288888888907325,276.75115621527266,-94.38978499776945,103.51871065747694,13.470696500097919,20.47929772341373
23.900000000000006,-79.89654325364006,200.29542136527635,-7.616928207344369,1.941389077194973,-0.3075439622092708,-0.004147419246783449,12.253316014439656,-17.77213317209283,0.8192969944782067,279.58742484481655,-31.075866533004987,15.393702068368889,5.272662632916515,16.45246789900875,-7.58505821484507,1.9332661103447877,0.3288888888907325,279.0845378842225,-93.19026286792162,103.49329821713573,13.195909132842596,20.032874735257103
23.998999999999995,-80.05109633239039,200.41651263974526,-7.648479499918721,1.9494308143766583,-0.2540754434311955,0.009578628267231869,12.176977872074,-17.752942247849912,0.7963524785278001,281.9105172032174,-31.73601836982639,15.641288377149822,5.29026075217326,15.733313866898417,-7.616609507419424,1.9413078475264738,0.3288888888907325,281.40904278752146,-92.49645627124364,103.40108892115194,12.979370085325902,19.91172496519981
24.099999999999994,-80.18162139624992,200.5289307107984,-7.680668192343062,1.9576350108953484,-0.21253843155201096,0.005099808601691283,12.09909754501408,-17.73336362816774,0.7729444370026355,284.28054072037406,-32.40950660739173,15.893876429542514,5.3082143889907485,14.999631470502958,-7.648798199843769,1.9495120440451643,0.3288888888907325,283.78050738583676,-91.78863337968323,103.30701681110787,12.75845651159673,19.788127725040336
24.198999999999998,-80.32273507683689,200.63901368780375,-7.712219484917419,1.965676748077035,-0.220668245379261,0.0020983547332376284,12.026787785603043,-17.715656623534773,0.7531347697350574,286.62303669431316,-33.01278052039553,16.137325008387023,5.32141248902228,14.69976122849641,-7.680349492418126,1.9575537812268509,0.3288888888907325,286.12428161341694,-91.52625217779656,103.63980759337456,12.632700708093834,19.82352674567709
24.299999999999997,-80.43954923956288,200.72908157872732,-7.744408177341761,1.9738809445957248,-0.18244674448598003,0.0008326124799814161,11.953017222971582,-17.697591901636496,0.7329249071691455,289.0128558192408,-33.62824178517717,16.38569174033949,5.334877217337276,14.393833001802875,-7.712538184842469,1.965757977745541,0.3288888888907325,288.5154048152916,-91.25857034556877,103.97932142174761,12.504404383308058,19.859640898043878
24.399,-80.54034472570504,200.80613966334215,-7.775959469916118,1.9819226817774116,-0.24293347020897804,0.0010323259684263618,11.884595824224212,-17.68131501718109,0.7120013012050962,291.3746857070979,-34.233944031454264,16.623024082954835,5.346223761418273,14.27708031070215,-7.744089477416826,1.9737997149272275,0.3288888888907325,290.87839570952866,-90.99034321868871,104.19541445877253,12.370430388678875,19.944018598120298
24.498999999999995,-80.63543864897542,200.89498440878626,-7.807829462415465,1.9900456486275993,-0.1830576630579534,-0.0006594760421731139,11.815483300236977,-17.664873719751395,0.6908663456858566,293.7603724625089,-34.84576448223915,16.86275372196021,5.357684917055642,14.159148299489308,-7.775959469916174,1.9819226817774154,0.3288888888907325,293.2652551986568,-90.7194067268907,104.41369025374718,12.235103121376682,20.029248598197483
24.599999999999994,-80.71105223253181,200.94035193945066,-7.8400181548398065,1.9982498451462891,-0.1867546007748388,0.005554593151988833,11.74844009332729,-17.649282918480406,0.6721482912359186,296.1847357152406,-35.42816989671722,17.105397012193627,5.367766301453714,14.108321381686288,-7.808148162340517,1.9901268782961057,0.3288888888907325,295.69072235098974,-90.56765749806446,104.75490358315643,12.126765309984425,20.153151904033017
24.698999999999998,-80.78496892234729,201.0064017258119,-7.8715694474141635,2.0062915823279757,-0.25340382636803327,0.0011832407328666759,11.685784881643265,-17.635124461396174,0.650848740070195,298.5756542156012,-35.99737852363837,17.338841631212972,5.37396326424676,14.108112349364365,-7.839699454914874,1.9981686154777922,0.3288888888907325,298.0826534564765,-90.412792027087,105.00924855273088,12.012256243631013,20.284004630355533
24.799999999999997,-80.84680372900121,201.06266635860888,-7.903758139838505,2.014495778846666,-0.18122880486829046,0.0009625059296212951,11.62186390810704,-17.620679974875898,0.6291188949415286,301.0148740998074,-36.57808631473971,17.57700230314179,5.380285418207343,14.107899094167253,-7.871888147339217,2.0063728119964823,0.3288888888907325,300.52290640247804,-90.25479796073624,105.26873180451894,11.89543386280582,20.4175008460987
24.900000000000006,-80.88752917793902,201.09602483620196,-7.935628132337857,2.0226187456968545,-0.19334455360494,-0.0011423817668495513,11.56135077040819,-17.607396697422327,0.6099618280285621,303.44459679401194,-37.15964936636077,17.806463776278573,5.388940020157174,14.142587593416241,-7.9037581398385655,2.014495778846671,0.3288888888907325,302.95358802470327,-90.1019712945554,105.49737244340697,11.782608070948625,20.561013046475832
24.998999999999995,-80.92784737238382,201.12904973017268,-7.967179424912208,2.03066048287854,-0.22991355767403146,6.121369176370845e-05,11.504426238726577,-17.595341018224993,0.5885146310477833,305.86452030958554,-37.72946112284901,18.031265935430657,5.394121638720862,14.196483041634838,-7.93530943241292,2.0225375160283567,0.3288888888907325,305.37440643140076,-89.82402149813018,105.96096012478466,11.68801200359973,19.750113048255244
25.099999999999994,-80.95540492618878,201.15162230017398,-7.999368117336551,2.0388646793972303,-0.20804686438830847,0.0016095694623393013,11.446351716505937,-17.58304178995296,0.5666341573603201,308.3333311689084,-38.310784227953235,18.260609552343414,5.399407936447454,14.251467286787149,-7.967498124837265,2.030741712547047,0.3288888888907325,307.84413026045604,-89.54045655430241,106.433913213867,11.591504904587213,18.922831231888704
25.198999999999998,-80.9755640234112,201.173638895101,-8.030919409910908,2.0469064165789166,-0.17861757330669722,0.001014288916221903,11.393076171804157,-17.572324582049383,0.5490456350608888,310.77257644190803,-38.85149705469965,18.48977851173834,5.405644701350236,14.322376253156335,-7.999049417411622,2.0387834497287334,0.3288888888907325,310.284206235253,-89.24510362992724,106.09029378760357,11.423818936335737,18.954899471008382
25.299999999999997,-80.99613037514166,201.1961002705615,-8.06310810233525,2.0551106130976065,-0.18087581624929527,0.01147195640512331,11.338724353472042,-17.561390864895227,0.5311017890786415,313.2610993971904,-39.40313337289547,18.723577147080626,5.412007461503579,14.394717723896612,-8.031238109835964,2.0469876462474232,0.3288888888907325,312.77357667418715,-88.94378397980714,105.73973255474897,11.252745372766057,18.9876155533426
25.399,-81.00285007418566,201.21811686627856,-8.094659394909606,2.0631523502792932,-0.1633929341034164,0.019718718571686954,11.288687668208594,-17.551856995576102,0.5140768500956832,315.71960378542906,-39.84702313595136,18.974761475487053,5.40956079480614,14.478739312480114,-8.062789402410322,2.05502938342911,0.3288888888907325,315.23285601177264,-89.14749415479196,106.30140890711203,11.211388430415171,19.127081736383023
25.498999999999995,-81.00963764902872,201.2293475536138,-8.126529387408953,2.071275317129481,-0.18492830366838137,0.018300412860235704,11.238145561881884,-17.542226824546688,0.4968799420320906,318.20294155132643,-40.29539663398758,19.228483019331907,5.407089414303677,14.563609603978591,-8.09465939490967,2.0631523502792977,0.3288888888907325,317.71697655478806,-89.35326200831196,106.86875875798376,11.169613741171856,19.267956668747075
25.599999999999994,-81.00291794993952,201.22945874815457,-8.158718079833294,2.0794795136481707,-0.21268841939311894,0.0004049878466019499,11.18981494024741,-17.533484593666,0.4756993546705939,320.72586850977535,-40.7633726989354,19.48643422786037,5.402618951038083,14.67092417820752,-8.126848087334013,2.071356546797988,0.3288888888907325,320.2406587915554,-89.54819006781308,107.24774609327554,11.105273302298402,19.40589718469646
25.700000000000003,-80.99613037514166,201.22945874815457,-8.190588072332647,2.0876024804983597,-0.15523029792055787,-0.008922272400487272,11.143703087544276,-17.52545731492664,0.46041168537147653,323.2335993017525,-41.25331259611338,19.72256818166286,5.405655909190727,14.78382186487698,-8.158718079833362,2.0794795136481765,0.3288888888907325,322.74911663017923,-89.66014175991546,107.46293250051643,11.027153966680013,19.54039627045883
25.799999999999997,-80.9825552254706,201.21833925615027,-8.222458064831994,2.0957254473485474,-0.17147632803087726,0.0068418575799955635,11.099127377947852,-17.517985639116848,0.4435446166138908,325.7510656765258,-41.73932659345045,19.962615404988146,5.406910993332761,14.899407899544787,-8.19058807233271,2.087602480498365,0.3288888888907325,325.2672901494411,-89.92212237074743,108.00302008022467,10.988611693298544,19.690582922608947
25.899,-80.9623961282482,201.21833925615027,-8.25400935740635,2.103767184530234,-0.13524201443705935,-0.0025299744961082334,11.057152651180452,-17.51136783116261,0.4282249380200907,328.25776398142256,-42.222831418444784,20.187642887693055,5.408954805953046,15.016479734360427,-8.222139364907068,2.095644217680052,0.3288888888907325,327.7746618670993,-89.6172757071777,107.13310657288122,10.788563459283564,19.717691213128425
25.998999999999995,-80.95547280194263,201.21833925615027,-8.285879349905697,2.111890151380422,-0.17975820572261203,0.0023655988638488753,11.014753937273992,-17.50468317666338,0.41275051519807193,330.78978247121705,-42.71122013056023,20.41494337527375,5.411019263145254,15.134734112962072,-8.254009357406416,2.1037671845302395,0.3288888888907325,330.3073605718044,-89.30934978438,106.25440606041317,10.586494536036128,19.745073324764263
26.099999999999994,-80.94182977653281,201.21833925615027,-8.318068042330038,2.1200943478991117,-0.15369422896885243,0.00018413810008590043,10.974263295386761,-17.498774468462077,0.39754244190361643,333.3618639533928,-43.20223711353871,20.638652139638754,5.412978889838571,15.25652584131459,-8.286198049830759,2.11197138104893,0.3288888888907325,332.880106352932,-90.40144863438,109.25577227743808,10.828971622822364,19.777738621791908
26.198999999999998,-80.93511007747374,201.2073309578967,-8.349619334904395,2.1281360850807984,-0.15085467819926085,0.0018856300890121482,10.936809242772545,-17.493789943845837,0.3807416677891011,335.89750910901313,-43.68162806723056,20.856967508807738,5.412797647421628,15.378136444933183,-8.317749342405115,2.120013118230616,0.3288888888907325,335.4163840377935,-90.62627656688015,109.49551779630445,10.764110273675003,19.914919402074997
26.299999999999997,-80.92146705206389,201.20721976335588,-8.381808027328738,2.1363402815994883,-0.19610396082819115,0.0022610858191115927,10.89859854263077,-17.488704721762602,0.36360148409651555,338.4843794192923,-44.170703686653546,21.079693289475077,5.412612743541716,15.502203828422855,-8.349938034829458,2.128217314749306,0.3288888888907325,338.00389965568235,-90.85564647781463,109.74010665898629,10.697938594241842,20.054871511252685
26.399,-80.91474735298976,201.20721976335588,-8.413359319903094,2.144382018781175,-0.12662323552656232,0.001772290631979662,10.86420024322897,-17.48482290400507,0.3487058453156178,341.03942744799116,-44.64703584752232,21.29583568138172,5.4140372292867225,15.626343843817507,-8.381489327403814,2.1362590519309923,0.3288888888907325,340.5595610770881,-91.21784745075087,110.22040351983671,10.66617341340924,20.20783601029838
26.503,-80.90090070033344,201.2068861789434,-8.446504112102417,2.1528299043053707,-0.1814460134942794,0.00038432359134052993,10.828064655978594,-17.480745034845643,0.3330579015457866,343.72351830642214,-45.14742518823293,21.522894355707884,5.415533658756224,15.756753556959357,-8.414634119603136,2.1447069374551875,0.3288888888907325,343.2442963076557,-91.5983414021182,110.72495779790177,10.632803930514385,20.36852598909385
26.599000000000004,-80.89438462853595,201.1962114651023,-8.477099304901792,2.1606279524815513,-0.13859700085817772,0.00022669457178715663,10.797572230625269,-17.478013354303936,0.3184222317354361,346.21981190890665,-45.60458766941506,21.72494991334795,5.4159311148077585,15.87875687291143,-8.445229312402512,2.1525049856313685,0.3288888888907325,345.7411711668061,-92.01280261909807,111.2322564713915,10.609352105473013,20.52072948745242
26.700000000000003,-80.88752917793902,201.20721976335588,-8.509287997326135,2.1688321490002416,-0.17578440750065075,-0.0018232605535434703,10.765491658118126,-17.47513939873402,0.30302428745579724,348.8461208031871,-46.085560696492074,21.93752919794842,5.41634927169531,16.007114528236,-8.477418004826854,2.1607091821500584,0.3288888888907325,348.36809159153717,-92.44885035779564,111.76597695079212,10.584678831210736,20.680860251350495
26.799999999999997,-80.8807416031261,201.1961002705615,-8.541157989825482,2.1769551158504292,-0.1576559426707969,9.241592860739474e-05,10.736017216657158,-17.473119208934264,0.2878633851239338,351.4608655864627,-46.558484047255256,22.144989672176624,5.416483836574883,16.13591726778725,-8.509287997326203,2.168832149000247,0.3288888888907325,350.9834354369079,-92.9539433526833,112.37300585944358,10.571690981423101,20.842598189060656
26.900000000000006,-80.8739540282981,201.1961002705615,-8.573027982324833,2.185078082700618,-0.11915050950815982,0.0013770084214266682,10.707844697125989,-17.471568640883284,0.2764500788628876,354.08533560888765,-47.03182926133147,22.355172020214418,5.420759366089393,16.266340753112665,-8.541157989825551,2.1769551158504354,0.3288888888907325,353.60849933649047,-93.5093520885444,113.01517478643326,10.568633997850277,21.0059513917751
27.0,-80.86716645347012,201.1961002705615,-8.60489797482418,2.193201049550806,-0.1573441263947773,0.00017588049046920518,10.680972678782883,-17.47048703844674,0.26144632508018034,356.71953035012575,-47.504119656476014,22.56525351573491,5.421170159699614,16.397904218247486,-8.5730279823249,2.185078082700624,0.3288888888907325,356.2432838484481,-93.13147147666417,111.38422400261057,10.3131189554064,20.94926840333561
27.099000000000004,-80.86044675439598,201.1961002705615,-8.636449267398536,2.201242786732492,-0.1128245941278038,0.0025010740304408827,10.656171673771892,-17.470065938748224,0.2505027757593369,359.341824958585,-47.97282370108527,22.777191532795612,5.425922079918812,16.53017861623123,-8.604579274899256,2.1931198198823103,0.3288888888907325,358.86615677746306,-94.00693961750586,112.88103525613104,10.40387300025889,21.03767589961425
27.200000000000003,-80.86037887864212,201.1961002705615,-8.66863795982288,2.2094469832511825,-0.12074607825924158,0.0002100898882927743,10.63086963835664,-17.46963633198509,0.23933814463403244,362.0170952156999,-48.45099651427247,22.993411125958545,5.430769998526277,16.665125224275243,-8.6367679673236,2.201324016401,0.3288888888907325,361.54201703837725,-94.90009398341502,114.40808512083369,10.4964604601589,21.12786940591872
27.299999999999997,-80.8535913038292,201.1961002705615,-8.700507952322226,2.21756995010137,-0.1507202080702802,-0.002033753827625007,10.607644827677351,-17.469869116698668,0.22521123727996084,364.68046446163993,-48.919766453636946,23.201843240174572,5.431478090649051,16.799427503033932,-8.668637959822949,2.2094469832511887,0.3288888888907325,364.2059667983819,-95.6434256129783,115.29144050015229,10.521828532290694,21.291301390386135
27.399,-80.84687160475507,201.185091973098,-8.732059244896583,2.2256116872830565,-0.11199500019942832,0.001140651134333888,10.586404219507871,-17.47073095024149,0.2148077299363481,367.3316420433064,-49.38370533411412,23.409721455659064,5.435979609953715,16.934103097900014,-8.700189252397305,2.217488720432875,0.3288888888907325,366.8577169257619,-96.40541836702677,116.03815882345734,10.54102313710236,21.454260993225517
27.5,-80.84001615417321,201.1961002705615,-8.764247937320924,2.233815883801747,-0.11494024328806451,-0.0012168185748011985,10.564734508143049,-17.471610194562953,0.20419405072720836,370.0363787680367,-49.857016717227175,23.621799231052325,5.440572069042311,17.07149941185429,-8.732377944821648,2.225692916951565,0.3288888888907325,369.5630377627859,-97.18280491408628,116.79996236541498,10.560605511708202,21.620512709253564
27.599999999999994,-80.83322857934523,201.1961002705615,-8.796117929820271,2.2419388506519344,-0.16757520228966144,0.0019513166545652594,10.54514211221855,-17.47315211702055,0.18892599426584492,372.7289229754532,-50.326775070351275,23.834684067249064,5.439998482792062,17.209379222969908,-8.764247937320997,2.2338158838017534,0.3288888888907325,372.25616089277366,-98.06525789403216,117.68349209478707,10.59142474323994,21.7857872684265
27.700000000000003,-80.82644100453231,201.18498077855716,-8.827987922319622,2.250061817502123,-0.09777776716634068,0.0004683006184513878,10.526797915412606,-17.475143821549466,0.1801389756947506,375.43119183774377,-50.79644629780666,24.04807391580889,5.446411280603754,17.348197529528235,-8.796117929820346,2.241938850651942,0.3288888888907325,374.95901016030547,-98.99467471025787,118.56547435997611,10.631491575653506,21.95142459963929
27.799000000000007,-80.81972130545819,201.18498077855716,-8.85953921489398,2.2581035546838097,-0.11520250733084125,0.0017044601592642143,10.510222032980721,-17.47768640340967,0.16909118322051134,378.12088244062215,-51.26372359607441,24.262875605670803,5.450147256051423,17.487362116732324,-8.827669222394702,2.2499805878336283,0.3288888888907325,377.6492756194612,-100.00942702934576,119.52385722807617,10.680203392194471,22.11475766224415
27.900000000000006,-80.8060782800634,201.1961002705615,-8.891727907318321,2.2663077512024996,-0.13897554408489937,0.0012272007161376085,10.493311284237082,-17.48028035055998,0.1578202030195203,380.864910227397,-51.740440839761696,24.482016723610727,5.45395870575056,17.62933810973851,-8.859857914819045,2.258184784352318,0.3288888888907325,380.39388987577144,-101.04467939528385,120.50160136623882,10.729899285837273,22.281390382679405
28.0,-80.8060782800634,201.1961002705615,-8.923597899817668,2.2744307180526873,-0.13834331241892273,0.000672800779891704,10.478471620551028,-17.48353384287839,0.14611168734858954,383.59635586202836,-52.212489647112676,24.69933409622607,5.456589944605793,17.771113966278044,-8.891727907318394,2.2663077512025067,0.3288888888907325,383.12592161768316,-100.47672135199309,117.59469526924508,10.379173089354026,22.08345438736337
28.099000000000004,-80.79263888190007,201.1961002705615,-8.955149192392025,2.282472455234374,-0.10116579288573613,0.005127364351522384,10.46542290757627,-17.4873455559804,0.1370935481622443,386.3149307360818,-52.68581724787838,24.92264463794445,5.462456345283303,17.913729232291672,-8.92327919989275,2.274349488384193,0.3288888888907325,385.84508048819725,-102.00475281571242,120.07617839233208,10.579450929285102,22.01914775280825
28.200000000000003,-80.78571555557944,201.1961002705615,-8.987337884816366,2.290676651753064,-0.1246209262714251,0.0021083643745807516,10.452110584238387,-17.4912342733875,0.12789322434587233,389.08842631466143,-53.16870702239691,25.15046650373794,5.468441259105813,18.05922561479042,-8.955467892317094,2.282553684902883,0.3288888888907325,388.61917186114584,-103.56365360193107,122.60779248760255,10.783774786184471,21.95354199432273
28.301000000000002,-80.77886010501265,201.1961002705615,-9.01952657724071,2.2988808482717538,-0.15812569824168038,0.002095957728936027,10.440687291847832,-17.49580136850519,0.11594968190176899,391.87670290167387,-53.65240136562749,25.379124686134535,5.469858347147156,18.205764448829427,-8.987656584741437,2.290757881421573,0.3288888888907325,391.40805205014345,-104.72774995176596,123.68625819440952,10.844983786661619,22.108842825966708
28.400000000000006,-80.77214040593853,201.1961002705615,-9.051077869815066,2.3069225854534405,-0.12373486814800436,0.004601637140492439,10.430805046455042,-17.500749779125172,0.10749746513874646,394.6193915835284,-54.129355893272425,25.607389931699704,5.474997581894382,18.350622859750594,-9.019207877315793,2.298799618603259,0.3288888888907325,394.15133934051926,-105.91895702937252,124.78922511629061,10.914501281551495,22.258813706297893
28.5,-80.76535283111053,201.1961002705615,-9.082947862314413,2.315045552303628,-0.13248634787785374,-0.0023674636927560264,10.422023144544797,-17.506178319373795,0.09924863489825607,397.3994596933336,-54.606162424613565,25.83016763998318,5.4785138806035665,18.496297687596776,-9.051077869815142,2.3069225854534476,0.3288888888907325,396.9320179512447,-107.12827864201837,125.82343877744024,10.977604186158546,22.412619428501056
28.599000000000004,-80.75863313203641,201.1961002705615,-9.114499154888769,2.323087289485315,-0.12335855645338079,0.002310450279878031,10.415009308438309,-17.51215474166892,0.09397918716882628,400.1661219214143,-55.07915518743998,26.051827910587573,5.484690871466909,18.641890013706256,-9.0826291623895,2.3149643226351344,0.3288888888907325,399.6992927059612,-108.37866431874954,126.93378847836223,11.05203767857654,22.561937273568024
28.698999999999998,-80.74512585813427,201.1961002705615,-9.146369147388116,2.3312102563355026,-0.08876063636875808,6.88263288052297e-05,10.407924625502462,-17.518191531866012,0.08865651269465527,402.96073023260664,-55.55692565494137,26.275727173824315,5.490930256177355,18.78895296937238,-9.114499154888847,2.323087289485322,0.3288888888907325,402.4945197309272,-109.64168015383142,128.05535383282879,11.127223024453293,22.712763379696263
28.799999999999997,-80.73820253181363,201.1961002705615,-9.178557839812457,2.3394144528541925,-0.10764003017188861,7.774051629606295e-05,10.40220668666636,-17.524803737224172,0.08474192659534914,405.7980243865377,-56.03799162043338,26.49939426473338,5.496753614897047,18.938345893386806,-9.14668784731319,2.3312914860040124,0.3288888888907325,405.332443949589,-110.93042263958459,129.18129760170513,11.202815623673445,22.86557502276663
28.899,-80.73148283273949,201.1961002705615,-9.210109132386814,2.3474561900358792,-0.12279195580659663,0.0007791652368500106,10.398090099461545,-17.53181806420506,0.08294251189602242,408.59358292469176,-56.511238258494835,26.720459156747072,5.504479083448598,19.08639610536219,-9.178239139887548,2.339333223185699,0.3288888888907325,408.1286271600778,-112.21742175491764,130.32283263797925,11.28250799368635,23.01392879531622
28.998999999999995,-80.72469525792658,201.1961002705615,-9.24197912488616,2.355579156886067,-0.05565790701980574,0.002660509730084784,10.39393193056779,-17.53890324297363,0.08112492129064207,411.41737942787745,-56.98926516562757,26.943757027467957,5.512282587036022,19.235941774024184,-9.210109132386895,2.347456190035887,0.3288888888907325,410.95305464541985,-113.51742086131453,131.4758983311853,11.363005337133721,23.163781090820844
29.099999999999994,-80.71783980732967,201.1961002705615,-9.274167817310504,2.3637833534047568,-0.08568311516137556,-0.0009041042332469146,10.390827438782967,-17.54645139411113,0.08072296526354539,414.2841614167715,-57.471583319260965,27.167800652432945,5.520289676578318,19.387971944699466,-9.242297824811239,2.355660386554577,0.3288888888907325,413.82047562682527,-110.14543157295246,121.44129646394978,10.359948348944888,22.398856420731857
29.198999999999998,-80.71112010828567,201.1961002705615,-9.30571910988486,2.3718250905864435,-0.1337458545205374,-0.0010914756406448377,10.389269578051387,-17.554381689996777,0.08196887381864688,417.10867503211847,-57.94381676653035,27.386266587795156,5.526729605035486,19.538182993829476,-9.273849117385595,2.3637021237362634,0.3288888888907325,416.64562401656474,-112.38972791659954,126.2661178857166,10.760099550999298,21.405421391450677
29.299999999999997,-80.70426465768877,201.1961002705615,-9.337907802309202,2.3800292871051334,-0.06442334357758206,0.0024027180434371158,10.387680245385834,-17.56247219388011,0.08323995224354834,419.99024952858343,-58.425590283441515,27.609145976397,5.533299633057445,19.69142860960857,-9.306037809809938,2.3719063202549533,0.3288888888907325,419.52784611114726,-114.6793635803202,131.18841044731684,11.168334615721456,20.391916967638615
29.400000000000006,-80.69747708287582,201.1961002705615,-9.369777794808554,2.3881522539553224,-0.07925511552082197,0.0016151336152359721,10.387246226447779,-17.570890453505253,0.0855195000835634,422.8578979439182,-58.9066533620773,27.83411583967349,5.54218064838382,19.845177364370247,-9.337907802309287,2.380029287105142,0.3288888888907325,422.39613941533247,-115.87813088523129,132.42691459782506,11.249430940066983,20.50882272837145
29.5,-80.69068950804784,201.18498077855716,-9.401647787307901,2.39627522080551,-0.12360399267053374,-0.0021677674561525156,10.38776725216226,-17.57965030521587,0.09035570194238324,425.73528037624664,-59.383503545998494,28.05323692375718,5.546000423624475,19.998761511295413,-9.369777794808636,2.3881522539553304,0.3288888888907325,425.2741725096022,-117.03706962128749,133.47627198333532,11.309856195611538,20.633721154681204
29.599999999999994,-80.69068950804784,201.18498077855716,-9.433517779807248,2.4043981876556977,-0.08122973585464942,0.0007572614151112106,10.38925259290387,-17.588755146682125,0.09428521152310515,428.6223978485374,-59.8620673184243,28.274275018564076,5.554258828301502,20.15364823221914,-9.401647787307985,2.396275220805519,0.3288888888907325,428.16194678954133,-118.19299364448015,134.5053935598994,11.372777346971205,20.759452843300604
29.698999999999998,-80.67725010989957,201.18498077855716,-9.465069072381604,2.4124399248373845,-0.05625173257556889,0.003910463865335939,10.391639438438771,-17.598096687875067,0.09755848204964931,431.49511016347776,-60.34519524711653,28.504159938775523,5.565655829061264,20.31001346150326,-9.43319907988234,2.4043169579872052,0.3288888888907325,431.03531095659713,-119.32617780226781,135.54402804550793,11.43793810031446,20.883474347911008
29.799999999999997,-80.67032678360908,201.18498077855716,-9.497257764805946,2.4206441213560743,-0.06188688224001751,0.004899545251474626,10.394074503075386,-17.607626947071903,0.10089787925349725,434.425857070639,-60.83808333598434,28.738688998789208,5.577283072260616,20.469537584308263,-9.465387772306684,2.412521154505895,0.3288888888907325,433.9667228846034,-120.48225456930363,136.6036450459772,11.504415232513132,21.010001337463027
29.900000000000006,-80.66353920875095,201.18498077855716,-9.529127757305297,2.4287670882062633,-0.11356461503185555,0.00042517276344585376,10.397590060895016,-17.6174571954114,0.10808644068801537,437.34219615140864,-61.328031743382795,28.97193918704657,5.583373143760027,20.628470485828807,-9.497257764806033,2.4206441213560836,0.3288888888907325,436.88372521465635,-121.60903876529697,137.61215373239642,11.560589769030067,21.13761723504113
29.998999999999995,-80.65681950967681,201.18498077855716,-9.56067904987965,2.4368088253879487,-0.08910267867133581,-0.0025157181273078467,10.402341141572649,-17.627642510447604,0.11292752940225939,440.24383415669826,-61.80818303138847,29.19497508318494,5.592924566934802,20.7855703740334,-9.528809057380387,2.4286858585377695,0.3288888888907325,439.7860277894986,-120.87845599007646,134.3229990637648,11.21881589868913,20.985009509715294
30.099999999999994,-80.64996405911003,201.18498077855716,-9.59286774230399,2.4450130219066386,-0.051425406676184414,-6.02194297931759e-05,10.407188203678112,-17.638033589423934,0.11786641788850882,443.20409111159,-62.29803434541451,29.422516755002896,5.6026689481535135,20.945843997353258,-9.560997749804732,2.43689005505646,0.3288888888907325,442.7469627395904,-120.13311396687163,130.96739682606957,10.870137505715007,20.829318800039427
30.198999999999998,-80.64324436003591,201.18498077855716,-9.624419034878349,2.453054759088325,-0.12576188688401901,-0.0011165466109787072,10.413610181392837,-17.648815450193233,0.12633592788342585,446.1250168956723,-62.77614207783184,29.641865181334456,5.6077506174710505,21.104179789801563,-9.592549042379089,2.444931792238146,0.3288888888907325,445.66856394278915,-121.7942146088661,134.3033584071059,11.114913504965818,20.478285100709492
30.299999999999997,-80.63638890945406,201.1738612849727,-9.65660772730269,2.4612589556070152,-0.09749928771512545,-0.0003491470996214675,10.42016189603109,-17.659815126331605,0.13497653909036098,449.10495128145305,-63.26390855231819,29.865644889006038,5.612934946774801,21.265714285127608,-9.624737734803432,2.453135988756836,0.3288888888907325,448.649187392517,-123.48887283958764,137.70671315139532,11.364634473898452,20.12015981149412
30.400000000000006,-80.62960133462606,201.1738612849727,-9.68847771980204,2.469381922457204,-0.015224043967780355,0.0014742616189703129,10.427703840811857,-17.67108269894396,0.13619953359768538,452.06999985615016,-63.750474866464415,30.09075821889287,5.628065986614225,21.42772240153757,-9.65660772730278,2.4612589556070246,0.3288888888907325,451.614923369895,-124.60313486850407,139.05861728276096,11.451828831254181,20.223068416283656
30.498999999999995,-80.622881635567,201.1738612849727,-9.720029012376393,2.477423659638889,-0.09611018016391788,-0.000535356799504037,10.436075863560916,-17.682560889771715,0.14304789380819358,455.0198265988549,-64.23384831490704,30.314434731234847,5.6363124750932085,21.5895508281206,-9.688159019877133,2.46930069278871,0.3288888888907325,454.56543391496456,-125.62783102012567,140.07702077811365,11.504962675114434,20.341209520773837
30.599000000000004,-80.62281375981314,201.1628529867191,-9.751899004875746,2.485546626489078,-0.0717429496011042,0.0016781168078354555,10.444532452196329,-17.694155021920963,0.1499654293743648,457.99944957128446,-64.72210432343502,30.540370602287393,5.644642261435617,21.753013885275212,-9.720029012376486,2.477423659638899,0.3288888888907325,457.54574759685363,-126.66287763792546,141.10571117746,11.558633224468235,20.460543969753843
30.700000000000003,-80.60923861017224,201.1627417921783,-9.784087697300087,2.493750823007768,-0.026087779591061608,0.0011450088475847102,10.453935008334367,-17.70617261302224,0.15219201410743066,461.0236412146262,-65.21969554822697,30.772736695103895,5.659254743250365,21.92002451112365,-9.75221770480083,2.4856278561575893,0.3288888888907325,460.57063933430203,-127.68425642379081,142.05485193646604,11.611147947006302,20.583974200595208
30.799999999999997,-80.60923861017224,201.1627417921783,-9.815957689799435,2.5018737898579557,-0.05830684849112025,0.004864051555043181,10.463643140827697,-17.718213433832283,0.1571635213751602,464.02769375614633,-65.71933962853618,31.011001124583938,5.671188806939566,22.087395163810264,-9.784087697300178,2.493750823007778,0.3288888888907325,463.5753840209365,-128.69622676284695,143.00637400453115,11.660691354329009,20.70624003429912
30.900000000000006,-80.60245103532917,201.15162230017398,-9.847827682298785,2.5099967567081447,-0.06515856013578815,0.0016224829266906025,10.473932781525669,-17.730461476441096,0.1627853957097697,467.0414981739643,-66.22019152246293,31.24976647254518,5.68241774067535,22.255360365352114,-9.815957689799527,2.5018737898579664,0.3288888888907325,466.58988270605914,-129.70155119472759,143.93634677858248,11.707584064005726,20.829570603463413
30.998999999999995,-80.59573133627009,201.15162230017398,-9.879378974873138,2.51803849388983,-0.08038550085397847,-0.00201897903481908,10.485070357042,-17.742925645464886,0.16786716514365066,470.0396462196962,-66.70690966819066,31.472247513086522,5.692850609670711,22.420328565068452,-9.847508982373881,2.5099155270396523,0.3288888888907325,469.58872284995516,-128.95899831289293,140.8871766792617,11.393389274471028,20.724564313005036
31.099999999999994,-80.58887588568825,201.1405028073796,-9.91156766729748,2.52624269040852,-0.03720197960234097,-0.006009289737198534,10.496432934083915,-17.755641615883096,0.17305159658629743,473.0983629128168,-67.20346050373114,31.69922312010347,5.703494243696282,22.588629455688164,-9.879697674798226,2.5181197235583426,0.3288888888907325,472.64814562302104,-128.2014443627383,137.77640718399476,11.07284711545075,20.61743668334547
31.200000000000003,-80.58208831086027,201.1405028073796,-9.943437659796832,2.534365657258709,-0.0272612846168191,-0.0006657630266069859,10.508261491065872,-17.76843789874476,0.17546734038371867,476.1414333619777,-67.69145494131591,31.918437919025017,5.716630122168613,22.756060295014326,-9.911567667297575,2.526242690408531,0.3288888888907325,475.6919138166608,-129.86346159467283,141.5326703951228,11.340684031695979,20.188331887951286
31.299999999999997,-80.57530073603228,201.1405028073796,-9.975307652296179,2.5424886241088966,-0.07919362794086415,0.002887188644149756,10.520591342039063,-17.781413124456815,0.18253456086815373,479.19426294277713,-68.18823606836808,32.14771033850086,5.725584543378967,22.926248463681105,-9.943437659796924,2.5343656572587197,0.3288888888907325,478.74544231454377,-131.02927542896978,143.47047899632938,11.458479898040208,20.215555194941896
31.399,-80.56858103697323,201.12949450912598,-10.006858944870535,2.5505303612905834,-0.058885100135865294,-0.003490977750933169,10.533649404463407,-17.794562450346746,0.1865643093537502,482.23100837553375,-68.67627489828547,32.368912042398485,5.737234635618381,23.095140152666318,-9.974988952371282,2.5424073944404064,0.3288888888907325,481.78288337256276,-131.99754270897682,144.6477285297374,11.519901702317917,20.32394655477544
31.498999999999995,-80.5617934621452,201.11837501633158,-10.038728937369882,2.558653328140771,-0.031565074504632674,0.00011829581660873466,10.546839366508197,-17.80784459771031,0.19063476236950383,485.2984280045805,-69.16924341335348,32.592348106941515,5.749002405557182,23.265737818307933,-10.006858944870629,2.550530361290594,0.3288888888907325,484.85100565338973,-132.9755904665596,145.8368694725737,11.58194392886105,20.433432776829513
31.599999999999994,-80.56172558639136,201.11826382179075,-10.070917629794224,2.566857524659461,-0.08953042968425526,0.00372653849489605,10.56095404111472,-17.82154258092639,0.19886281055688704,488.41131120302043,-69.67821616424736,32.83024484656815,5.757558697344589,23.44132374176823,-10.039047637294972,2.5587345578092844,0.3288888888907325,487.96460116354933,-133.90719225607893,146.8003864145988,11.62187204816779,20.55372471449913
31.698999999999998,-80.55500588731722,201.11826382179075,-10.10246892236858,2.5748992618411477,-0.04521388846323733,0.0035738833040282725,10.575581526010385,-17.835251924698344,0.20198457619713492,491.4770994566807,-70.1810061344452,33.06631511231938,5.771594362026849,23.614722668544477,-10.070598929869329,2.5667762949909707,0.3288888888907325,491.0310905575698,-134.81365360315306,147.67797689001767,11.661763525019289,20.672990609551356
31.799999999999997,-80.54815043675046,201.10714432978645,-10.134657614792923,2.5831034583598376,-0.023816451968122904,-0.001794751773419808,10.590504515651418,-17.849238224910135,0.20516940780991288,494.6048228265764,-70.69395347777834,33.30715447434841,5.785913575490569,23.791624603942456,-10.102787622293672,2.5749804915096606,0.3288888888907325,494.15952923227746,-135.7384273006731,148.57329646595005,11.702460890292029,20.794665916624833
31.899,-80.54815043675046,201.10714432978645,-10.16620890736728,2.5911451955415243,-0.05664111271858482,0.00040069638701419096,10.606025345400306,-17.86326597092631,0.2122541570360408,497.6898990045556,-71.19350978293095,33.535827459979465,5.794994116469872,23.96521805034455,-10.13433891486803,2.5830222286913473,0.3288888888907325,497.24530802232044,-136.65134356644947,149.4002620638892,11.734924351862254,20.915143301574215
31.998999999999995,-80.54143073767631,201.0961360307428,-10.198078899866626,2.599268162391712,-0.09795263618244897,-0.0037780440923068336,10.621702951207265,-17.87743541134669,0.21941046938566428,500.80613756817064,-71.69811211136788,33.766810273748185,5.804166380085328,24.140564965902204,-10.166208907367377,2.591145195541535,0.3288888888907325,500.36225629509084,-137.57348120864776,150.2355808496862,11.767715727185712,21.036837629805902
32.099999999999994,-80.53457528709448,201.09602483620196,-10.230267592290968,2.607472358910402,-0.036075803197043364,0.0012235757506575907,10.638541069734424,-17.892104429142446,0.22280227965264746,503.968331938965,-72.20965890835963,34.001008858897244,5.817699586802128,24.319201459963143,-10.19839759979172,2.5993493920602253,0.3288888888907325,503.5251741507428,-135.14972668409607,143.77231288345286,11.148891639118734,20.74372467337015
32.2,-80.52778771228154,201.09602483620196,-10.262137584790318,2.615595325760591,-0.018994943676939498,0.0008397415089142897,10.655473519899264,-17.90672132973159,0.2245735409230152,507.10903970268,-72.71945826949337,34.235552875472955,5.833043682479225,24.497310734017546,-10.230267592291069,2.607472358910414,0.3288888888907325,506.6665957873192,-136.51982542104466,146.79506338930184,11.345352280015243,20.47024604763137
32.3,-80.52100013745356,201.08490534419767,-10.294007577289666,2.6237182926107785,-0.065344982668116,0.005840143306933902,10.67280317895587,-17.921479848373938,0.2306820073900353,510.2595193577003,-73.23848471468544,34.48235970036239,5.844673097467414,24.677866131286137,-10.262137584790418,2.6155953257606024,0.3288888888907325,509.8177893140712,-137.5693225368798,148.57599113255793,11.443438806891173,20.496649896692617
32.400000000000006,-80.51421256262556,201.08490534419767,-10.325877569789018,2.6318412594609675,-0.0787140263332426,0.006739379725038805,10.690811402464877,-17.936479976618845,0.23806863681825766,513.4197662094966,-73.76181237208166,34.737991689700266,5.855331134783816,24.859930727469045,-10.294007577289767,2.623718292610791,0.3288888888907325,512.9787549200764,-138.5013385761295,149.8815856843889,11.504709444490858,20.587647209228358
32.5,-80.50742498781264,201.08490534419767,-10.357747562288365,2.639964226311155,-0.01455042087256729,0.002828674150594653,10.709259000970393,-17.951636329158458,0.23943716707673854,516.5897841117331,-74.28609364412812,34.99492400501316,5.872357217205627,25.042453214419314,-10.325877569789116,2.6318412594609795,0.3288888888907325,516.1494923415119,-139.38298241925824,150.9669416859034,11.556044543296405,20.698310679407815
32.599000000000004,-80.50742498781264,201.07389704594405,-10.389298854862721,2.6480059634928415,-0.048495962334815554,0.0028800165721517474,10.728078268150703,-17.966838416187507,0.24472805716626758,519.7425657054268,-74.80411347097443,35.2447992914824,5.884650762410021,25.22283022982141,-10.357428862363474,2.6398829966426662,0.3288888888907325,519.3029858774079,-140.22465368266685,151.87546400716462,11.590603743432721,20.814794016774417
32.699,-80.50070528872344,201.06277755314966,-10.421168847362068,2.6561289303430295,-0.06472572037942426,-0.004290520924127691,10.747087628938894,-17.98219405965119,0.2500723905900338,522.9271935778445,-75.3273658213242,35.49719857074423,5.897068484838702,25.40502923527806,-10.38929885486282,2.648005963492854,0.3288888888907325,522.4883328833632,-141.0748266760088,152.7931633215698,11.625512026398695,20.93245395350835
32.79900000000001,-80.48719801483638,201.06266635860888,-10.45303883986142,2.664251897193218,-0.0205142414947989,0.005007332160909406,10.766762958557152,-17.997785933640184,0.25201370759007036,526.1264318142445,-75.85348879730356,35.75222826018421,5.913232398224229,25.588532159639115,-10.42116884736217,2.6561289303430424,0.3288888888907325,525.6882917318637,-141.91950636346658,153.65422645741813,11.660265619408582,21.051639603530482
32.900999999999996,-80.4869265118511,201.06255516406804,-10.485546232210753,2.6725373233804093,-0.020671428540635146,0.0056456312653041405,10.78703175353416,-18.01376054224632,0.2540104445440044,529.3997284610431,-76.39335832483461,36.01978049117429,5.929965190666828,25.777273631109747,-10.453676239711507,2.664414356530235,0.3288888888907325,528.9623199852502,-142.7819364085303,154.53211410512736,11.695822276218738,21.173625671577643
32.998999999999995,-80.47362286516532,201.05165806035527,-10.516778824860113,2.680497830893594,-0.04693857861415663,0.002764694884637474,10.807043340408756,-18.029298888802472,0.258550940198427,532.5590782528661,-76.91327667934871,36.276203778423515,5.943183547495331,25.958694247091252,-10.48490883236087,2.6723748640434195,0.3288888888907325,532.1223722800695,-142.01654877655326,152.01707689723534,11.428415544287873,21.098312021398314
33.099999999999994,-80.46669953885977,201.0515468658145,-10.548967517284456,2.6887020274122837,-0.050633909905644814,0.00030051388745269106,10.827667526881553,-18.045312899028712,0.2632304306177809,535.8151428342347,-77.44911090185815,36.54047675813956,5.956806547900217,26.145668555398725,-10.517097524785214,2.6805790605621094,0.3288888888907325,535.3791608696282,-141.2277309109443,149.42504875440787,11.152822891991775,21.020692851315538
33.2,-80.45991196403178,201.04042737381016,-10.580837509783807,2.6968249942624727,-0.041174203169127406,0.009813722777249342,10.84874821573556,-18.061401890539003,0.26714855925976966,539.0535825835038,-77.98221629924112,36.81356358871574,5.971303521251255,26.33314821365035,-10.548967517284563,2.688702027412298,0.3288888888907325,538.6183191142075,-142.28237524899305,151.49125381375657,11.267460735170951,20.84761060169476
33.3,-80.45312438920378,201.0293078802257,-10.612707502283154,2.7049479611126603,0.017319979623868248,-0.0036544888973342035,10.869941356081139,-18.077530634612323,0.2655000016744126,542.3018029989676,-78.51536180023868,37.07582702252318,5.991305744705447,26.518483507145145,-10.580837509783912,2.6968249942624865,0.3288888888907325,541.8672534115027,-143.22316619544003,153.09183982842106,11.353567921077298,20.871423876011114
33.399,-80.44640469012965,201.0293078802257,-10.64425879485751,2.7129896982943467,-0.03650836043209575,0.00647372368106169,10.891088707546677,-18.093556689202554,0.26706489419282237,545.5320669846344,-79.04785339847768,37.347935469902765,6.008182132182125,26.70482519832792,-10.612388802358268,2.704866731444173,0.3288888888907325,545.098217424993,-144.06086208823643,154.24393410411756,11.405082935201992,20.965663417547226
33.5,-80.43954923956288,201.01818838822138,-10.676447487281854,2.7211938948130365,0.0029116178197562403,0.006613087138720606,10.912663278233742,-18.109906502471375,0.2686614007015029,548.8275888285974,-79.59110240274168,37.62554105763345,6.025399456779543,26.89493136812044,-10.644577494782611,2.7130709279628626,0.3288888888907325,548.3944534387556,-144.9154811303822,155.41930301164624,11.457638656682738,21.061806788205274
33.599000000000004,-80.43954923956288,201.01818838822138,-10.70799877985621,2.7292356319947233,0.06538074157432186,0.005885428051252074,10.933226361232887,-18.125727602285227,0.26178758140717384,552.0772342958744,-80.12855567509125,37.90828913800383,6.051434930808211,27.08273690173348,-10.676128787356967,2.721112665144549,0.3288888888907325,551.6447760983594,-145.71604841921632,156.35833236815319,11.503456113529497,21.17598741005391
33.7,-80.44633681437578,201.0293078802257,-10.740187472280551,2.737439828513413,0.08070988724765099,0.0042199697042953795,10.954204860050195,-18.141868320277137,0.25477489707659606,555.3925291665305,-80.67686658930643,38.19674930080592,6.077996374009175,27.274336486530615,-10.70831747978131,2.729316861663239,0.3288888888907325,554.9607618419955,-146.5327887845925,157.31633201469054,11.550199175565078,21.292474711131803
33.8,-80.44633681437578,201.0293078802257,-10.772057464779898,2.745562795363601,0.1023146816154838,0.011824551013500263,10.973766593671735,-18.157425639364497,0.2451135695091466,558.6896950293186,-81.21961455727352,38.496843865020594,6.107133307607109,27.466292111036957,-10.74018747228066,2.7374398285134274,0.3288888888907325,558.2585813446451,-147.33462239885927,158.2186594662286,11.59642846429651,21.41006733037861
33.899,-80.45977621253914,201.0293078802257,-10.803608757354255,2.7536045325452876,0.0376678154238706,0.008955023516055262,10.992044301347146,-18.172447739378427,0.23646374337163809,561.9683853933944,-81.76141213073316,38.786312776942644,6.1349827315279954,27.659418465425464,-10.771738764855018,2.745481565695114,0.3288888888907325,561.5378910749396,-148.10073423168137,159.10058029478446,11.639303443196008,21.528347118762635
33.998999999999995,-80.46663166310591,201.0293078802257,-10.835478749853602,2.7617274993954752,0.14831030201131296,0.00514170591489263,11.01050663233241,-18.187621577776333,0.22772654525294347,565.2801938419556,-82.30868240695497,39.078705617267914,6.163113462761211,27.854495591070403,-10.803608757354365,2.753604532545302,0.3288888888907325,564.8503251459439,-148.87458456786524,159.99140941453777,11.682611502690445,21.647821652483863
34.099999999999994,-80.48706226334374,201.0515468658145,-10.867667442277945,2.769931695914165,0.1280076276377305,0.0023685921511180453,11.027388967164647,-18.202333856666613,0.21573359275319234,568.6399701237419,-82.86961058279597,39.370860600149605,6.195258265342122,28.05293525233681,-10.835797449778708,2.761808729063992,0.3288888888907325,568.210693778369,-148.9587007036739,159.50774378791357,11.601574875896898,21.64360400955278
34.2,-80.51421256262556,201.07378585140327,-10.899537434777296,2.778054662764354,0.16122721088782344,0.0023543066129632375,11.042731863911593,-18.216424230719635,0.20094200888765582,571.976336967158,-83.42671702625626,39.65183447216018,6.230095387221573,28.251396757653797,-10.867667442278057,2.7699316959141806,0.3288888888907325,571.547617563622,-149.7168832179549,160.43737528308108,11.65278883073865,21.75966398959477
34.3,-80.56172558639136,201.09602483620196,-10.931407427276643,2.7861776296145417,0.18545645190746932,0.005291143578492372,11.05643701672023,-18.2299466841928,0.1842066099977511,575.3225157320661,-83.98677942698433,39.934880444730084,6.267336964543057,28.451280109063827,-10.899537434777406,2.778054662764369,0.3288888888907325,574.8943192335339,-150.47259065974544,161.34250419651758,11.704522566511761,21.88081089777674
34.400000000000006,-80.59566346051625,201.12938331458514,-10.963277419775993,2.7943005964647307,0.10571557138847085,-0.00397023529953166,11.068766505229327,-18.24299261237639,0.1748319837192228,578.6785019145615,-84.54579986640238,40.21128430879094,6.2960744675155835,28.64982791910971,-10.931407427276755,2.7861776296145577,0.3288888888907325,578.2507990956872,-151.22506901734724,162.21696413637076,11.745738647611436,22.0025099684883
34.498999999999995,-80.65614075218346,201.1734165052293,-10.994828712350346,2.802342333646416,0.11288928860120195,0.0052977743281009335,11.079102648068353,-18.25526047718115,0.15945593154151663,582.015443090386,-85.1062436451117,40.49137668575794,6.332453791195889,28.849902260408996,-10.962958719851107,2.794219366796243,0.3288888888907325,581.5881888707642,-151.97436782950095,163.0946912014649,11.794743473729513,22.124026446890863
34.599000000000004,-80.73066832376858,201.21789447640688,-11.026698704849698,2.810465300496605,0.25106448691810807,-0.0063820175068950834,11.089543196390604,-18.26765225981222,0.14392456570544684,585.3860907427348,-85.67234847209092,40.774298278653966,6.369200582792165,29.05199755465074,-10.99482871235046,2.802342333646432,0.3288888888907325,584.9592896536708,-152.73123531652504,163.98128419650965,11.844243298091218,22.246770364469228
34.7,-80.81286585487632,201.2739367193322,-11.05888739727404,2.818669497015295,0.08432175436733999,0.009151782802819062,11.09762231302514,-18.27931410199324,0.1370516338942769,588.8053161081208,-86.24896953934571,41.06248819829314,6.396418519615438,29.258854783828767,-11.027017404774803,2.8105465301651225,0.3288888888907325,588.3789219718544,-153.49942330212986,164.89988397007983,11.885448552194042,22.3726598808566
34.79900000000001,-80.90694164194437,201.35099480394703,-11.090438689848396,2.826711234196982,0.20478261953774168,0.009917046946396231,11.103203589052523,-18.289937642429493,0.12206230105900133,592.1714622609564,-86.81891477257456,41.34742567042957,6.435513005323631,29.46326515961084,-11.058568697349159,2.818588267346809,0.3288888888907325,591.7454188067309,-154.25684148894678,165.80602128996753,11.93824288314111,22.497343904728734
34.900000000000006,-81.0164930995955,201.44072910966798,-11.122627382272738,2.8349154307156716,0.2144590160387002,0.008775479961024535,11.108897618130964,-18.300775799844256,0.10677015341897343,595.6056113663744,-87.40037405091911,41.63811945513441,6.475397278621886,29.67180503793396,-11.090757389773502,2.8267924638654987,0.3288888888907325,595.1799256786753,-155.0295610532751,166.73046441429736,11.992103766228519,22.624546797769995
34.998999999999995,-81.13744768297515,201.52879549095627,-11.15417867484709,2.842957167897357,0.09999680994938231,0.010110894182983613,11.111311385532836,-18.310309980037495,0.09889399207747553,598.9912000410675,-87.97666185545188,41.92611160452979,6.508780639692346,29.878489554147,-11.122308682347857,2.8348342010471845,0.3288888888907325,598.5658000366892,-155.79262663310718,167.6441168230813,12.039156451696552,22.75107559964923
35.099999999999994,-81.28120851775151,201.62976048480252,-11.186367367271432,2.851161364416047,0.20296166642551056,-0.003507612980633311,11.113773915912525,-18.320036769931605,0.09085871636544154,602.4451844465627,-88.56459183785405,42.2199217771453,6.5428384120975664,30.089349515132035,-11.154497374772202,2.843038397565875,0.3288888888907325,602.0200758968856,-156.57110767919855,168.57622685628522,12.087159696466975,22.880160538940178
35.199,-81.43576159647169,201.73984346180788,-11.217918659845788,2.8592031015977337,0.03191919753583253,-0.0215348744157238,11.113923166272029,-18.328793758073584,0.08793660879217809,605.8502082383416,-89.14168768480067,42.50792995800529,6.570237097389045,30.296957479263707,-11.186048667346558,2.851080134747561,0.3288888888907325,605.4253367326482,-157.07752981777827,168.99314533813717,12.075109486093353,22.94818666385771
35.3,-81.62058725894009,201.88550881591334,-11.250107352270131,2.8674072981164236,0.15811807600930997,-0.0050415600426151844,11.11407543179031,-18.337727655066917,0.08495546874268724,609.32402038955,-89.73044203370578,42.80175648595335,6.598189291474289,30.50875954368086,-11.218237359770901,2.859284331266251,0.3288888888907325,608.8993907166079,-157.59418270663232,169.4184864155821,12.062815837126328,23.01758705392509
35.399,-81.82217823122441,202.03962498356287,-11.281658644844487,2.8754490352981104,0.07092176506159562,0.010382679710349726,11.112453979559724,-18.34587308718354,0.08418293650139963,612.74843797524,-90.30236265173822,43.089823378533794,6.620282901418377,30.718600028796285,-11.24978865234526,2.867326068447938,0.3288888888907325,612.3240056512072,-158.35406572860586,170.33884930532457,12.099413263374334,23.142933966982202
35.498999999999995,-82.01908577685437,202.19529788110427,-11.313528637343834,2.883572002148298,0.036942682375857905,0.01996098119622532,11.11081614902378,-18.35410079639225,0.08340260090413949,616.2074456375528,-90.88006024571033,43.38080003770594,6.642599679139677,30.930560114771442,-11.281658644844606,2.8754490352981255,0.3288888888907325,615.7832126558527,-159.1216243366599,171.26850878991283,12.136380360594538,23.26954701047422
35.599999999999994,-82.27219444206554,202.3970054789251,-11.345717329768176,2.891776198666988,0.09646793062392425,0.009183494438995098,11.108265506822454,-18.362102991036682,0.08319787520861464,619.7159090814836,-91.45653701533396,43.67227161845617,6.668201986853428,31.145600966332886,-11.31384733726895,2.8836532318168158,0.3288888888907325,619.2918554924541,-159.8989583368262,172.2118614880963,12.177927598857922,23.401969294013153
35.7,-82.5233347105505,202.57491736126528,-11.377587322267528,2.899899165517177,-0.002976636168839114,0.009943013718032793,11.105293244310609,-18.369873143328338,0.083186981710615,623.1994908134736,-92.02525879054176,43.96091777084085,6.683060852580416,31.35946578488674,-11.345717329768298,2.8917761986670043,0.3288888888907325,622.7756030635649,-160.67168616291409,173.1538378475034,12.209487486237391,23.53406907498968
35.8,-82.78126255383332,202.76394873639975,-11.409457314766875,2.9080221323673645,0.08898283939940427,0.02027943266044177,11.101913836999493,-18.377504876850438,0.08398000293333394,626.692876998814,-92.54215422256603,44.21942341431862,6.7009800284530066,31.5691852237031,-11.377587322267647,2.899899165517193,0.3288888888907325,626.2691440618921,-161.42980145995668,174.10022974386595,12.249041503380578,23.666636046408595
35.900000000000006,-83.06634069645824,202.9974580819218,-11.441327307266226,2.916145099217553,0.11730114352276991,0.011369262131066447,11.097557478499784,-18.38480586459136,0.08644588055300272,630.1960755337759,-93.14231245175,44.51894273622665,6.731062651598166,31.78694899119595,-11.409457314766996,2.9080221323673814,0.3288888888907325,629.772475698114,-162.21159262136715,175.0460418991094,12.292785486335312,23.800987185845724
35.998999999999995,-83.34184835855805,203.19560744100556,-11.472878599840579,2.9241868363992385,0.0481266425299435,-0.0048872123174226,11.09249407829633,-18.391780655449395,0.08631486570574036,633.6787509224621,-93.73524121251097,44.81497822192655,6.748005113453472,32.003873566955455,-11.441008607341349,2.916063869549067,0.3288888888907325,633.2552638396584,-162.98943940992496,175.98330920226277,12.323813750785087,23.934261275390675
36.099000000000004,-83.6335783245334,203.42878320290515,-11.50474859233993,2.9323098032494275,-0.05742600020600853,0.00556709015345496,11.087379532636273,-18.398825898740338,0.08618252747618241,637.1966048504286,-94.33415915267368,45.114003965057826,6.765118711287118,32.22298930004591,-11.472878599840701,2.924186836399256,0.3288888888907325,636.7732316594008,-163.77514323675115,176.93004385191284,12.355155432047491,24.068881567860352
36.199,-83.95232283825271,203.6733008458907,-11.536618584839276,2.940432770099615,-0.13085957436979967,-0.01536603620907634,11.083180175762553,-18.406179549446442,0.08367058141705731,640.729084602655,-94.91736115192201,45.39307546414674,6.768056700875195,32.43703381627936,-11.50474859234005,2.9323098032494443,0.3288888888907325,640.3058379396545,-164.53776817563715,177.77507377599846,12.365340641824666,24.198553870739957
36.3,-84.28131658994526,203.92037597358583,-11.56880727726362,2.9486369666183054,-0.023248956057141938,-0.0036300074537064606,11.079677322124846,-18.413855977944785,0.08343227769840945,644.3068205474302,-95.4989231018,45.667558934753934,6.781096484367121,32.65276571027501,-11.536937284764393,2.9405139997681347,0.3288888888907325,643.8837126065074,-164.5152638235768,177.10484681004783,12.227600637650042,24.176208371434488
36.399,-84.61058184471352,204.17356682156728,-11.600358569837976,2.9566787037999918,-0.17037938538290215,-0.012848146426294081,11.07775819524706,-18.421894124703826,0.08430496902707338,647.8282856245276,-96.05604026238896,45.928290056601895,6.782026370263824,32.86447722911241,-11.56848857733875,2.948555736949821,0.3288888888907325,647.4053382967395,-165.2704293903016,178.06517309915859,12.244500838155783,24.311927707575908
36.5,-84.9600740723676,204.43187263580748,-11.632547262262317,2.9648829003186816,-0.08963446655603219,-0.005258382546690777,11.07580029812932,-18.430094658266082,0.08519529048358905,651.4208914102529,-96.624412315111,46.194288473840714,6.782975041734197,33.08046574833035,-11.600677269763093,2.956759933468511,0.3288888888907325,650.9981079403094,-166.04085082706118,179.04489991936242,12.26174245685356,24.450388848487858
36.599999999999994,-85.3130279632423,204.7098599532972,-11.664417254761664,2.9730058671688697,-0.05352954322179953,-0.02006746836659795,11.07515104480828,-18.438652647505627,0.08653585736868126,654.9926122055243,-97.1097986479798,46.40350780412314,6.78395757161525,33.283382184183985,-11.632547262262442,2.9648829003186994,0.3288888888907325,654.5700114150309,-166.73742436882688,179.82680790691035,12.269231295983476,24.583370034488468
36.699,-85.68261141238001,204.98506739620566,-11.69596854733602,2.981047604350556,-0.09991085894619184,-0.00959083658642323,11.075379970045715,-18.447423806203577,0.08758905247849277,658.5431243274239,-97.63873276046064,46.663126232053706,6.79247525531982,33.496821887464975,-11.664098554836796,2.9729246375003853,0.3288888888907325,658.1207170101419,-167.46644231491067,180.65327110522148,12.285871794017826,24.718068439618417
36.79900000000001,-86.04920832861934,205.27406301036885,-11.727838539835373,2.989170571200745,0.03182449772525134,-0.009841944564163598,11.075611207659286,-18.456283562464137,0.08865288592274687,662.1295002081307,-98.17300964175443,46.92536706834723,6.801078976233526,33.71241754734477,-11.695968547336147,2.981047604350574,0.3288888888907325,661.707288318335,-168.20282407863172,181.48808241664688,12.302680377890907,24.854127434699183
36.900000000000006,-86.42619023441496,205.54382190260606,-11.760027232259715,2.997374767719435,-0.19602392668466012,-0.03958058647306414,11.076797079275275,-18.46556122044936,0.0974171446753425,665.7665976033319,-98.35780668177664,46.95814116206957,6.758707984171547,33.877915965818154,-11.72815723976049,2.989251800869264,0.3288888888907325,665.3445974335166,-168.74425853585436,181.8476622829905,12.256876271187476,24.969681724453462
37.0,-86.8198695741521,205.86628718969317,-11.791897224759062,3.0054977345696225,-0.038555516118700485,-0.0028450431111130053,11.07908828708715,-18.475135493814197,0.09950187943704228,669.3775396195912,-98.64491605015198,47.20972701847888,6.751021959757298,34.07056074430619,-11.760027232259839,2.9973747677194527,0.3288888888907325,668.9557682644614,-169.3657760785566,182.46537652285937,12.249120525710495,25.10156939620354
37.099000000000004,-87.22305151873584,206.16351122831875,-11.823448517333418,3.0135394717513093,0.03836373642138907,-0.005749787685038234,11.081361335030879,-18.484615668397748,0.09952657200754561,672.9669252243114,-98.92045655234317,47.47720134615275,6.747587525959324,34.24616842736505,-11.791578524834197,3.0054165049011394,0.3288888888907325,672.5453761812936,-170.02493312331686,183.16658927297001,12.253708381985605,25.237370794855707
37.199,-87.6437454062923,206.48575412632428,-11.855318509832765,3.021662438601497,-0.038856579626567266,0.004844700455530037,11.083657343054849,-18.494191602320527,0.09955151399795302,676.5925672492808,-99.1987802919302,47.747377434712185,6.744118400910867,34.42354992540429,-11.823448517333544,3.013539471751327,0.3288888888907325,676.171242763952,-170.69074832004435,183.87488498015242,12.258342580243292,25.37454392480738
37.3,-88.06199576692094,206.8114440661559,-11.887507202257106,3.029866635120187,-0.06778521514488903,-0.0078063766258941215,11.086489862989858,-18.504043243825407,0.1035112357979399,680.2693546456196,-99.42616882450503,48.00094824156891,6.72955019410174,34.5772574664577,-11.855637209757887,3.0217436682700174,0.3288888888907325,679.8482629433873,-170.49832484688804,182.94403562319718,12.089848023910324,25.324429915016065
37.400000000000006,-88.50318813052938,207.15614833883183,-11.919377194756459,3.037989601970376,-0.030438530173337308,-0.0012426984628025385,11.08976098382949,-18.513960990180532,0.1053681606147795,683.9196144108066,-99.6456758391625,48.2677794052528,6.719382778495068,34.715425295260935,-11.887507202257236,3.029866635120206,0.3288888888907325,683.4987597266274,-171.21927556188632,184.17063264227394,12.122839448067404,25.460207700329025
37.5,-88.92401776960862,207.48973311871336,-11.951247187255806,3.0461125688205635,-0.1115632220288218,-0.00011213234309414037,11.0937020180761,-18.524113956575743,0.11261740802315423,687.5796985335922,-99.87840514948054,48.54443829810505,6.702484018276411,34.84080869214356,-11.919377194756585,3.0379896019703945,0.3288888888907325,687.1590915844383,-171.88244598726894,185.10857576928714,12.127460978181189,25.60316957135204
37.599999999999994,-89.37878528284291,207.83443739138932,-11.983117179755153,3.054235535670751,-0.016862897726046877,-0.008915116203479359,11.098248913245616,-18.534479676925777,0.11376842750836605,691.2496093753343,-99.98457476808785,48.78642320316784,6.685530122224181,34.93123338128176,-11.951247187255934,3.046112568820583,0.3288888888907325,690.8292595941803,-172.47209156655765,185.83340178109975,12.123200394918976,25.742215030009177
37.7,-89.83355279606211,208.17914166406524,-12.014987172254504,3.06235850252094,-0.06958259797102397,-0.0035567481342048003,11.10320350609169,-18.544988935371176,0.11865709167429143,694.9293530578185,-100.05767817489748,49.04367987829874,6.6620481002296605,34.99751310314795,-11.983117179755283,3.0542355356707716,0.3288888888907325,694.509265918173,-173.05006254929518,186.51203176789366,12.110122254155106,25.880325735529354
37.79900000000001,-90.29721203223772,208.55342378651557,-12.04653846482886,3.070400239702627,-0.004339524761905737,-0.0008408891528267097,11.108306049303808,-18.555462628567266,0.1164765419021955,698.5869129030748,-100.14859302429463,49.31854060161186,6.650946081458252,35.03198974827638,-12.014668472329639,3.062277272852458,0.3288888888907325,698.1670856178578,-173.64101965031495,187.19887369742918,12.109730356381812,26.01881744781912
37.900000000000006,-90.77702569659527,208.87966970221154,-12.078727157253203,3.0786044362213167,0.06616966827965612,-0.0015030802681985245,11.113511674196978,-18.56614791152489,0.1142519406195523,702.3183628462148,-100.24134453731597,49.59895406681007,6.63961977947934,35.06716289128619,-12.046857164753982,3.0704814693711477,0.3288888888907325,701.8988006650106,-174.243915278628,187.89959122150074,12.109330541481786,26.16010697247837
37.998999999999995,-91.2541243309342,209.26496012291545,-12.110278449827554,3.086646173403002,0.21830915870719164,-0.0005169517068896422,11.116222728023681,-18.575777696701817,0.10304887855993988,705.995465680444,-100.19550317962039,49.83964892494333,6.634638053175586,35.0422157510906,-12.078408457328337,3.0785232065528336,0.3288888888907325,705.5761088821969,-174.7951735349663,188.47998587982963,12.115486570907837,26.296244626950312
38.099999999999994,-91.74764889644038,209.63579520274968,-12.142467142251897,3.094850369921692,0.1750248793978583,-0.017897270684366196,11.11898855061456,-18.585602022993427,0.0916194920142736,709.7468534204156,-100.14873573389055,50.08520630546315,6.629555685936403,35.016764628264795,-12.110597149752682,3.086727403071524,0.3288888888907325,709.327706154276,-175.35756832173573,189.07210568277128,12.121766964564719,26.435132537068167
38.199,-92.23146722986853,210.02108562424365,-12.174018434826253,3.102892107103379,0.2226939318927516,-0.010354905004093102,11.118383329749538,-18.594056998892384,0.08789887963045785,713.4435277444866,-99.74701015761083,50.32927529212326,6.594645054031849,34.869536221991254,-12.142148442327038,3.0947691402532103,0.3288888888907325,713.0245124677633,-175.61573596530502,189.22922651527128,12.07175818671914,26.517506636819842
38.3,-92.74542239550703,210.40304019687227,-12.206207127250595,3.1110963036220687,0.015071571524505861,-0.006167352783692538,11.117765882200372,-18.60268278238526,0.08410310336010055,717.2148823579324,-99.33716891312346,50.57827496538256,6.559029156836296,34.71933350447987,-12.174337134751381,3.1029733367719,0.3288888888907325,716.7960017370785,-175.8791191168252,189.38952150600358,12.020739130533249,26.601544859798818
38.400000000000006,-93.25449050736526,210.79222244072577,-12.238077119749947,3.1192192704722577,-0.07197785268052603,-0.014317510994978844,11.11687214482826,-18.6111232575705,0.08579546700917436,720.9636851607759,-98.64500743213961,50.811037922325504,6.48623619196474,34.4411339253159,-12.20620712725073,3.1110963036220887,0.3288888888907325,720.5449285234324,-176.23694980411017,190.19166194751108,11.991463469968727,26.74490356395953
38.5,-93.76355861913302,211.18140468299916,-12.269947112249294,3.1273422373224453,-0.08098749133559116,-0.023321498288959356,11.11669846308296,-18.619821568935365,0.08837691567914617,724.7223321210439,-97.50051332523815,50.98603883844483,6.381559604749287,34.03502203160441,-12.238077119750079,3.119219270472277,0.3288888888907325,724.3037122155215,-176.25830992457267,190.4578222510659,11.904631595978474,26.86927636955391
38.599999999999994,-94.28620188063216,211.5705869260626,-12.301817104748642,3.135465204172633,-0.12545431879559515,-0.025981409372718714,11.117495790686432,-18.628870016345914,0.09365314894341484,728.4908231033496,-95.96429959126115,51.169206387990585,6.248405752061093,33.509647451357,-12.269947112249428,3.1273422373224657,0.3288888888907325,728.0723580426547,-175.90222045819192,190.4627867538876,11.767786456014477,26.977302130163316
38.7,-94.81563271685377,211.97088866271056,-12.333687097247992,3.143588171022822,-0.09764851924113482,-0.03498013661404284,11.119341639020384,-18.63829921873205,0.09869584052636177,732.2691626163186,-93.98253598632256,51.30603518488438,6.088090051943572,32.87414874790121,-12.301817104748777,3.1354652041726543,0.3288888888907325,731.8508722336795,-174.8951872436348,190.09113540494698,11.55989219937888,27.054806925907055
38.8,-95.35185112793351,212.39342938336713,-12.36555708974734,3.1517111378730096,-0.16573182586902066,-0.016257567053692547,11.122423703344746,-18.64818229044498,0.10877437452502856,736.0573537848411,-92.48356749084313,51.62991739821783,5.960930426377164,32.31777762537518,-12.333687097248125,3.143588171022843,0.3288888888907325,735.6392620220593,-173.52808369420546,190.0142662450696,11.33330941955862,27.116759144272432
38.900000000000006,-95.90164468871446,212.79373111922496,-12.397427082246692,3.159834104723198,-0.19332816397549962,-0.03034541585851696,11.12718980340345,-18.65868755429866,0.12235796556565846,739.8553924412839,-91.03785820142843,51.77701504752524,5.826485638023122,31.83720805824739,-12.365557089747474,3.1517111378730314,0.3288888888907325,739.4375328559214,-171.35581791063723,189.36094137774919,11.012636714108355,27.100293922716194
39.0,-96.45822582427817,213.1829133630785,-12.429297074746037,3.1679570715733862,0.03177181199565429,-0.049442795284831115,11.132713368906943,-18.669473457159935,0.12000979215858974,743.6633045887606,-89.34425104655126,51.756754949002534,5.691559594526539,31.452344314550427,-12.397427082246823,3.15983410472322,0.3288888888907325,743.2456909298334,-168.04401176281442,187.99754968285703,10.591835531632835,26.97047755610355
39.099000000000004,-97.01596084759716,213.60122867617295,-12.460848367320395,3.1759988087550726,-0.028703055236805775,-0.04966096317992609,11.138306673936084,-18.680200071580447,0.12224517116223302,747.4478400050565,-87.89873642768691,51.87923547047744,5.574199516413701,31.26581503410162,-12.42897837482118,3.1678758419049062,0.3288888888907325,747.0304689503594,-164.52141069951136,186.84695702846378,10.175900409209651,26.764912048097095
39.2,-97.59175081990465,214.0279948051817,-12.493037059744736,3.1842030052737624,-0.03154995194510833,-0.03213221737747862,11.144012975026419,-18.69114338528218,0.12452570933766695,751.3088306822874,-86.42401949329003,52.004190345921536,5.454468527631923,31.075517485360926,-12.461167067245523,3.176080038423596,0.3288888888907325,750.891707132916,-160.92764597836398,185.6731200780222,9.751562557040566,26.55519370154507
39.29900000000001,-98.15620554223747,214.45731841731987,-12.524588352319093,3.192244742455449,0.13549687767276652,-0.016867888298828536,11.149159867590638,-18.7016958869655,0.12273092501273457,755.11300981866,-85.58281983469227,52.10336486593204,5.38019083316699,31.039010481808464,-12.492718359819879,3.1841217756052824,0.3288888888907325,754.6961144270357,-158.99836054652008,185.1110058822442,9.51103437797082,26.391442352920848
39.400000000000006,-98.72527581551606,214.9175542184625,-12.556777044743434,3.200448938974139,-0.08504727198135362,-0.03787850157930103,11.154410737782417,-18.712461570501002,0.12089988241861171,758.9940410587974,-84.72462624359764,52.204542911599326,5.304412579217921,31.00176596303272,-12.524907052244222,3.1923259721239723,0.3288888888907325,758.5773784341676,-157.0300996514067,184.53753584412726,9.265647043768363,26.22438289624362
39.498999999999995,-99.30988963507129,215.34687783060068,-12.588328337317787,3.2084906761558245,-0.16926910084517105,-0.050270082255107366,11.161168502865333,-18.723652229851737,0.1303019757458766,762.8177939987904,-83.80159478288122,52.178587537269806,5.205621328424755,31.034659625462737,-12.556458344818575,3.2003677093056577,0.3288888888907325,762.4013904804318,-155.46900521302297,183.82701755648392,9.037667275337771,26.182329422823486
39.599000000000004,-99.90040864483527,215.7915463430953,-12.62019832981714,3.2166136430060135,-0.07210285327456255,-0.045009867142156254,11.167994528201612,-18.73495592616561,0.13979903971281266,766.6801707058547,-82.86923977205637,52.152369987442,5.105832186209417,31.067885547109228,-12.588328337317927,3.2084906761558467,0.3288888888907325,766.2640289110025,-153.89214214394818,183.10932231644003,8.807384680963391,26.13985116684355
39.7,-100.49683284458189,216.24077384519427,-12.65238702224148,3.2248178395247034,-0.09273730333580232,-0.007096190855147625,11.176224395288063,-18.74690904889684,0.14762066498045415,770.5962036843208,-82.4538247183047,52.56254948565733,5.062603718899764,31.18026013864227,-12.62051702974227,3.216694872674537,0.3288888888907325,770.1803522156963,-153.03355226106186,183.15642364685328,8.676132211677078,26.18590423106493
39.79900000000001,-101.08144666413713,216.69211405304955,-12.683938314815837,3.23285957670639,-0.04921886049626456,-0.011497799816428738,11.18509252625271,-18.758951054823594,0.15034495849800744,774.4494480042056,-82.13574781603539,52.68975187574614,5.018949920497391,31.290307425846837,-12.652068322316628,3.224736609856224,0.3288888888907325,774.0338953370907,-152.4874172468647,183.16925894666372,8.574632749094256,26.244736169597225
39.899,-101.68540507201921,217.1480132528794,-12.715808307315184,3.2409825435565778,-0.015603605591955533,-0.018917368840723706,11.194050234297807,-18.77111469717385,0.15309677013189937,778.3416139838868,-81.81445801576339,52.818239138462104,4.974855174636413,31.401466301811038,-12.683938314815975,3.2328595767064114,0.3288888888907325,777.9263631364787,-151.93576571737267,183.18222389596718,8.472108039414646,26.30416237013489
40.0,-102.2955401729295,217.60847144310367,-12.747996999739525,3.2491867400752676,0.16854295978762293,-0.01116922434694489,11.202524802575049,-18.783164494570066,0.13875803209949544,782.2877925766824,-81.67639997870845,53.024827884358466,4.966358635877294,31.539789590171488,-12.716127007240319,3.2410637732251018,0.3288888888907325,781.8728299585899,-151.59713517272058,183.28420469768824,8.410165958249902,26.382490852037204
40.099000000000004,-102.90703278888678,218.08182824588596,-12.779548292313882,3.2572284772569544,0.0009093318575766896,0.028568708349696992,11.210211647206203,-18.794720605911007,0.14166483966758714,786.1706748418236,-81.9520106357972,53.426999081188434,4.972483385628677,31.696028944424324,-12.747678299814675,3.249105510406788,0.3288888888907325,785.7559773653954,-151.7469198291942,183.96042890384854,8.395068944376389,26.491679115234223
40.2,-103.54445394057156,218.5647478123608,-12.811736984738225,3.2654326737756443,-0.0708982819644224,0.03614301955524622,11.218053781627884,-18.80651017404671,0.14463037062089265,790.1319991729271,-82.23318918494832,53.83729494866141,4.9787318676982695,31.855424649268116,-12.779866992239018,3.257309706925478,0.3288888888907325,789.7175721945605,-151.89973043832387,184.65031420508276,8.379666940323615,26.60307320193017
40.3,-104.17569839913769,219.02064701140057,-12.843606977237572,3.273555640625832,-0.4333123082424242,-0.0020436818256059017,11.228321117478918,-18.819194735750997,0.18243981800416476,794.0689700977556,-82.5673781702537,54.157072394108766,4.9443843846823565,32.023886683272366,-12.811736984738367,3.2654326737756665,0.3288888888907325,793.6548637346639,-152.15124183744632,185.2853333971939,8.329468515816783,26.71589121117298
40.400000000000006,-104.81373043266743,219.5099046888235,-12.875476969736923,3.281678607476021,-0.25244815872971926,-0.038533675716170855,11.241767566807603,-18.833163789146678,0.20548619040316538,798.015816666971,-82.69595864253434,54.23060753423507,4.905025663194932,32.152056237150255,-12.843606977237716,3.273555640625855,0.3288888888907325,797.6020998132943,-152.15410828894562,185.17004774583083,8.239742933125653,26.457210145187297
40.5,-105.44497489127879,220.01028185904087,-12.90734696223627,3.2898015743262086,-0.3691154485577353,-0.05568944123112891,11.258091784279726,-18.848306277644923,0.24003266373934132,801.9725508320711,-82.5099320833403,53.85849154960035,4.815068833526133,32.22507284891808,-12.875476969737065,3.2816786074760436,0.3288888888907325,801.5592855243987,-151.9986804139,184.76607317481697,8.111473414543102,26.519116096794978
40.599000000000004,-106.07662660445845,220.50565525675017,-12.938898254810626,3.2978433115078953,-0.2754883972263109,-0.06893138374335286,11.27803215882844,-18.86486352270377,0.2574811444971535,805.9043808121193,-82.47247623013592,54.040833337869365,4.779858478964733,32.36302511809686,-12.907028262311423,3.2897203446577303,0.3288888888907325,805.4916431618458,-151.75533765557955,184.42241245181134,7.999513134890392,26.596322473207483
40.699,-106.72137833697192,221.00603242696752,-12.970768247309973,3.305966278358083,-0.09468539840756972,-0.004008416087657153,11.298173951301887,-18.881588012662206,0.27510587253534596,809.8759262465111,-82.43464203498,54.2250169623835,4.744292464256251,32.50237084454005,-12.93889825481077,3.297843311507918,0.3288888888907325,809.4637215835091,-151.50953688959933,184.07528040837133,7.8864219433220075,26.67430871200799
40.8,-107.39300886576686,221.51141336811276,-13.002956939734316,3.314170474876773,-0.25115840854285276,0.020756867793096753,11.320988643788596,-18.899522001905403,0.2995767888257987,813.9022421857129,-82.5570141853912,54.415388522694506,4.7116486078441,32.67292846480393,-12.971086947235113,3.3060475080266083,0.3288888888907325,813.4906263793506,-151.62321524745215,184.74910707126622,7.846085620865052,26.79249587092398
40.902,-108.08466274039708,222.01134575779668,-13.035464332083652,3.322455901063965,-0.2412367436724202,0.026510993141650684,11.346377911541314,-18.91862309049563,0.3234323919123514,817.9786951301287,-82.88768269508853,54.858891369845885,4.703600149610288,32.847902705069316,-13.00359433958445,3.314332934213801,0.3288888888907325,817.5677231558126,-151.85897484580315,185.50451778735518,7.819791498113859,26.913360135197948
41.0,-108.71658595645654,222.5344066941363,-13.066696924733014,3.3304164085771495,-0.44787553911077244,0.012336133872220902,11.37386798883668,-18.938270223486917,0.36621273602776133,821.9049882540348,-83.19443369266922,55.17958972760921,4.670015023704175,33.02221150337486,-13.034826932233814,3.322293441726985,0.3288888888907325,821.4947006410656,-152.1112574307955,186.14484109380857,7.772148881343754,27.0302197848232
41.099000000000004,-109.37511646594784,223.0738132824897,-13.09824821730737,3.3384581457588363,-0.3550684476525708,0.01647035685867743,11.406753043096504,-18.96024667179949,0.39781087574835805,825.8859347313903,-83.53644010419393,55.48421541103143,4.64897381318598,33.19977056844968,-13.06637822480817,3.3303351789086713,0.3288888888907325,825.4764459713215,-152.4128285151832,186.7739773136007,7.739460135474878,27.149075520687013
41.2,-110.04016304716127,223.6129974817615,-13.130436909731712,3.346662342277526,-0.2964521462648534,0.006166579278083662,11.440302441886827,-18.982667088764835,0.43004736172593505,829.9473043699044,-83.88535573615346,55.794995148664185,4.627507527707822,33.38091668534418,-13.098566917232514,3.338539375427361,0.3288888888907325,829.5386306011783,-152.72049194471006,187.41582335601487,7.706111010901582,27.270332382527872
41.3,-110.7053453798975,224.146733129572,-13.162306902231059,3.3547853091277138,-0.2553354327730472,0.0030089484971984556,11.477570574016513,-19.006543863130165,0.4551789787624694,833.9833222529963,-84.22978523393665,56.07756475728745,4.612116868823739,33.561742126771186,-13.130436909731863,3.3466623422775497,0.3288888888907325,833.5755369319752,-153.02987231385146,187.97913593657876,7.677103730600149,27.388969290676677
41.400000000000006,-111.39089043717799,224.66934928537816,-13.194176894730411,3.3629082759779028,-0.4868462959523934,-0.004177548615944727,11.51826803005339,-19.03183858684211,0.5032084923865783,838.0292307484423,-84.55848343181329,56.333851223517975,4.5718339474593215,33.73941787388374,-13.162306902231212,3.354785309127738,0.3288888888907325,837.6224034495685,-153.70810304519946,190.1384718554141,7.732157357693426,27.34880367719815
41.498999999999995,-112.04270124748965,225.21976417277526,-13.225728187304764,3.370950013159588,-0.23911927316186748,-0.02826839272201789,11.562793464015018,-19.058634788782292,0.5230342594957434,842.0493426050589,-84.77071814358342,56.40668819204223,4.546615848467281,33.88722108633394,-13.193858194805564,3.3628270463094236,0.3288888888907325,841.6435456996905,-153.83448638253083,189.76415118661657,7.647791849787178,27.370988407292813
41.599000000000004,-112.7078157045323,225.77573880538444,-13.257598179804114,3.3790729800097767,-0.16621064249366313,-0.018193625385474033,11.607768649834851,-19.085701659428945,0.5430602868787423,846.1100616521472,-84.98509664032098,56.4802608875213,4.521143021202589,34.03651726052609,-13.225728187304917,3.3709500131596126,0.3288888888907325,845.7053055482995,-153.9621463192292,189.3860495009624,7.562574165033376,27.393397225570258
41.7,-113.39322501022971,226.33727318478586,-13.289786872228456,3.387277176528467,-0.18046699491945475,0.013363676044567029,11.655751650320452,-19.114107412352183,0.5611142407806633,850.2264443833654,-85.31558552474512,56.76997256046912,4.513878926845185,34.221741861571026,-13.25791687972926,3.379154209678303,0.3288888888907325,849.8227821957591,-154.24864909311876,189.79566626500397,7.530977016772814,27.50756066879545
41.8,-114.0448321932949,226.89324781818513,-13.321656864727803,3.3954001433786547,-0.297375552228997,0.0054364783601275725,11.705472320470228,-19.143156732433955,0.5905880697881537,854.3120489056355,-85.64704548292698,57.04721010524779,4.494697597216175,34.40574284490309,-13.289786872228609,3.3872771765284915,0.3288888888907325,853.9095087524796,-154.5572671322625,190.28773850308139,7.4945696557623425,27.62465376171335
41.899,-114.71680210094952,227.44366270558226,-13.353208157302161,3.403441880560341,-0.2818307613631248,-0.020569013340121255,11.75868948350714,-19.173584790933898,0.6195846942877643,858.3715271793164,-85.8525522777166,57.101577072418195,4.460132097392931,34.56160685363463,-13.321338164802965,3.395318913710178,0.3288888888907325,857.9701694350613,-154.7818454510848,190.41084573208084,7.434262665231646,27.72530719310411
42.0,-115.3684092840147,228.00519708419358,-13.385396849726503,3.4116460770790313,-0.3081205990476852,-0.029119489574618088,11.812981740746816,-19.20462755768636,0.6491671091813052,862.5130151150917,-86.06221072492619,57.157042362157696,4.424868304643967,34.720619630219325,-13.353526857227308,3.4035231102288677,0.3288888888907325,862.1128636667858,-155.01096070564085,190.53643997580755,7.372737351659928,27.827994027149227
42.102000000000004,-116.03318436231821,228.59453019597606,-13.417904242075839,3.4199315032662234,-0.24199970793506365,-0.017842226017713445,11.871807774335247,-19.237660255115365,0.6736992225219218,866.7107974270133,-86.26780594468346,57.23909946746738,4.396277238067787,34.895995625773686,-13.386034249576646,3.41180853641606,0.3288888888907325,866.3119331019277,-155.21810285023076,190.6170116042325,7.311894233897529,27.935583407521232
42.2,-116.67841122506347,229.1393853365809,-13.4491368347252,3.4278920107794075,-0.3156865279857264,-0.012329799246001432,11.930835525109762,-19.270462846178713,0.7044659985930354,870.7536958736026,-86.49138965710566,57.38293188561459,4.36628063929672,35.0723712309138,-13.41726684222601,3.4197690439292443,0.3288888888907325,870.3561099020203,-155.43371322392946,190.8102510201405,7.253237860704283,28.046049012012986
42.3,-117.30965568365973,229.7287184483634,-13.481006827224547,3.4360149776295956,-0.3806183395606373,-0.058897969113545626,11.994241242781397,-19.3052884744396,0.7423461755784333,874.8889266480188,-86.36618216123155,56.862002669807495,4.280372678446548,35.176172554478995,-13.449136834725358,3.427892010779433,0.3288888888907325,874.4926999303186,-155.4502704042943,190.16478224560527,7.1299056161973144,28.124323402880496
42.399,-117.94130739683942,230.30114992989743,-13.512558119798904,3.444056714811282,-0.15647605225616218,-0.020762846390783907,12.060378699849942,-19.341219424985752,0.7623779253593715,878.9975856338273,-86.53125551919062,56.99562339213965,4.257840442120651,35.34591040926499,-13.480688127299715,3.435933747961119,0.3288888888907325,878.6027540782621,-155.72483225600263,190.8924924122057,7.111381512680546,28.181344443202235
42.5,-118.58571975059867,230.88514568475932,-13.544746812223247,3.452260911329972,-0.2488027364416481,-0.021166137962851845,12.127852267162293,-19.377876253320714,0.7828143569540652,883.1892478314701,-86.69966369246198,57.131943523003756,4.234853009101303,35.51907731162241,-13.512876819724058,3.444137944479809,0.3288888888907325,882.7958396231336,-156.00494081178587,191.634903794293,7.092483184850308,28.23951742373249
42.599000000000004,-119.1904926674818,231.45757716787358,-13.576298104797603,3.4603026485116586,-0.13111506000300222,-0.009876891246581466,12.197730521920509,-19.415444714682188,0.8067765213244831,887.3175953360667,-86.84643362148886,57.21913704939724,4.205509402709969,35.688912620947335,-13.544428112298416,3.452179681661496,0.3288888888907325,886.9256292217733,-156.0497979388726,191.22251593482494,6.998802020795468,28.327554711725682
42.699,-119.82153349881654,232.05780738099855,-13.60816809729695,3.4684256153618462,-0.35334144017973623,-0.0266735892168129,12.26831461763587,-19.453392655451353,0.8309807277592463,891.4876433205073,-86.99468607505133,57.307211318481556,4.175869396254079,35.86046343844725,-13.576298104797763,3.4603026485116835,0.3288888888907325,891.0971338668636,-156.09510816825312,190.8059625414229,6.904174582356245,28.416481265254152
42.8,-120.45230282719606,232.66426451053087,-13.640356789721292,3.476629811880536,-0.13456905713136874,-0.025543158670347326,12.342975936420945,-19.49320658523459,0.8445367915106865,895.7144922643516,-87.18071609387806,57.50422545717863,4.163452370853463,36.04862066955319,-13.608486797222106,3.4685068450303738,0.3288888888907325,895.3254982312201,-156.18302871629106,190.7759415929561,6.842046276674555,28.529378075217387
42.899,-121.05707574406416,233.2477042911086,-13.671908082295648,3.484671549062223,-0.05188178758228257,-0.027896031928093964,12.417250836571347,-19.53271875428237,0.8498419447904644,899.8725492824361,-87.32022458275381,57.61788478540455,4.153317350096824,36.226067705293005,-13.640038089796462,3.47654858221206,0.3288888888907325,899.4850351395709,-156.2688023602059,190.84702038064577,6.794275466559062,28.643435616315273
43.0,-121.68085387035413,233.8540502261001,-13.704096774719991,3.4928757455809127,-0.05550140985312353,-0.012280212234301487,12.493026239755087,-19.573029148967482,0.8552542728839748,904.1146074524008,-87.46255142494017,57.73384026167544,4.142977581446112,36.40709952963362,-13.672226782220806,3.48475277873075,0.3288888888907325,903.728603096575,-156.3563088050079,190.9195351034403,6.7455395895725525,28.759797350162604
43.099000000000004,-122.27890708816318,234.44849830414137,-13.735648067294347,3.5009174827625995,-0.17430285233151666,0.00683660517516102,12.569068579199568,-19.613336830916822,0.8659915021887961,908.2924771470191,-87.72765975539753,58.018993945788516,4.1421085819342185,36.59476666679076,-13.703778074795162,3.4927945159124363,0.3288888888907325,907.9079510838627,-156.5724741676407,191.453567958849,6.725762365722211,28.88210353377567
43.2,-122.86867946457441,235.05495543367368,-13.767836759718689,3.5091216792812894,-0.04436310513575583,0.008507001643346012,12.64664712752171,-19.654458809471194,0.8769456452169464,912.5547482496094,-87.99812380970249,58.30990831038871,4.141222026876631,36.786225059244,-13.735966767219505,3.500998712431126,0.3288888888907325,912.1717303436207,-156.7930065072964,191.9983893567912,6.7055856019961055,29.006880549380913
43.29900000000001,-123.45329328412967,235.67142010743203,-13.799388052293045,3.517163416462976,-0.3225799608292964,-0.01374893877478344,12.72571814679033,-19.696127909774024,0.8964201292688355,916.7524066769995,-88.03959588363998,58.12812943356162,4.09977306851823,36.93871917230904,-13.767518059793861,3.5090404496128125,0.3288888888907325,916.3708893080208,-156.87962456995342,191.85608603091282,6.635729460700978,29.10939452182338
43.400000000000006,-124.05650505879468,236.3003386124248,-13.831576744717388,3.525367612981666,-0.07410360882504552,-0.05202181494076791,12.806386560387603,-19.738638810082968,0.9162880372409639,921.0348662847408,-88.08190577725296,57.94267825619257,4.057486757465723,37.0942939745269,-13.799706752218205,3.5172446461315023,0.3288888888907325,920.654879766651,-156.9679924924621,191.71090789037027,6.564462084228175,29.213979483608114
43.498999999999995,-124.64111887834994,236.88377839221246,-13.86312803729174,3.5334093501633514,-0.08967872143758243,-0.04454417932356918,12.88750448588294,-19.781237843747803,0.925630549341163,925.252347423093,-88.0832119912778,57.81955797971703,4.025324652122563,37.26820593887891,-13.831258044792559,3.525286383313188,0.3288888888907325,924.8738611414329,-157.02025386818832,191.79264335510913,6.511831382659885,29.216168454445203
43.599999999999994,-125.23754307820207,237.50124381999836,-13.89531672971608,3.5416135466820413,-0.09921449396284782,-0.040782775527267924,12.970261157347888,-19.824697463951324,0.9351617990595489,929.5550302006044,-88.08454459346478,57.69395042492884,3.9925128072775187,37.44563127624815,-13.863446737216904,3.5334905798318785,0.3288888888907325,929.1780744631806,-157.0735710292828,191.87603004135786,6.458137434595261,29.218401646915368
43.7,-125.82127451303252,238.11281591657956,-13.927186722215433,3.5497365135322303,0.0033842471278789504,0.012397365691461795,13.053062284715876,-19.868126579186267,0.9348237374429791,933.8301559277932,-88.59367675871438,58.59823197956413,4.040567844466499,37.59692021821707,-13.895316729716253,3.541613546682067,0.3288888888907325,933.4547007793627,-157.09814464766316,191.73152143831797,6.403417676728065,29.32716244061387
43.79900000000001,-126.39244893445456,238.71827229208432,-13.95873801478979,3.5577782507139166,-0.05385882162030925,0.03428198474430417,13.136032412490364,-19.911582393480145,0.9516591324685895,938.0774217907945,-88.89258737385065,58.90718769878261,4.036411329458976,37.78609635853497,-13.92686802229061,3.5496552838637534,0.3288888888907325,937.7034399767235,-157.3604030868629,192.48359779126753,6.393774135259894,29.448198819794325
43.900000000000006,-126.98194980795587,239.3359601097419,-13.99092670721413,3.565982447232607,-0.28436862147324865,0.017779756589974202,13.220678704462312,-19.955916103012285,0.9688346364846154,942.4104910045634,-89.19753658727248,59.22238494768225,4.032170844451301,37.9790942390613,-13.959056714714952,3.5578594803824433,0.3288888888907325,942.0380122891822,-157.6279596763495,193.25086760589278,6.383935774772163,29.571680378352156
44.0,-127.55210609314544,239.94753220632307,-14.022796699713478,3.5741054140827946,-0.08048495377492904,-0.03405185195556709,13.306922165004162,-20.00093289067728,0.9768732253503012,946.7156680286171,-89.3139030045871,59.15091672282775,4.011391078482,38.140584872079266,-13.990926707214301,3.565982447232632,0.3288888888907325,946.3446919699043,-157.76966572115109,193.32666337279102,6.342232652974395,29.68319354870554
44.099999999999994,-128.1290499532233,240.55910430290427,-14.054666692212825,3.5822283809329822,-0.09945436974687168,-0.04077087232219905,13.393982159290198,-20.046327467583083,0.9868083170660065,951.0308691653349,-89.33805081652983,58.93589780142865,3.977680744257388,38.29450672326048,-14.02279669971365,3.5741054140828203,0.3288888888907325,950.6613888590806,-157.8067982784513,192.9983215583976,6.271660732111907,29.77734834848448
44.199,-128.68006527742293,241.15355238094548,-14.086217984787183,3.590270118114669,-0.46993653375703764,-0.057396882804340306,13.483990862590119,-20.093062278847267,1.0149955050101678,955.3177649138695,-89.32761631286938,58.77871657107562,3.9249367205101815,38.46126092985142,-14.054347992288006,3.5821471512645067,0.3288888888907325,954.9498032445055,-157.70345449515577,192.3888344580402,6.1594129150187245,29.866291128825264
44.3,-129.2557873739615,241.77112900327222,-14.118406677211524,3.598474314633359,-0.103594810441126,-0.04134836833390487,13.575817923532458,-20.14074122771275,1.0437521310946136,959.6912646169197,-89.31697101115518,58.61835996233163,3.8711271609297007,38.631383908292676,-14.08653668471235,3.5903513477831965,0.3288888888907325,959.3248522639791,-157.59802295866234,191.76703448696853,6.044897465256998,29.957030733011308
44.399,-129.80680269822142,242.37658537877698,-14.14995796978588,3.606516051815045,0.050539964549175934,-0.0228662383577214,13.6678121741097,-20.188419611301626,1.054278792031176,963.9980325609251,-89.48522566770448,58.84843295480328,3.8609591933926786,38.81928232715196,-14.118087977286706,3.598393084964883,0.3288888888907325,963.6331272210919,-157.60653245054772,191.93383068292897,5.995243039759032,30.07622617344227
44.5,-130.36894964510398,243.00539268922896,-14.182146662210222,3.6147202483337355,-0.26017223675258094,0.0006634847066759042,13.761664894395569,-20.237061194558965,1.0650181127846383,968.3918059179405,-89.65687940822448,59.08315388651676,3.8505858123700607,39.01097667366496,-14.15027666971105,3.6065972814835727,0.3288888888907325,968.0284380359238,-157.6152138513601,192.10399649900984,5.944585494554039,30.197829602568795
44.599999999999994,-130.932318355556,243.6169647850201,-14.21401665470957,3.622843215183923,-0.21445862658362141,-0.0043694695682443135,13.857210786949032,-20.286488759053984,1.0864560706777573,972.7571163236328,-89.76470921462128,59.11891495647927,3.819453363741458,39.19925614502337,-14.182146662210398,3.6147202483337613,0.3288888888907325,972.3952812756423,-158.75901686919894,197.1784682330646,6.193505956270282,29.92915464430251
44.7,-131.47532434144867,244.23965637439562,-14.245886647208922,3.630966182034112,0.026900157221319776,-0.01575754475961907,13.953601012851585,-20.336324435934134,1.0837669779028536,977.1324712520761,-89.92192255323053,59.25392618017424,3.81910366621457,39.393210313885305,-14.214016654709747,3.62284321518395,0.3288888888907325,976.7721582911304,-158.30761183239093,194.0598072849058,5.974486481456394,29.573547466308835
44.8,-132.03190547698225,244.8623479645613,-14.277756639708269,3.6390891488843,-0.20122011688067368,-0.013727904477832703,14.050775114605859,-20.386541196761254,1.103882962114725,981.5178729324236,-90.07166593575198,59.36307563544601,3.7946561028958463,39.58650276341883,-14.245886647209096,3.6309661820341383,0.3288888888907325,981.1590699415744,-158.31206991986264,193.7514198069421,5.8951284002111635,29.66490177128532
44.900000000000006,-132.56812388812227,245.4739200595623,-14.30962663220762,3.6472121157344883,-0.15580437737904354,-0.024008755886815343,14.149554147603487,-20.43753953058946,1.1194594664636706,985.9133083652661,-90.14833623414316,59.33328529794196,3.7652233826326253,39.771342364258985,-14.277756639708445,3.639089148884327,0.3288888888907325,985.5560173261705,-158.33243921210214,193.62879969940818,5.830155774143349,29.768248852243268
45.0,-133.10434229918695,246.09661164972795,-14.341496624706966,3.6553350825846764,0.013151610150979903,0.010245010570136437,14.248974095163087,-20.48885087204196,1.1181445892544908,990.318796688538,-90.48520827460042,59.790822116374066,3.7864896915224944,39.96135046102969,-14.309626632207793,3.6472121157345154,0.3288888888907325,989.96300182844,-158.47775908581954,194.0468383669703,5.816849951007094,29.887804497553187
45.099999999999994,-133.63377313551405,246.70818374630915,-14.373366617206313,3.663458049434864,-0.09593822264621732,-0.01405283217750809,14.348765860814954,-20.540344125220983,1.1277362728507,994.7343425978198,-90.61743130320195,59.814484996524634,3.769059208124802,40.147399104570525,-14.341496624707142,3.655335082584704,0.3288888888907325,994.380023347298,-158.58840520795806,194.24922341780933,5.780569003007991,30.00256001334867
45.2,-134.16999154657873,247.3308753356847,-14.405236609705666,3.6715810162850526,-0.014213329550152684,0.010292684185643431,14.44905222183988,-20.59207967879759,1.1291573154121517,999.159944176155,-90.92735162077265,60.167980322916975,3.782545272004506,40.34353929426873,-14.373366617206491,3.6634580494348925,0.3288888888907325,998.8070820357211,-158.76563677499064,194.68699828444744,5.768865879736562,30.123174293478783
45.29900000000001,-134.70084777352582,247.94734000944305,-14.436787902280022,3.6796227534667394,-0.10482194152183637,-0.014875501972368282,14.549314078180348,-20.643777609813753,1.1392675468636162,1003.5561683280157,-91.13407303055584,60.30671056323415,3.7737579256636904,40.53699761570967,-14.404917909780849,3.6714997866165793,0.3288888888907325,1003.2047252413507,-158.9100897086959,194.93113704332958,5.738049238256312,30.237814552091184
45.399,-135.22362678653263,248.55902329977496,-14.46865789477937,3.687745720316927,-0.09949210793750105,-0.005491405674179493,14.650588680544447,-20.69599774215331,1.1494799018650945,1007.9967987844401,-91.34288253538733,60.44684211911007,3.7648818182487265,40.73241006160959,-14.436787902280196,3.679622753466767,0.3288888888907325,1007.6467890854206,-159.05600176294362,195.1777418502812,5.706921317569193,30.3536127931138
45.5,-135.75828405539428,249.19895010302136,-14.50084658720371,3.695949916835617,-0.03675535369749118,-0.00331465541351522,14.753953530112529,-20.7492695719185,1.153191560373787,1012.497065449646,-91.5900038320544,60.64737289925338,3.7668985851098484,40.934951400026534,-14.46897659470454,3.6878269499854572,0.3288888888907325,1012.1484801778806,-159.22227185134156,195.47614312665877,5.686303757033217,30.472503776076632
45.599999999999994,-136.28092731687832,249.82164169239695,-14.532716579703058,3.7040728836858046,0.015033249689483566,-0.008406003904391422,14.856394065918153,-20.802062721526507,1.1516884790846325,1016.9628884867258,-91.81637440830215,60.805351652250486,3.771585903842755,41.133126114461014,-14.500846587203888,3.6959499168356458,0.3288888888907325,1016.6156878606822,-160.4388003332119,200.41232374286636,5.956735415047053,30.205443875021256
45.7,-136.80357057830207,250.43321378897812,-14.56458657220241,3.7121958505359935,0.2876579249948271,0.00793162797218831,14.957477366511911,-20.854186198697526,1.1229272480012134,1021.4387976688595,-92.10571057580218,61.072612863215674,3.810953466860884,41.336247537020924,-14.532716579703237,3.7040728836858343,0.3288888888907325,1021.0929333355838,-160.40532406979833,199.22062072203892,5.888155317872988,29.955964415242832
45.8,-137.33300141455385,251.06702487035798,-14.596456564701755,3.720318817386181,0.19603504625749557,0.015068322327933294,15.056391353120777,-20.905240541601334,1.1033273481595742,1025.924803645559,-92.41682285266351,61.36458976682299,3.8428756670146442,41.535679732981606,-14.564586572202586,3.712195850536023,0.3288888888907325,1025.580216059517,-160.55828362687694,199.1463665995223,5.874500826320842,29.99663682806636
45.900000000000006,-137.85564467603788,251.68971645973357,-14.628326557201108,3.72844178423637,0.19717615949192124,0.05739636056766822,15.153540426643001,-20.95542859803626,1.0836145704683287,1030.4208966067408,-92.62319574358446,61.43233429562302,3.858928331252607,41.631786270076326,-14.596456564701935,3.7203188173862114,0.3288888888907325,1030.0775344734993,-160.808813115769,199.66221441115948,5.895589216783354,30.11322451534241
46.0,-138.39186308711763,252.31240804910917,-14.660196549700455,3.736564751086558,0.3917075735182865,0.06766010465008558,15.248039600498645,-21.004333074232278,1.0444601457984841,1034.9270839751205,-92.30592293579886,60.46949563412937,3.8246994231985485,41.33862948253733,-14.628326557201284,3.7284417842364,0.3288888888907325,1034.584884457226,-161.0045975123767,200.0532997915324,5.927607989418747,30.21655818275526
46.099000000000004,-138.91599961506594,252.93988102033103,-14.691747842274811,3.7446064882682446,0.3707612937860871,0.09353634031950331,15.336651724505138,-21.050405571776643,1.010560096620406,1039.403195830563,-90.02648576000865,55.533935182314174,3.5390800870668713,36.476778028081,-14.65987784977564,3.7364835214180863,0.3288888888907325,1039.0620443106507,-160.84760469206648,198.971072753504,5.865621178721799,30.148627906419193
46.2,-139.45751233449437,253.580030212659,-14.723936534699153,3.7528106847869345,0.31526527006396227,0.05963681943309494,15.427053992430952,-21.097408826847158,0.9759751979639847,1043.9697341881354,-87.700999348344,50.49866643854335,3.2476906633365883,31.516707352322754,-14.692066542199983,3.744687717936776,0.3288888888907325,1043.6296518378815,-160.68744029962878,197.86698254299023,5.802382109222896,30.07932530126826
46.3,-140.000518320387,254.213841294829,-14.7558065271985,3.760933651637122,0.318241090390516,0.08257824420803542,15.512129846109831,-21.14190330423225,0.9442002858004342,1048.5061670085483,-86.36507198415495,47.419669995737834,3.0888335551690713,24.802154715349857,-14.723936534699332,3.7528106847869647,0.3288888888907325,1048.1670529599255,-159.99618517607735,193.95901882877683,5.577451643988041,29.503924861942167
46.399,-140.5448139455728,254.83030596858737,-14.787357819772858,3.768975388818809,0.31390423545667534,0.06565041628760343,15.591657326315545,-21.183859125869468,0.9041143515025584,1053.0121703445911,-85.95683108794492,46.252337744774316,3.0549349440104017,22.929929196435964,-14.755487827273688,3.760852421968651,0.3288888888907325,1052.6739272509537,-159.0891609284067,188.13627034978643,5.266411613850358,27.783235929948866
46.5,-141.10689301671658,255.45922447358015,-14.8195465121972,3.7771795853374988,0.4961767454053075,0.05525711140071284,15.672791422282986,-21.226662539862993,0.8632186003501819,1057.6092040510587,-85.54034290090237,45.061423024094424,3.020351512424286,21.01988093976632,-14.787676519698032,3.769056618487341,0.3288888888907325,1057.271849507457,-158.16381295856095,182.19589058839247,4.949087946740211,26.027785605390125
46.599000000000004,-141.678067438214,256.0756891465484,-14.851097804771555,3.7852213225191855,0.3789195036341128,0.058883765442585057,15.744150829137405,-21.265081417115272,0.8124626548389682,1062.13511213075,-85.32788852772093,44.32436010701342,3.0209984151200024,20.53685659484676,-14.819227812272388,3.777098355669027,0.3288888888907325,1061.7984940552485,-157.80608691565953,178.769046218392,4.795514878188075,24.2747834512516
46.7,-142.26078073682706,256.7157271443356,-14.883286497195897,3.7934255190378754,0.6481658194988669,0.0623328142252828,15.816951840170697,-21.304276433301936,0.7606813366911667,1066.7524526968996,-85.11114214700046,43.572407029991425,3.0216583865570463,20.044074182353093,-14.851416504696731,3.785302552187717,0.3288888888907325,1066.4165859676414,-157.44113408401265,175.27297266919973,4.6388393234025695,22.48636711218107
46.79900000000001,-142.83867485732324,257.32118351984036,-14.914837789770253,3.8014672562195617,0.6880474509230048,0.06167065317082581,15.878200589054693,-21.338446639879088,0.7246401985728959,1071.2982495839294,-84.99669017496961,43.04170352839633,3.0185937981139683,19.84410310946806,-14.882967797271087,3.7933442893694034,0.3288888888907325,1070.9629698545268,-157.3270771743189,173.61253287203607,4.562330128083279,21.764581894346875
46.900000000000006,-143.45539390586026,257.92775184470355,-14.947026482194596,3.809671452738252,0.05105857578030484,0.011755199460237037,15.940686686400989,-21.373307153659816,0.6878709566542577,1075.935880751505,-84.87992604188764,42.50027874394076,3.0154672987932525,19.6400922169288,-14.91515648969543,3.8015484858880932,0.3288888888907325,1075.601199880541,-157.21071608463134,171.91854883654597,4.4842752924545115,21.028215156960506
46.998999999999995,-144.0534471235939,258.53320822020834,-14.978577774768947,3.8177131899199375,0.8336851118390576,-0.0312969024620763,15.992912748119558,-21.403764565185444,0.616142870555002,1080.5014756226349,-85.11535405894172,42.60608392403853,3.089848288453876,19.644586296062123,-14.946707782269783,3.8095902230697787,0.3288888888907325,1080.16725495907,-157.43113032773266,172.20155491399655,4.548634218330711,21.00733693945021
47.099000000000004,-144.6709806811169,259.133772019326,-15.0104477672683,3.825836156770126,0.6302127597691216,0.0241856117915131,16.045666345815093,-21.434529627332548,0.5436902583335179,1085.113187613676,-85.35316013677416,42.71295784332922,3.164980601242399,19.649125769934166,-14.978577774769136,3.8177131899199677,0.3288888888907325,1084.7794318060703,-157.65377097732997,172.48741963869415,4.613643234367288,20.986247830853944
47.2,-145.31518940762965,259.7402291488583,-15.042636459692641,3.8340403532888163,0.06980801551119631,0.030967701907131728,16.09229387780732,-21.46286298186018,0.5367272082813479,1089.786197753665,-85.60596588488774,42.838188837637894,3.1744567573085303,19.666304421182172,-15.010766467193479,3.825917386438658,0.3288888888907325,1089.4528212671833,-157.88399505007445,172.80042158916257,4.613252605830752,21.002988584811547
47.29900000000001,-145.94684112073398,260.3346772276896,-15.074187752266997,3.8420820904705026,0.3883407452265569,0.11023806643473853,16.136285159815543,-21.48993048141665,0.5445141348273635,1094.381527439708,-85.82795158144164,42.9414463139315,3.164370368682336,19.68554542182773,-15.042317759767835,3.8339591236203443,0.3288888888907325,1094.0484967514171,-158.07616787158557,173.02253960195787,4.591035949683097,21.02528436821962
47.400000000000006,-146.59804104941168,260.9300148636375,-15.10637644469134,3.850286286989193,-0.5390321573178971,-0.04682068430891906,16.181165154591604,-21.517544799145973,0.5524583730207732,1099.0696920689031,-86.05442183752187,43.04678979984719,3.1540802146293507,19.705175129557038,-15.074506452192178,3.842163320139034,0.3288888888907325,1098.7370141646252,-158.27222297231913,173.24914484733492,4.568370472199128,21.04803057149452
47.498999999999995,-147.2565715587824,261.5134546442152,-15.137927737265692,3.8583280241708784,0.3139757131155224,0.021489009175046148,16.225002052146927,-21.544538862609645,0.5186013594088593,1103.6846712701895,-86.31660045122554,43.19185100882341,3.191991699296055,19.72775642953843,-15.106057744766531,3.8502050573207196,0.3288888888907325,1103.3523313847659,-158.50783864141815,173.61027745530885,4.598373555892409,21.081012369802387
47.599000000000004,-147.93519328975734,262.11379605346116,-15.169797729765044,3.866450991021067,0.3801583260862549,-0.021279257573679697,16.269281746647263,-21.571805593381036,0.4844023557604549,1108.346266423005,-86.58142733375455,43.33837748253679,3.230286128252329,19.750565823459038,-15.137927737265883,3.8583280241709086,0.3288888888907325,1108.0142679707674,-158.74583426677074,173.97505786740382,4.628679701037144,21.114327317588117
47.699,-148.62067047119353,262.67021546660385,-15.201667722264391,3.8745739578712546,0.006342665253336738,-0.12930884216525884,16.31016880787171,-21.597722473630586,0.4837785350704299,1113.0227775991577,-86.81921648972505,43.50545235541552,3.2305757279565297,19.774073622509498,-15.169797729765232,3.866450991021097,0.3288888888907325,1112.6910751454652,-158.92253104848862,174.2620438862664,4.612202244406924,21.148705914654478
47.79900000000001,-149.30621552838358,263.22619009921294,-15.233537714763742,3.8826969247214436,-0.010900274950659157,-0.06335387643221199,16.351076806793202,-21.62364835651439,0.48485278245042684,1117.7092524047926,-87.00955282771142,43.659113729107084,3.2224427686448003,19.79643990518836,-15.201667722264581,3.8745739578712857,0.3288888888907325,1117.3778439926139,-159.32016877500396,174.97976224968437,4.636303751886392,21.173007633940482
47.900000000000006,-149.99182846141792,263.78772447861445,-15.265726407188085,3.8909011212401334,0.3789411413587645,0.01705065628219931,16.390663681983863,-21.649103899336854,0.4471504906560559,1122.4527390723213,-87.24274468616898,43.82782231222673,3.259632535937068,19.820074965705487,-15.233856414688924,3.882778154389976,0.3288888888907325,1122.1216037352947,-159.49921878066655,175.2245580003204,4.655202120585328,21.20608215762258
48.0,-150.6909486682489,264.3436991112236,-15.297596399687432,3.8990240880903215,-0.09630894647051116,0.04478053600304923,16.428538952363343,-21.673751129446504,0.45662495866780434,1127.1593029205792,-87.51283434335056,43.99959655487882,3.2542535781915602,19.844506064867957,-15.265726407188273,3.8909011212401645,0.3288888888907325,1126.8284195427336,-159.729973186699,175.58524234148007,4.638352852496291,21.242670928824346
48.099000000000004,-151.3965170712742,264.8831057011572,-15.329147692261788,3.907065825272008,-0.18796860377524371,0.01956367460368582,16.468690482585238,-21.69925087395793,0.48540724518071554,1131.8335740030789,-87.7865460520011,44.16416303230277,3.22998421213118,19.869029003236996,-15.29727769976263,3.898942858421851,0.3288888888907325,1131.502970185867,-159.9704135921421,175.96868300493895,4.605448852926709,21.27969120620303
48.2,-152.11633938131322,265.4334093932234,-15.36133638468613,3.9152700217906977,-0.40021265581419047,0.030770764673569664,16.509653154831817,-21.72526576482312,0.5147709920272195,1136.6022748044165,-88.06578729011932,44.332054085028204,3.2052245558473595,19.89404735450238,-15.329466392186973,3.9071470549405407,0.3288888888907325,1136.2719561955282,-160.21571137951332,176.3598699444273,4.571880126093097,21.317459367973196
48.29900000000001,-152.82190778423302,265.9728159823669,-15.392887677260486,3.9233117589723845,-0.22188923961019316,-0.0014137471409857438,16.55557739660786,-21.753134050902666,0.548127969315115,1141.2962064183541,-88.33595415528171,44.493330202655656,3.176514636372178,19.918831714782524,-15.361017684761329,3.915188792122227,0.3288888888907325,1140.9662335946014,-160.45393478599203,176.73606564098344,4.53449063035272,21.354767993162756
48.400000000000006,-153.5349425195797,266.51200018163877,-15.425076369684827,3.9315159554910744,-0.4578628700351313,-0.01733557456904131,16.602429400844024,-21.781565332660584,0.5821588249320573,1146.0849649335833,-88.61157893691203,44.657864423669515,3.147224718523762,19.944116769209742,-15.393206377185672,3.923392988640917,0.3288888888907325,1145.7553448805243,-160.696970786541,177.1198612506013,4.496345791264055,21.392830327952105
48.5,-154.24085030122356,267.03461633586477,-15.456946362184175,3.939638922341262,-0.6000669269268673,-0.04217608670541433,16.65529401290469,-21.812373273000638,0.6416042837506007,1150.841180601302,-88.86924001782215,44.815925179407486,3.0915457121421857,19.96904115983861,-15.425076369685021,3.9315159554911054,0.3288888888907325,1150.5119841434598,-160.91268895775357,177.43550994326628,4.426830732764275,21.42906538629808
48.599999999999994,-154.94675808297293,267.5683519844653,-15.488816354683522,3.9477618891914497,-0.6904173319134173,-0.029206109946908365,16.71411887646047,-21.84565285739686,0.7101481976979293,1155.607296926357,-89.11097131822919,44.96678848408208,3.0254998504040036,19.993670827876997,-15.45694636218437,3.939638922341294,0.3288888888907325,1155.2785923160973,-161.1050441148167,177.70441586016887,4.343960208625712,21.46400223140469
48.7,-155.66624101427283,268.0687291546826,-15.520686347182874,3.9558848560416386,-0.7884415579632083,-0.02333381511304741,16.779764772599584,-21.88178709172991,0.7885522695992613,1160.3833098370842,-89.33869848917462,45.11118320279721,2.9486183413282117,20.018057164982668,-15.488816354683719,3.9477618891914825,0.3288888888907325,1160.0551741604318,-161.2777194711815,177.9421332308125,4.248398646902077,21.498164168010998
48.79900000000001,-156.3449306208961,268.58611914810905,-15.55223763975723,3.9639265932233254,-0.9734490487456788,-0.06234395404053833,16.857568209568324,-21.92299551977394,0.8931152043306521,1165.126191981622,-89.57955705878877,45.25611838646764,2.8485539816563894,20.042982829526498,-15.520367647258077,3.9558036263731693,0.3288888888907325,1164.798761448385,-161.48956828799234,178.28809100217066,4.139906176170899,21.53593956507403
48.899,-157.0439150763399,269.0977270064517,-15.584107632256577,3.972049560073513,-1.1453214834805414,-0.10805736517877061,16.93615753983977,-21.96462019456589,0.9987343303219458,1169.9169820266093,-89.82284854324747,45.40251756189231,2.7474788708767806,20.068160268459657,-15.552237639757424,3.963926593223357,0.3288888888907325,1169.5902637594484,-161.70355699184165,178.6375432964718,4.030317821896993,21.574096531804365
49.0,-157.70930103629252,269.61433863493215,-15.616296324680919,3.980253756592203,-0.7538744250744549,-0.10815713290451229,17.029222482632807,-22.01261222731703,1.0747550769285414,1174.7706757545998,-89.96824720377806,45.52378182788937,2.6631819042580944,20.090445350928217,-15.584426332181767,3.9721307897420473,0.3288888888907325,1174.4448220647353,-162.01194462654703,179.18652548642098,3.9765387814403073,21.595939392304057
49.099000000000004,-158.36111184669457,270.13172862914865,-15.647847617255275,3.9882954937738897,-0.9609974459988397,-0.13042427958145258,17.132473277910435,-22.065167212270662,1.1688364630840504,1179.5430628978654,-90.18074251963668,45.66091842460338,2.573702550891893,20.115305783868664,-15.615977624756123,3.9801725269237336,0.3288888888907325,1179.2181732780164,-162.19837235014924,179.51574240104364,3.878795419751551,21.633851103962762
49.2,-159.00572782770035,270.64845145296,-15.680036309679618,3.9964996902925796,-0.9410012966529775,-0.09868104741891337,17.23780994784013,-22.118783914092038,1.2648184833033025,1184.411861902611,-90.3975306701591,45.80082545761463,2.482415533821328,20.140668447777603,-15.648166317180467,3.9883767234424234,0.3288888888907325,1184.0879558289394,-162.38856629038986,179.85161016242634,3.77907744469535,21.672528708786285
49.29900000000001,-159.61050074447797,271.17684974464,-15.711587602253974,4.004541427474266,-1.1204735055875046,-0.10189623756772627,17.35917373540223,-22.180051743297668,1.3686743204974883,1189.2039521565025,-90.58940110246417,45.92697399143263,2.382344267581133,20.165580928996388,-15.679717609754823,3.9964184606241098,0.3288888888907325,1188.8811746554672,-162.55732824909555,180.15246226202433,3.6699729170966298,21.710338588567005
49.400000000000006,-160.22749129603042,271.6936837629921,-15.743776294678316,4.012745623992956,-0.9791795744478444,-0.13957977133965643,17.48298931665245,-22.242557306426644,1.4746282554127639,1194.0928523145128,-90.78514770511883,46.05567098047928,2.2802513595987164,20.190996692664033,-15.711906302179166,4.004622657142799,0.3288888888907325,1193.7712261855613,-162.72949954030034,180.45939218181618,3.558664257627234,21.748912304302888
49.5,-160.81122273087598,272.238538903597,-15.775646287177663,4.020868590843143,-1.2960430746079004,-0.0763315608372578,17.62041365805085,-22.311932691372814,1.604227389431767,1198.9482995938552,-90.96183894601089,46.17460018449285,2.153813962374669,20.216231671081193,-15.743776294678515,4.012745623992987,0.3288888888907325,1198.6279352764886,-162.88476818653047,180.74159417577354,3.422470835332349,21.78708220337397
49.599000000000004,-161.37567745329923,272.76693719527697,-15.80719757975202,4.02891032802483,-1.494944896314746,-0.15935411525221532,17.77549246549593,-22.39065792983045,1.7596957188693838,1203.769933948316,-91.11214921646622,46.28070933368714,1.9999832678538507,20.241018686354163,-15.775327587252873,4.020787361174674,0.3288888888907325,1203.4509666621402,-163.0149343554981,180.98796604927873,3.2576869185364927,21.824312485588994
49.699,-161.92567464125133,273.3226894380145,-15.839067572251366,4.037033294875018,-1.6461183604635434,-0.16799206355260268,17.93213772554145,-22.470178372716944,1.9167344354730222,1208.6402716800942,-91.2639777724817,46.38789029246924,1.8445987279338472,20.266056075518776,-15.80719757975222,4.028910328024861,0.3288888888907325,1208.3227155365355,-163.14641533425328,181.23682652756676,3.0912385177326134,21.861918831260734
49.8,-162.45381583827023,273.884223818206,-15.87125626467571,4.045237491393708,-1.0698481448746968,-0.14550474161722976,18.109285079058626,-22.56093266156259,2.024674072149597,1213.5744459856855,-91.39339823881443,46.48503385771409,1.736966236315496,20.291184676331323,-15.839386272176563,4.037114524543552,0.3288888888907325,1213.2584344360903,-163.25618096497485,181.4582917800622,2.9713368508175657,21.899456439257154
49.900000000000006,-162.95609637530046,274.46243743640395,-15.90312625717506,4.053360458243897,-1.280295550417988,-0.16733716686712882,18.294881493069017,-22.65672415944497,2.152495033343127,1218.4698533940052,-91.5072106402444,46.5751620230009,1.6084196578962568,20.315950417863633,-15.871256264675912,4.045237491393739,0.3288888888907325,1218.1554067614916,-163.3496081092441,181.65882403026208,2.8297083130139713,21.93620990429377
49.998999999999995,-163.43991470872862,275.0348689195182,-15.934677549749413,4.061402195425583,-0.6670122036509811,-0.2034701782961297,18.4891042283702,-22.757900559123076,2.2047359383760643,1223.3312796347689,-91.60222676077036,46.65850681062245,1.5536024061003895,20.34030054816098,-15.902807557250267,4.053279228575425,0.3288888888907325,1223.018362602081,-163.4204517439661,181.83349654616953,2.7605172061441086,21.971840068806202
50.099999999999994,-163.90635685066158,275.6299841663844,-15.966866242173754,4.069606391944272,-0.394425608834473,-0.16519500450633826,18.687250655293646,-22.861120926471457,2.258032215227854,1228.2909165066596,-91.69916239888272,46.743535331327266,1.4976777350763175,20.365142600282514,-15.934996249674612,4.061483425094116,0.3288888888907325,1227.9795599748038,-163.49272656322796,182.0116977997721,2.689928299135454,22.008190034621922
50.2,-164.32718648975592,276.2415562637557,-15.998736234673107,4.077729358794461,-0.813628251336161,-0.09885017460173061,18.890722198917835,-22.968034957700684,2.3389761558031448,1233.2166101612488,-91.78615125356082,46.82524475789725,1.4140896871231234,20.390047675176934,-15.96686624217396,4.069606391944304,0.3288888888907325,1232.9067296234948,-163.55385269162068,182.18200119648782,2.591679738452611,22.044514971881796
50.29900000000001,-164.7236487351751,276.86902923418745,-16.030287527247463,4.085771095976148,-1.2798789258331498,-0.22573222993014322,19.105264911754688,-23.082807141007834,2.4482801038581616,1238.1079984458775,-91.85117996356676,46.8963130340487,1.300017658731119,20.414191639691563,-15.998417534748315,4.077648129125991,0.3288888888907325,1237.7995488556837,-163.58971247849036,182.3185604250808,2.461000864448153,22.079043489822933
50.400000000000006,-165.1077575945077,277.50917842651546,-16.062476219671805,4.093975292494838,-0.9472791653090702,-0.2442912174144688,19.324141820810457,-23.19989795428078,2.559792212479941,1243.0982026554477,-91.91752238488597,46.96881703295069,1.1836411449170592,20.43882336106507,-16.030606227172655,4.085852325644681,0.3288888888907325,1242.791212920846,-163.62629670549882,182.45787842596857,2.3276820131910854,22.11426955358106
50.5,-165.44713633569629,278.16522849348416,-16.09434621217115,4.102098259345025,-0.42082855521121726,-0.26183635060478416,19.5509235662308,-23.323046124244794,2.6014092833934783,1248.054118768847,-91.9638914901697,47.03220997030236,1.1346332296693273,20.462523974058595,-16.062476219672,4.093975292494869,0.3288888888907325,1247.7484889357056,-163.63741579555713,182.56357600284906,2.259493693465316,22.147224854429105
50.599000000000004,-165.74280309504866,278.83673465535014,-16.12589750474551,4.110139996526712,-0.6314075986065477,-0.2009145288039521,19.782114152622732,-23.45024147095444,2.666389674379448,1252.9754245004078,-92.00057286498583,47.09060168568699,1.0619294563834378,20.48593681657785,-16.094027512246353,4.1020170296765555,0.3288888888907325,1252.6710060866674,-163.63726057216152,182.6576623177298,2.1672227749689483,22.17945101791441
50.7,-166.0308677705569,279.488448121006,-16.15808619716985,4.118344193045402,-0.7019516765608127,-0.17254936825969536,20.01797525591146,-23.58000642062791,2.7326828005368484,1257.996150549778,-92.03799527767703,47.15017303168545,0.987756920000867,20.50982264581467,-16.126216204670694,4.110221226195246,0.3288888888907325,1257.6929680285573,-163.63710221293977,182.7536493662445,2.073087797513063,22.212328215005478
50.8,-166.28879561386984,280.17785666635785,-16.189956189669196,4.12646715989559,-0.8112704690598496,-0.1899448496357226,20.259877092210637,-23.715465325680356,2.8122319508634597,1262.9822042024737,-92.11220098957034,47.20952047103543,0.9127075010826251,20.53889217825839,-16.15808619717004,4.118344193045433,0.3288888888907325,1262.680108637347,-163.62748678192207,182.83732570991054,1.965265810785101,22.244576419671706
50.900000000000006,-166.49242285860407,280.8783847045042,-16.22182618216855,4.1345901267457785,-0.5454860858619395,-0.19516107429821844,20.50689623074129,-23.855377304404602,2.8655616767518826,1267.9782569521842,-92.18232549303316,47.264061571097464,0.864109601446856,20.56876001313842,-16.189956189669385,4.126467159895621,0.3288888888907325,1267.6771405568122,-163.6120134517203,182.91321421516156,1.883319877783329,22.276519917105034
50.998999999999995,-166.67385473363586,281.56089916383365,-16.2533774747429,4.142631863927464,-0.8023198174115349,-0.15845721775180155,20.758787042810056,-24.000635476319296,2.9299176579699546,1272.9391400103204,-92.24594926128316,47.31083839507521,0.8049461851349258,20.59963928396214,-16.221507482243737,4.134508897077307,0.3288888888907325,1272.638813621238,-163.59130806726685,182.9804639773833,1.790785572504087,22.30805934074565
51.099999999999994,-166.82501402497977,282.2794407800066,-16.285566167167243,4.150836060446154,-0.5359650096492421,-0.223482327818503,21.01576655815296,-24.148828156757535,2.9955737600207217,1278.0002429282176,-92.31085835818469,47.358560205395946,0.7445875482914356,20.63114237843887,-16.25369617466808,4.142713093595998,0.3288888888907325,1277.7007225051475,-163.5701843922184,183.04907232066,1.6963818873202048,22.340235924459815
51.2,-166.94040279698024,282.96884932456845,-16.317436159666595,4.158959027296343,-1.0183643885711513,-0.2269023336612186,21.278168875582576,-24.303286726918245,3.0941504303156973,1283.0261003853843,-92.36884610125054,47.39753661360037,0.6532818180419093,20.66375029169442,-16.285566167167424,4.150836060446186,0.3288888888907325,1282.7271823293027,-163.53937595296705,183.09890605193016,1.566825753059635,22.37082890340692
51.29900000000001,-167.02775888497413,283.67338038040515,-16.34898745224095,4.167000764478029,-0.9427182765227315,-0.23835747870601345,21.546597551531207,-24.465119891220493,3.1468929539716934,1288.01629494837,-92.41945357191685,47.42658419675593,0.6078156296313192,20.69753964281837,-16.317117459741777,4.158877797627873,0.3288888888907325,1287.7177567401359,-163.49927631838025,183.12703165048913,1.482173448707984,22.399253255085934
51.400000000000006,-167.0829418682776,284.4032638792442,-16.381176144665293,4.1752049609967194,-0.1712072164977494,-0.2805256732285461,21.820449029014142,-24.630222412377325,3.200700983156091,1293.107301522729,-92.47108341572793,47.456218599773216,0.5614309323639516,20.732011607096336,-16.34930615216612,4.167081994146563,0.3288888888907325,1292.809150836036,-163.45836659016544,183.15572544295836,1.3958109967936776,22.428251836091796
51.5,-167.10330459274655,285.1260309021892,-16.41304613716464,4.183327927846907,-1.184044589593735,-0.22888162790701957,22.09791846722721,-24.80080250962252,3.3134910960880912,1298.1625262860543,-92.5174088047836,47.478175411783795,0.4658956786990998,20.767832878656275,-16.381176144665464,4.1752049609967505,0.3288888888907325,1297.8645066894683,-163.4116221033357,183.16876601431025,1.2475699898506387,22.4553383345455
51.599999999999994,-167.0965170179336,285.8599174179286,-16.444916129663987,4.191450894697095,-0.4613943945434477,-0.23535237301621872,22.380705124244017,-24.97766019949577,3.3572220111895503,1303.2274035685514,-92.55967225946692,47.493533595194236,0.43391308008280416,20.804814542433036,-16.41304613716481,4.183327927846938,0.3288888888907325,1302.9293390917703,-163.36315318702012,183.17292193027393,1.170254705663286,22.481658700879624
51.7,-167.0422164193398,286.5826844408736,-16.47678612216334,4.199573861547284,-0.5533931022853311,-0.18906436283897193,22.666662932856024,-25.15847847511749,3.4093574556623745,1308.3018717904633,-92.5996371624062,47.50491244760949,0.3979972184211437,20.843072750188554,-16.444916129664154,4.191450894697126,0.3288888888907325,1308.0035663586011,-163.31674975877476,183.17735340976475,1.085652306847723,22.50825972156058
51.79900000000001,-166.9481406322718,287.3092320916373,-16.508337414737696,4.20761559872897,-0.7606249203549327,-0.17337283372294035,22.955879446912906,-25.3455624603083,3.4759565321886914,1313.33979329854,-92.6347128929486,47.50790148747572,0.36231531384698734,20.88292873226419,-16.47646742223851,4.1994926318788135,0.3288888888907325,1313.0409450062507,-163.30554121711805,183.22590254881393,1.0003930454304144,22.543968581456255
51.902,-166.81496841420778,288.05423809938105,-16.541163507012023,4.215982254584664,-0.6783414943460282,-0.17862413513369158,23.256781476689234,-25.54020539439569,3.545246480493843,1318.5812671907806,-92.67120582472502,47.51101129662947,0.3251917161587271,20.924395057049946,-16.509293514512837,4.207859287734507,0.3288888888907325,1318.2818541043098,-163.2938798050914,183.27641326923884,0.9116889653699906,22.581120223569936
52.0,-166.6553246543704,288.7843439880918,-16.572396099661383,4.223942762097848,-0.5192768959735348,-0.15078277621962646,23.54858995965465,-25.733016477488675,3.5925931267499975,1323.5821399749068,-92.70194664539972,47.506234375237575,0.31131028949059814,20.96590844034338,-16.540526107162197,4.2158197952476915,0.3288888888907325,1323.2818685913576,-163.31370923898996,183.36087032867627,0.8588828876246686,22.62603252427173
52.099000000000004,-166.4604533811451,289.5108916396456,-16.60394739223574,4.231984499279535,-0.27043114134908597,-0.14180406341195104,23.846622536770795,-25.93254118553659,3.627458283674356,1328.6477887295257,-92.73081360631738,47.49686282784555,0.3079273496334595,21.01009233609422,-16.57207739973655,4.223861532429378,0.3288888888907325,1328.3463045498315,-163.41675375927207,183.65737426061443,0.8721760260301615,22.668599859590984
52.2,-166.22770744044806,290.24099752756626,-16.636136084660084,4.240188695798224,-0.489981003812558,-0.14902787349253108,24.150675974030687,-26.13609669576728,3.663027787203245,1333.8157738226214,-92.76026373816268,47.487301956263785,0.3044760675569849,21.05516883579962,-16.60426609216089,4.2320657289480685,0.3288888888907325,1333.5130523458504,-163.52187998703462,183.95986817097557,0.8857377126862698,22.712027141078302
52.29900000000001,-165.97235887557065,290.9565368800764,-16.66768737723444,4.248230432979911,-0.4603794225565932,-0.14107582085058837,24.453070529839934,-26.34234124214305,3.6891513231523443,1338.899670306337,-92.78622233104265,47.471492270364145,0.30696221274881125,21.10247298424059,-16.635817384735244,4.240107466129755,0.3288888888907325,1338.5952545497041,-163.54350699145797,184.04087825894345,0.8554066042478454,22.76100784620859
52.400000000000006,-165.6847014545102,291.69765106704074,-16.69987606965878,4.256434629498601,-0.11809483246044852,-0.14374117945490836,24.761574066574607,-26.55275234501125,3.715802607302434,1344.086271769521,-92.8127053399404,47.45536319687057,0.30949858309602785,21.150732772044,-16.668006077159585,4.248311662648446,0.3288888888907325,1343.7801275051506,-163.56557090506158,184.12352491434504,0.8244627461439998,22.810978060533422
52.5,-165.36568543779052,292.44265707478445,-16.731746062158127,4.264557596348789,-0.19032777684087154,-0.13939307100827142,25.06858590108192,-26.76360703909301,3.7331063391389225,1349.2351810237042,-92.83804179140506,47.43732081404338,0.3127617769066906,21.200983193251943,-16.69987606965893,4.256434629498633,0.3288888888907325,1348.926952988674,-163.58777088648517,184.20182645039316,0.8033319323971625,22.862283681213434
52.599999999999994,-165.01273154691586,293.15430460572514,-16.763616054657476,4.272680563198977,0.03344061777378479,-0.10735109722963329,25.376000944795514,-26.97513461640832,3.730083375009081,1354.3931063246812,-92.86325917319476,47.41899629036783,0.31072073928043176,21.252902936849807,-16.731746062158276,4.264557596348821,0.3288888888907325,1354.0825475805168,-163.61010681597904,184.27896912823405,0.8028920581940916,22.91482362664498
52.699,-164.64314809776303,293.902868852206,-16.795167347231832,4.280722300380663,-0.3175881598704797,-0.09173082826299414,25.68157708137274,-27.186732055537934,3.7500114318589954,1359.5127282182343,-92.88758792551991,47.399171355857604,0.3160035038612457,21.306807316795386,-16.76329735473263,4.272599333530508,0.3288888888907325,1359.1994931383279,-163.63265032040684,184.35229277543067,0.7794085750476267,22.968711171897397
52.8,-164.23216044220925,294.6331971299983,-16.827356039656173,4.288926496899353,-0.13203713432151915,-0.13397606486873334,25.99332647323434,-27.40260419040753,3.770342075715978,1364.7357768167074,-92.91240816779101,47.378945917619895,0.3213929909588435,21.3618006741136,-16.79548604715697,4.280803530049198,0.3288888888907325,1364.4198113336702,-163.65564924916652,184.42709770842924,0.7554506781002243,23.023687354427636
52.899,-163.79538000222468,295.3487364825084,-16.85890733223053,4.29696823408104,0.04185311093404989,-0.12913821522806573,26.299709152898597,-27.615649258647807,3.7721929576993825,1369.8728491111613,-92.93647947425153,47.358456356424924,0.32045049427058436,21.41908853090959,-16.827037339731326,4.288845267230885,0.3288888888907325,1369.5537223709457,-163.67855539548157,184.49803648615386,0.7502600463531776,23.080109104188857
52.998999999999995,-163.32730884239507,296.06049520877997,-16.89077732472988,4.305091200931227,-0.08366724652405486,-0.07733635493507002,26.60918660710489,-27.830846297274327,3.7740625354603967,1375.0618110247506,-92.96079392522175,47.33775982996536,0.31949847741375703,21.476955052925735,-16.85890733223067,4.296968234081072,0.3288888888907325,1374.739491095466,-163.70169291701194,184.5696918171888,0.7450169839824239,23.137100770614325
53.099999999999994,-162.8339200283966,296.790378706829,-16.92296601715422,4.3132953974499175,-0.14295488487212882,-0.07002123528247503,26.922334979969957,-28.049313352859766,3.786809636170914,1380.3158933343102,-92.98518477068353,47.31634982919717,0.32323728767326126,21.538034587118055,-16.89109602465501,4.305172430599763,0.3288888888907325,1379.9899794981604,-163.72539181930202,184.64025653760933,0.7290403071811309,23.19664967051405
53.199,-162.3165031995827,297.4839014644121,-16.954517309728576,4.321337134631604,-0.3505601613516314,-0.06476041628381615,27.231252056849538,-28.2673710898911,3.820843691118367,1385.478856519239,-93.0079602506867,47.29187119927963,0.3399089292310506,21.60043701032108,-16.922647317229362,4.3132141677814495,0.3288888888907325,1385.149039802131,-163.7495700254319,184.70456176829524,0.6930643518641494,23.256956239845273
53.3,-161.76827078109525,298.202554275916,-16.986706002152918,4.329541331150294,-0.4293468178314242,-0.07145914661251171,27.546409882756976,-28.489834033731135,3.855565302731423,1390.7461219907314,-93.031195841397,47.26689805158598,0.35691737162839043,21.664100088538305,-16.954836009653704,4.32141836430014,0.3288888888907325,1390.4123235465854,-163.77423668017045,184.77016609455058,0.6563616095710689,23.31848112370844
53.400000000000006,-161.20490207064327,298.91420180606656,-17.01857599465227,4.337664298000483,-0.12355580579096186,-0.05006009947893528,27.860539617119162,-28.71432325617035,3.8664252551892893,1395.9741761351413,-93.05299062553082,47.23835895872499,0.3613031405305138,21.72968810103145,-16.98670600215305,4.3295413311503275,0.3288888888907325,1395.6360440338162,-164.19486290017235,186.17630738258504,0.9163032770051783,23.345663186908116
53.5,-160.61438306096971,299.6147298434227,-17.050445987151615,4.345787264850671,-0.04699633425916576,-0.07832692854461608,28.17504136122533,-28.93957981550922,3.870545514479822,1401.2107985264308,-93.07467461574272,47.20946211365397,0.36125422318355754,21.797021009389308,-17.018575994652394,4.337664298000515,0.3288888888907325,1400.8680844398061,-164.2206189135196,186.2638726962274,0.9091973554307169,23.408545055533015
53.599000000000004,-160.01632984319087,300.2972443043324,-17.08199727972597,4.353829002032358,-0.29510254620037246,-0.020917708631478724,28.487771627237603,-29.16549335335155,3.8974758630975312,1406.40768179985,-93.09542837112843,47.17844812888799,0.3779067112554411,21.866213689560812,-17.05012728722675,4.345706035182202,0.3288888888907325,1406.0600489598087,-164.24692906686602,186.34693223776463,0.879731583500902,23.472715538943017
53.699,-159.37863718850576,300.9756445506406,-17.11386727222532,4.361951968882545,-0.32643087827204065,-0.02070307107635121,28.803660784825727,-29.393688846121563,3.9246782354386487,1411.6570588437073,-93.11639176040693,47.14712087154863,0.39472740627754416,21.936105285693635,-17.081997279726096,4.3538290020323895,0.3288888888907325,1411.3044575658712,-164.27350497933713,186.43083076456992,0.8499681775111928,23.537534209054122
53.8,-158.71386211026248,301.671835986684,-17.146055964649662,4.370156165401235,-0.331845298463387,-0.03356448206866977,29.124787101496423,-29.62859833572433,3.9540446749451967,1416.9718348087029,-93.136388104789,47.11147919760464,0.41480704896200604,22.00924366548433,-17.114185972150434,4.36203319855108,0.3288888888907325,1416.6138050765105,-164.30154560495126,186.51029354129864,0.8187772808868166,23.604945073593854
53.900000000000006,-158.04189220262293,302.3390055464471,-17.177925957149014,4.378279132251424,-0.36231415950228885,-0.06337398998311511,29.44420196110005,-29.864345340382567,3.985797016622779,1422.2425326888292,-93.15534987028194,47.07330239358026,0.43800396960094323,22.08333039692513,-17.14605596464978,4.3701561654012675,0.3288888888907325,1421.8788483635487,-164.33017532778166,186.58524049446982,0.7859779646162254,23.67296961772307
54.0,-157.34955957063502,303.0172945982145,-17.20979594964836,4.386402099101612,-0.3918578921274053,-0.04703397608566346,29.765186439776237,-30.103520987496562,4.020112684567128,1427.5217079143877,-93.17341206108193,47.03195825499349,0.4646204061285734,22.159066018220898,-17.177925957149125,4.378279132251455,0.3288888888907325,1427.1520829560695,-164.3597587287539,186.65618938964448,0.7516353556835894,23.74226191806343
54.099999999999994,-156.63686421402753,303.68446415876764,-17.24166594214771,4.394525065951799,-0.25524251393990477,-0.04228961821225622,30.087503769126975,-30.345644844636166,4.042456153862977,1432.8093278457688,-93.19073342434055,46.98795825272758,0.48120189779521577,22.236447898512296,-17.20979594964847,4.386402099101643,0.3288888888907325,1432.4334773393234,-164.3901902403007,186.7236654684144,0.7289020340345678,23.812819020577557
54.2,-155.91059370791473,304.3627532113251,-17.273535934647057,4.402648032801988,-0.30669388831560196,-0.026220565549838065,30.41096628698627,-30.590334405308347,4.0692966726235005,1438.1053648789689,-93.20743945983334,46.94170948293205,0.5023870662380393,22.315471544471293,-17.241665942147815,4.3945250659518305,0.3288888888907325,1437.7230051692286,-164.4213854901761,186.7880865050048,0.7028068778847174,23.88463730929692
54.3,-155.17074805213088,305.0299227710882,-17.305405927146406,4.410770999652176,-0.43355156472926387,-0.0008225075379426107,30.735927329292558,-30.83840826751542,4.107289458344287,1443.4098146984904,-93.22330426435158,46.89234945340052,0.5347639178910669,22.396112343272875,-17.27353593464716,4.402648032802018,0.3288888888907325,1443.0206477520517,-164.45357497490656,186.84859116394966,0.668247343497254,23.95770683507777
54.400000000000006,-154.40375209694463,305.7082118244358,-17.33727591964576,4.418893966502365,-0.5265203745952932,-0.003143416062373951,31.062828597046362,-31.09087291306046,4.153566960414689,1448.722690748595,-93.23804424078587,46.83881624308715,0.5760111578823118,22.47834241992145,-17.305405927146506,4.410770999652206,0.3288888888907325,1448.3263986298102,-165.28403805324172,190.20992170571125,1.181594502736884,23.937911124173738
54.498999999999995,-153.6309867032835,306.3797179855117,-17.368827212220108,4.42693570368405,-0.3912143117297362,-0.017529237542778256,31.388999567913945,-31.34656882048447,4.1844181395749755,1453.9949443262042,-93.25118842403475,46.780428878669476,0.6027881755657123,22.562100476208155,-17.33695721972086,4.418812736833892,0.3288888888907325,1453.5911234292619,-164.31296275225642,188.73408691058023,0.893120376819907,23.58007073570819
54.599999999999994,-152.83582231256784,307.0759094215551,-17.401015904644453,4.43513990020274,-0.31659914916966514,-0.028482705279800603,31.72175985132434,-31.607430301795862,4.215892574879917,1459.373708077099,-93.26459814633917,46.72086197153629,0.6301061431013053,22.647550614440053,-17.3691459121452,4.427016933352583,0.3288888888907325,1458.9622063054708,-163.32226976842284,187.228437271103,0.5988184907833668,23.21500124848573
54.699,-152.03617812259506,307.7474155834211,-17.43256719721881,4.443181637384426,-0.4902116790713168,0.0016662427721210078,32.05122897589484,-31.87067059201027,4.259958857630582,1464.6626174894106,-93.27587518838456,46.655431000147225,0.6711078685649559,22.73440660157342,-17.400697204719553,4.43505867053427,0.3288888888907325,1464.2429352554348,-163.31029284980787,187.28115105523338,0.5459233199971447,23.261462624797606
54.8,-151.22037950456092,308.4436070194644,-17.46475588964315,4.4513858339031165,-0.5161102782313958,-0.011665997770039623,32.38735404237583,-32.13922886788556,4.304915368315601,1470.058373556516,-93.28738004946118,46.58867819095232,0.7129379117147387,22.823017255113513,-17.432885897143894,4.44326286705296,0.3288888888907325,1469.630345598327,-163.29807397324106,187.33492976429568,0.4919595599021127,23.308862614772345
54.899,-150.40729591630424,309.14813807451105,-17.496307182217507,4.459427571084803,-0.5983904681011094,-0.003972240255320444,32.721242503260456,-32.412624499204924,4.359999138645245,1475.3639490531461,-93.29607854743543,46.51345016218531,0.7662067089542717,22.912874123172408,-17.46443718971825,4.451304604234647,0.3288888888907325,1474.9270141142188,-163.2890473542744,187.37632932818934,0.4269988806268401,23.356840508437937
54.998999999999995,-149.56584026542237,309.8487773071982,-17.528177174716852,4.467550537934991,-0.6523225100529424,0.018300461862057332,33.05850357486105,-32.68878170255778,4.415639310695384,1480.7231162214591,-93.30486490902558,46.43746225433985,0.8200135748527847,23.003638636363203,-17.496307182217596,4.459427571084834,0.3288888888907325,1480.2771843322907,-163.27992955733836,187.41814706949606,0.3613820328740457,23.405303027292064
55.099999999999994,-148.71576439438854,310.5785496107064,-17.560365867141194,4.475754734453681,0.04093098821367211,0.0017365254768485407,33.401614638211306,-32.97339776411733,4.411947337191324,1486.1486414750334,-93.31234445610637,46.35540657282798,0.811590641316041,23.09762172716247,-17.528495874641933,4.467631767603525,0.3288888888907325,1485.693082971047,-163.27241431187085,187.45391495795812,0.36235819863835644,23.45543071938059
55.2,-147.86052996658913,311.3013166336513,-17.592235859640546,4.48387770130387,-0.2271344080294583,0.0013445313169177797,33.74170038933129,-33.256047156186284,4.432243173619603,1491.5288696493606,-93.31963531170742,46.2737298930648,0.8284495231951279,23.192263553297817,-17.56036586714128,4.475754734453712,0.3288888888907325,1491.0634754094165,-163.26528810206787,187.48812610463827,0.3365523781143821,23.505888090890863
55.29900000000001,-147.00040848494913,312.01685598695155,-17.623787152214902,4.4919194384855565,-0.5245663146777753,0.008924686049017578,34.080809812690354,-33.541413149363024,4.474067542347905,1496.8678399100859,-93.3254856836653,46.187708118430876,0.8681042546902547,23.288226876336637,-17.59191715971563,4.483796471635399,0.3288888888907325,1496.392161254883,-163.3106895627432,188.30099375515877,0.4229204671246024,23.547167354847534
55.400000000000006,-146.12291081164818,312.7468506803314,-17.655975844639244,4.500123635004246,-0.4186645716741318,0.053770962591691514,34.426769931470794,-33.83254411209887,4.5167368478181915,1502.3146681558762,-93.33145424495568,46.099948530167985,0.9085600918721497,23.386128852366138,-17.624105852139973,4.492000668154089,0.3288888888907325,1501.8284973194493,-163.3570082246443,189.1302829743766,0.5110333660138129,23.589280543328577
55.5,-145.2405260845519,313.5029761816596,-17.687845837138592,4.508246601854434,-0.43339682731080004,0.020341237785244874,34.771974214248395,-34.126842939837054,4.555834711624543,1507.7202921635158,-93.33583605026486,46.00736347546924,0.9452486295110066,23.485320108206555,-17.65597584463932,4.500123635004277,0.3288888888907325,1507.2231557095847,-163.3466181862307,189.17796874244632,0.46505900819032475,23.64155124143647
55.599000000000004,-144.36024550555388,314.24053212988684,-17.71939712971295,4.51628833903612,-0.49588816029073907,0.01563482584028117,35.11629243677431,-34.42394281703314,4.586593819311498,1513.0845104420216,-92.48234438605178,45.75728750153851,1.0056485159180355,22.831481122256566,-17.68752713721367,4.508165372185964,0.3288888888907325,1512.5759332798614,-163.33798325992686,189.21869794232904,0.4284752798536398,23.694486833909533
55.7,-143.44181875617414,315.0152271835259,-17.75158582213729,4.524492535554811,-0.19348942877294084,0.006644218054705147,35.467566582987594,-34.727044711950334,4.61797432311334,1518.5570967665578,-91.61161046599605,45.502159487730395,1.0672686020504558,22.164433267903576,-17.719715829638012,4.516369568704654,0.3288888888907325,1518.0368477707495,-163.32917389066736,189.2602499543306,0.39115248629803373,23.74849183229114
55.8,-142.53228372981107,315.7713526848541,-17.78345581463664,4.532615502404998,-0.25245477896606083,0.009390758268295612,35.816975179829846,-35.03073849539286,4.640894272711561,1523.988247090117,-91.56827120967525,45.39760673148156,1.0894240056373163,22.20691898367474,-17.751585822137358,4.524492535554842,0.3288888888907325,1523.4558966019965,-163.32151921609193,189.29718617639514,0.36326971723900087,23.803176142339655
55.900000000000006,-141.61596112848437,316.52747818697236,-17.815325807135988,4.540738469255187,-0.25056510549080313,0.025914770233897624,36.16741682561191,-35.33672542788346,4.6636804850685545,1529.427904769776,-91.52957550999493,45.29506350219571,1.110225984103093,22.260280811638538,-17.783455814636703,4.532615502405029,0.3288888888907325,1528.8830878170363,-163.3145477144653,189.33142606082473,0.3355792308821283,23.858669822921147
56.0,-140.72000125174716,317.3392011506924,-17.847195799635337,4.5488614361053745,-0.5396234855038489,0.03462931601594946,36.51949030089801,-35.646310562829726,4.712893771130547,1534.8761236438188,-91.49353891223679,45.19847512708905,1.1580219565628105,22.315299768189117,-17.81532580713605,4.540738469255217,0.3288888888907325,1534.31843383381,-163.30860485862584,189.3615759337857,0.279026386488116,23.91496309060988
56.099000000000004,-139.7658039829035,318.09877369463675,-17.878747092209693,4.556903173287061,-0.3688331286962427,-0.002499704971798973,36.870654427339474,-35.95851452477298,4.745609224971733,1540.2826289688994,-91.4637278067715,45.10645757100232,1.1856004021617665,22.369175031741992,-17.8468770997104,4.548780206436904,0.3288888888907325,1539.7115661944044,-163.30433632646347,189.3849437568757,0.24073295486133925,23.971877086173635
56.2,-138.8330554506507,318.9070496165307,-17.910935784634034,4.565107369805752,-0.3531820975070016,0.05779227935055124,37.22891277855751,-36.27702563746255,4.778985597072335,1545.7983566237795,-91.43331445675138,45.012581074388606,1.2137359880758518,22.424138684457546,-17.879065792134742,4.556984402955594,0.3288888888907325,1545.2136507238995,-163.2999815613281,189.40878365719988,0.2016659185552355,24.029940859425544
56.3,-137.8827949753348,319.7187725810408,-17.942805777133383,4.573230336655939,-0.6181885231108224,0.04714048115479433,37.586419605925165,-36.5984292292915,4.835868553910455,1551.2724275851613,-91.42264234860845,44.963475626079195,1.2574067814794831,22.46781889274388,-17.910935784634088,4.565107369805782,0.3288888888907325,1550.6735535345751,-163.29735380289478,189.42553049656627,0.13740936332858286,24.088621953268774
56.399,-136.93531740556526,320.51137001816574,-17.97435706970774,4.581272073837626,-0.8510462420163989,0.007801764271249235,37.94467125916645,-36.92581712115737,4.889537471160689,1556.7047729656329,-91.39130796718344,44.850241285958035,1.3084704872496307,22.525206939298165,-17.94248707720844,4.573149106987469,0.3288888888907325,1556.091085544522,-163.3100608940037,190.23197797400178,0.20135581711069578,24.13656785320133
56.5,-135.98227402458232,321.34221851085107,-18.00654576213208,4.5894762703563154,-0.3269740166813963,0.022466995927629622,38.3101603195439,-37.2598189098286,4.944290608961429,1562.246862697225,-91.35934056795185,44.734719383410194,1.3605657830353342,22.583754340328287,-17.974675769632782,4.581353303506159,0.3288888888907325,1561.6180626455784,-163.32302469402393,191.05471731966827,0.26659411844395947,24.185482357172926
56.599999999999994,-135.01165082466187,322.1761804601599,-18.038415754631426,4.597599237206503,-0.4910111514592081,0.037775966154874045,38.67502650692802,-37.59685012372968,4.989865359993009,1567.7471758104232,-91.3287452924431,44.62176976540995,1.4012358853066198,22.641208891966954,-18.006545762132127,4.5894762703563465,0.3288888888907325,1567.10269379684,-163.31845644300483,191.07837580414326,0.21531960696271887,24.24596907550577
56.699,-134.05745355595386,323.00180279046543,-18.069967047205783,4.60564097438819,-0.4373559389323142,0.034868420204351935,39.039182127187445,-37.93664501659831,5.03138686127853,1573.2054689842894,-91.30095111746202,44.51344687960413,1.4357398759494566,22.696991615314857,-18.03809705470648,4.597518007538032,0.3288888888907325,1572.5447333453735,-163.3155560183777,191.09485515767332,0.1686449337973413,24.307083168148278
56.79900000000001,-133.0936179310121,323.8467730380279,-18.101837039705135,4.613763941238379,-0.462554234510112,0.018681359733307312,39.40701608704546,-38.279872181112104,5.073327771667946,1578.7188964326394,-91.2728761932387,44.404029823234616,1.4705923917503034,22.75333780051476,-18.06996704720583,4.605640974388221,0.3288888888907325,1578.041742990357,-163.3126262965321,191.11150096931985,0.12149879928685668,24.368814574857886
56.900999999999996,-132.09014286892292,324.72020918679635,-18.13434443205447,4.62204936742557,-0.15313920856200405,0.01043923843804859,39.784568841880585,-38.6348507447596,5.087924783264885,1584.356053928162,-91.24078710882324,44.28364421037928,1.4768686939022144,22.81319048108049,-18.102474439555166,4.613926400575412,0.3288888888907325,1583.6614379088492,-163.31093455283923,191.1228591139588,0.10367094232648029,24.43306798184801
57.0,-131.13594560022995,325.589864707746,-18.165895724628825,4.630091104607256,0.16734050358907204,0.042268730174020525,40.1509958306272,-38.97934700974199,5.072433116580297,1589.8360283874142,-91.22474774849812,44.19951658325243,1.4451496386041907,22.863820720524156,-18.134025732129523,4.621968137757099,0.3288888888907325,1589.1241217271886,-163.3093318546881,191.13371392368416,0.11799883593102972,24.496289233690582
57.099000000000004,-130.168308933238,326.4485119304421,-18.19744701720318,4.638132841788943,-0.3124589421577741,0.036887205328110004,40.518495032770076,-39.32600399954958,5.1040297208209555,1595.3289464901175,-91.24335687241972,44.185192719414246,1.4501973451092844,22.896460530799267,-18.165577024703875,4.630009874938786,0.3288888888907325,1594.5991523989198,-163.30832450328876,191.14189386867105,0.08233057615610119,24.560766918541542
57.2,-129.16076132639978,327.31338607112576,-18.229635709627523,4.6463370383076334,-0.36744852377313986,0.06385035598918752,40.89341846121885,-39.67966416086841,5.136264640298799,1600.9328326352995,-91.26234193823873,44.170579484589425,1.455347025483168,22.92975973118094,-18.197765717128217,4.638214071457476,0.3288888888907325,1600.1847897508878,-163.3072968013561,191.15023906507182,0.045941745476630345,24.626547182884437
57.3,-128.18335055180202,328.2140649764109,-18.26150570212687,4.654460005157821,-0.5128501452376244,0.02812307947873058,41.26736415173235,-40.03527998649421,5.184569615802551,1606.4945552637278,-91.30804174390374,44.19919165989885,1.4679959433087857,22.949221834012047,-18.229635709627562,4.646337038307664,0.3288888888907325,1605.7276918064904,-163.3076543665936,191.15221365171868,0.011214189091136292,24.692921879752305
57.399,-127.19555478755751,329.0837204973606,-18.293056994701228,4.662501742339507,-0.1358258789442231,0.012672644835674575,41.6398813191893,-40.39189226341327,5.220485067662263,1612.013834894366,-91.34464290621278,44.20085865854507,1.4719406415404788,22.972329679787126,-18.26118700220192,4.65437877548935,0.3288888888907325,1611.2276156299995,-163.30914641277968,191.14885526148163,0.05009186190214131,24.75986591628352
57.498999999999995,-126.25825858018823,330.09425999135954,-18.324926987200573,4.6706247091896955,-0.6299079152590639,0.02468116964119932,42.0161612863175,-40.7521066845436,5.25676330186399,1617.588864824303,-91.38161377723202,44.20254249556146,1.4759251852088553,22.99567093814579,-18.293056994701264,4.662501742339538,0.3288888888907325,1616.7830942396042,-163.31065353013935,191.14546294811086,0.08936223847891032,24.827486155203935
57.599000000000004,-125.27453536085861,331.00705914425674,-18.356796979699926,4.678747676039884,-0.16063400629873556,0.015420183703248509,42.395104010898955,-41.117534505941435,5.271963143110398,1623.1772666213133,-91.41304712758446,44.190029654368495,1.4598919328278825,23.01971926683686,-18.32492698720061,4.670624709189726,0.3288888888907325,1622.35117192094,-163.2534750177166,193.8878465272548,0.2748412155786859,24.843735935766126
57.7,-124.28049502792247,331.93909501986997,-18.388985672124267,4.686951872558574,-0.176025899894689,0.05039293459582057,42.77861830999042,-41.48813614377713,5.288808190253992,1628.8305584793275,-91.47748462731656,44.241989966787756,1.4334773598892265,23.024948526680213,-18.357115679624947,4.678828905708416,0.3288888888907325,1627.983501692388,-163.24732951750929,193.91391741884328,0.25556366684485904,24.91283941478012
57.8,-123.30308425333979,332.88425189554255,-18.420855664623613,4.695074839408762,-0.42086220287316495,0.05129698347814454,43.15971786092576,-41.857723335364696,5.328770533886356,1634.4368771649356,-91.57426606127457,44.35508815127969,1.420276098394923,23.010647082141595,-18.388985672124292,4.686951872558604,0.3288888888907325,1633.5685752821273,-163.24187624579025,193.93665118111096,0.21201300124818215,24.982081912545343
57.899,-122.32872788724357,333.8309655011071,-18.452406957197972,4.703116576590448,-0.3117857802011438,0.03413777467993114,43.53932338175446,-42.22801102763002,5.3546458257144245,1640.000473413363,-91.69561679294027,44.51133977861991,1.3845609324945212,22.97956306361263,-18.42053696469865,4.6949936097402905,0.3288888888907325,1639.1103801463805,-163.23749807214685,193.95406872192964,0.18340704139182584,25.051838338906
57.998999999999995,-121.35124923689197,334.78724187036426,-18.484276949697318,4.711239543440636,-0.237433868231615,0.06908006768872929,43.92276330178341,-42.602038999615154,5.3807824841266125,1645.6202676036928,-91.81819328957229,44.66916970522618,1.3484850073426038,22.94816506509853,-18.452406957197994,4.703116576590478,0.3288888888907325,1644.708162837545,-163.23307567452724,193.97166219750406,0.1545121324460141,25.122299375633926
58.099999999999994,-120.35727677957405,335.7975589737014,-18.51646564212166,4.719443739959326,-0.09450763162016673,0.06826114642102347,44.3114767823898,-42.98249980448866,5.389907034427511,1651.3098852915682,-91.99310664369861,44.927228895712176,1.2769610593275944,22.885675820720657,-18.48459564962233,4.711320773109168,0.3288888888907325,1650.3748588385206,-163.22923731094397,193.98621345324656,0.143489436976759,25.194712692531727
58.199,-119.38964011271776,336.75528087751957,-18.548016934696015,4.727485477141013,-0.2378289217328363,0.02779283111927821,44.69393950459317,-43.35805415433039,5.4157417145995455,1656.9003232074833,-92.10541022033246,45.061733578082595,1.2467614232177606,22.85359361225092,-18.516146942196684,4.719362510290855,0.3288888888907325,1655.942144662313,-163.2260577514675,193.99730828289142,0.11520789339378822,25.26691628006334
58.3,-118.41603038003453,337.77682866819197,-18.580205627120357,4.735689673659703,-0.30607872237173783,0.013141669082277464,45.08412874643699,-43.74119546073456,5.442098307502327,1662.6036992631134,-92.21998255609023,45.19895552676353,1.2159516934491437,22.820863278357553,-18.548335634621026,4.7275667068095455,0.3288888888907325,1661.621900906788,-163.22281395846622,194.00862725050888,0.0863550054960113,25.340578525928926
58.400000000000006,-117.44540718009898,338.7887025014211,-18.61207561961971,4.7438126405098915,-0.26776689266849985,-0.015440784185743728,45.47250562970413,-44.12424557657265,5.467788176782989,1668.2642797239325,-92.25377753018212,45.19547389894623,1.2124549278764831,22.827025939705255,-18.58020562712037,4.735689673659733,0.3288888888907325,1667.2583392200268,-163.22039994546986,194.01545010095361,0.05846291108087803,25.414732815982855
58.5,-116.47478398035936,339.82281531865885,-18.643945612119058,4.751935607360079,-0.12634603837078445,0.018879276943186266,45.861837592518285,-44.509019335983744,5.479911140290037,1673.9339377675526,-92.27604001356536,45.18051444040343,1.1983371752356655,22.838075479888506,-18.612075619619716,4.743812640509921,0.3288888888907325,1672.90339069883,-163.21836667543025,194.0201877752655,0.04469733963457431,25.48970637616586
58.599999999999994,-115.53131107969057,340.84580864310215,-18.675815604618403,4.760058574210267,-0.31331039558960605,0.057609388514629024,46.25223756027356,-44.895714501333615,5.510008235597863,1679.6126942117833,-92.31723740045105,45.21347950257034,1.195908198598984,22.83808783802634,-18.64394561211906,4.7519356073601084,0.3288888888907325,1678.5570619106447,-163.12070722492203,195.98615301223504,0.2601228419658101,25.518553966674155
58.7,-114.55390030509281,341.8799214619201,-18.707685597117756,4.768181541060455,0.021987740417914778,0.031474298831542874,46.64334734798524,-45.283681624676774,5.507892521993216,1685.3005339370566,-92.353053534948,45.24308322615223,1.1616721942211383,22.84096507946698,-18.675815604618407,4.760058574210296,0.3288888888907325,1684.2193763970345,-163.11340646258213,196.01118226492622,0.2613230541973261,25.594133402331096
58.8,-113.59685225496396,342.92515377195224,-18.7395555896171,4.776304507910643,-0.30792570839320227,0.03288179954548022,47.03516335763525,-45.67289183431088,5.537554165485884,1690.9974774363216,-92.38521407988411,45.27214491817259,1.161557712155263,22.845863567381095,-18.707685597117752,4.768181541060484,0.3288888888907325,1689.8903554880596,-163.10636684761323,196.03470516906575,0.22976645368418025,25.67052359818218
58.900000000000006,-112.63301662987146,344.0037445603676,-18.771425582116454,4.784427474760832,-0.31461589740214374,0.004764337055732603,47.42852156638482,-46.06480584865307,5.567894511512176,1696.7036388891606,-92.3961060862144,45.25978328479928,1.1692355061904613,22.86229036649987,-18.739555589617098,4.776304507910671,0.3288888888907325,1695.57001584799,-163.0998713912712,196.05506267051288,0.19763019992915645,25.747711007759662
58.998999999999995,-111.69225875931171,345.049532845474,-18.802976874690806,4.792469211942517,-0.1089404000390829,0.02108856025455341,47.81939904334302,-46.45533636030961,5.583784972284332,1702.3663538278793,-92.40299470561494,45.24786047429368,1.1630989670034642,22.880068395638464,-18.77110688219145,4.784346245092357,0.3288888888907325,1701.2057890821545,-163.09395734390486,196.07219078156476,0.1804359886474171,25.825321383302118
59.099999999999994,-110.73249567913412,346.14980664440384,-18.835165567115148,4.800673408461208,-0.22242144580236536,0.03555319719834636,48.21817303498728,-46.853756377252175,5.599996452466028,1708.1434670481885,-92.41002248904377,45.23569679892938,1.15683845732784,22.898205576880866,-18.80329557461579,4.7925504416110485,0.3288888888907325,1706.9554163210505,-163.08792382083416,196.08966491506212,0.16289441956200457,25.904499645219175
59.199,-109.79845750761835,347.2176115252273,-18.866716859689504,4.8087151456428945,-0.1828208805869194,0.06833781064164196,48.611206968739104,-47.247996746734515,5.628156315919348,1713.8244214555814,-92.43956140631394,45.289045990274744,1.154878617888918,22.90314301953783,-18.834846867190144,4.800592178792735,0.3288888888907325,1712.6084568557694,-163.08274316278292,196.10236600282073,0.13371865951644046,25.983696694376736
59.3,-108.86591260261206,348.351466191622,-18.898905552113845,4.816919342161584,-0.4024438839623319,0.03496821251754289,49.01218098196064,-47.650201568125574,5.656885065503037,1719.6201426186788,-92.46969706938756,45.34347294306142,1.1528791857340586,22.908180208511094,-18.867035559614486,4.808796375311426,0.3288888888907325,1718.375700229573,-163.07745784497308,196.11532367821084,0.10395349017702797,26.064493683921313
59.399,-107.93859413008,349.4412876689527,-18.9304568446882,4.824961079343271,-0.1881389196007245,0.016213486407260475,49.40779894725019,-48.04881178133661,5.67039639322823,1725.3194892976387,-92.48479796110313,45.36550966799605,1.1407040121771366,22.922078619709463,-18.89858685218884,4.816838112493112,0.3288888888907325,1724.0460998325445,-163.0731050768709,196.1228171987139,0.09003423670530336,26.145267296443944
59.5,-106.9993295259845,350.5864842172234,-18.962645537112543,4.833165275861961,-0.09414242700117798,0.03279116162882452,49.81140919466679,-48.45547472612765,5.684180677069082,1731.1339742933449,-92.50020392133818,45.387991579293,1.1282828755180552,22.936257806891636,-18.93077554461318,4.825042309011803,0.3288888888907325,1729.8310529628486,-163.06866437405955,196.13046210346954,0.07583378619374659,26.227672699118546
59.599999999999994,-106.04228147572002,351.6761944984331,-18.994515529611892,4.841288242712149,-0.1412465594929888,0.020213701629890526,50.211987180387666,-48.85972304417769,5.697901761378219,1736.9047409264833,-92.50830678627179,45.39681655908782,1.118565443482536,22.954295356576566,-18.962645537112525,4.83316527586199,0.3288888888907325,1735.5719172338745,-162.94843362106883,197.7728538056569,0.249027908711167,26.25959053708536
59.699,-105.17544029497574,352.8540823570521,-19.026066822186248,4.849329979893835,-0.18045118589285844,0.03075812141906195,50.61047705337993,-49.263097303530586,5.739158386570808,1742.63162487857,-92.51447209280006,45.40638927167264,1.1376787031422348,22.972481797321315,-18.994196829686878,4.841207013043676,0.3288888888907325,1741.2684181755828,-162.9404629858338,197.7929948852312,0.20735294865355672,26.34172520871212
59.79900000000001,-104.25952494827769,354.0108431778606,-19.0579368146856,4.857452946744024,-0.6736747754636674,0.029243779178160532,51.012992076604455,-49.67054605035172,5.780831745351203,1748.416356143304,-92.52069967515186,45.41605867832398,1.1569850260308203,22.990851939487726,-19.026066822186227,4.849329979893865,0.3288888888907325,1747.0224595308441,-162.93241183913173,197.81333941005371,0.16525702940344333,26.42468952348663
59.899,-103.37680084233675,355.1892870107637,-19.089806807184946,4.865575913594212,0.23327875480793087,0.028888388839729173,51.41775030204342,-50.08168917232629,5.7581083702652895,1754.2151288301648,-92.47573428968482,45.312212128224616,1.1269967847358906,23.032461207194256,-19.057936814685572,4.857452946744052,0.3288888888907325,1752.789707848234,-162.9250121155468,197.8293222595266,0.18705478065491482,26.508825781624456
60.0,-102.5059549924616,356.42421786633554,-19.121995499609287,4.873780110112902,0.9510263764190132,0.10859954207563569,51.82339020824514,-50.4918131468035,5.664468706127044,1760.0808226789848,-92.4335184333548,45.21501948923414,1.0240245249640505,23.074593194571797,-19.09012550710991,4.865657143262743,0.3288888888907325,1758.6236207529857,-162.916691311714,197.85137354287545,0.2801101544095756,26.594697746967203
