elapsed_s,reference_east_m,reference_north_m,constant_speed_east_m,constant_speed_north_m,phone_forward_accel_mps2,phone_yaw_rate_radps,imu_no_nhc_east_m,imu_no_nhc_north_m,imu_no_nhc_speed_mps,imu_no_nhc_sigma_m,imu_nhc_east_m,imu_nhc_north_m,imu_nhc_speed_mps,imu_nhc_sigma_m,gyro_only_constant_speed_east_m,gyro_only_constant_speed_north_m,gyro_only_constant_speed_speed_mps,gyro_only_constant_speed_sigma_m,imu_nhc_portable_speed_east_m,imu_nhc_portable_speed_north_m,imu_nhc_portable_speed_speed_mps,imu_nhc_portable_speed_sigma_m
0.10000000000000142,0.0,0.0,0.9897412733828798,0.5201064795568627,-0.3591323471120621,0.004078250903110773,0.0,0.0,11.180780555554081,1.4142135623730951,0.0,0.0,11.180780555554081,1.4142135623730951,0.0,0.0,11.180780555554081,1.4142135623730951,0.0,0.0,11.191869558641578,1.4142135623730951
0.19899999999999807,0.9737682587412595,0.5504148873971116,1.9695851340318837,1.035011894318132,-0.3460012955447298,0.0010670369002157157,0.97733168333052,0.5135851725429259,11.157932740168988,1.4177617700358136,0.9773305332817415,0.5135871801562943,11.15793230207288,1.417738793049326,0.9798428065023463,0.5149072397283182,11.180780117139093,1.4177476083950813,0.9783027402150386,0.5140970872114442,11.169021307752145,1.4177370079219525
0.2989999999999995,1.970939516272485,1.0730310424131813,2.9593264074147636,1.5551183738749947,-0.11672288626432539,0.00035723205592794356,1.9645354038664464,1.032358074101462,11.134854138769903,1.4213458181799736,1.9645330921522348,1.0323621096071216,11.134853258152472,1.421299632116226,1.9695830150906224,1.0350155626862405,11.180779674295671,1.421317351851633,1.9664873262908826,1.033387074293736,11.145942266449685,1.4212960438298894
0.3990000000000009,2.954543818015966,1.640125168606848,3.9490676807976435,2.075224853431857,-0.14815598972117136,0.0012403980371602764,2.949555602153045,1.5499832563760372,11.120038540025815,1.4306701686279384,2.9495482976207734,1.549995687550168,11.12003599469101,1.4305501987258917,2.9593196219760056,1.5551298165678535,11.180778009124404,1.430601395104377,2.95248492174775,1.5515350254974722,11.1311250129323,1.4305422481606003
0.49900000000000233,3.9381481196540107,2.2072192940104274,4.938808954180523,2.59533133298872,-0.11975691259295454,0.0008879162159287088,3.9333901374644773,2.066985031572146,11.10806284926676,1.4443813146929028,3.933374605423243,2.0670116773147416,11.108058862087809,1.4441416304700947,3.9490531606185257,2.0752495798712305,11.180776577216403,1.4442502390767697,3.9372935192112823,2.069065584154679,11.119147892057256,1.4441277169395876
0.6000000000000014,4.931520629509239,2.757745375948341,5.938447640297208,3.1206388773411393,-0.16847378565321483,-0.0002563563557564908,4.925767220189497,2.5884753428198577,11.091046997938088,1.4633000212823775,4.9257429512636275,2.5885182701090517,11.091043384459537,1.4628825349406223,4.9486837286009715,2.6005722290446984,11.180776950587154,1.463079151837519,4.930653836604014,2.591092154568494,11.102132416401776,1.4628610729341687
0.7000000000000028,5.908544957676308,3.3248395013519203,6.9281889136800885,3.6407453568980017,-0.08417485910910452,-0.0007762386678175394,5.9071932842448325,3.1042104548320317,11.082629512433964,1.4877880154282537,5.907159024542623,3.104268837571087,11.082622727989369,1.4871319771821847,5.938415690238027,3.120692826402632,11.18077372999092,1.4874482323610996,5.913052261748361,3.1073571629201986,11.093711756158696,1.4871016797833476
0.7999999999999972,6.905512710852418,3.8919336283356745,7.917930187062898,4.160851836454827,0.11525970799122807,-0.0004585555604702282,6.888756925336449,3.6200178804360266,11.094155482898735,1.5188175469579124,6.888711191290178,3.6200918945328975,11.094143732128197,1.5178809695910882,6.928146111220254,3.6408137138776793,11.180768730367367,1.5183370724077563,6.8955870560704735,3.623694138906901,11.105232759187503,1.5178406672298204
0.8999999999999986,7.8824013694494095,4.459138948280056,8.907671460445778,4.68095831601169,0.04082822383767065,0.0008277008773802203,7.871011341540098,4.1361885081958905,11.098238305176688,1.5572513006773645,7.87095800027781,4.136274559081539,11.098225870430852,1.556013221282598,7.917880361979957,4.160931110981087,11.18076804886035,1.5566182740400412,7.878816234498262,4.140391214915532,11.109314898511839,1.5559619729124288
0.9990000000000023,8.856169628055108,5.031570431394276,9.887515321094853,5.195863730772997,-0.11146691154799845,0.0012982534214674157,8.842570908634675,4.646738629451146,11.085536142522182,1.6080368466092048,8.842510227129933,4.646832672827364,11.085520432838592,1.606440788698589,8.897717596050851,4.675843107420555,11.180764741844651,1.6072231295087693,8.86007316630372,4.656048410549486,11.113067182075953,1.6061097625569496
1.1000000000000014,9.836043016817255,5.615454990925299,10.887154007211537,5.721171275125416,-0.14480903134567844,-0.0004916049962552351,9.833757941731117,5.167602894570121,11.07257737052112,1.6598483631659284,9.833689771696195,5.167705091901364,11.072558319739418,1.6578870948502544,9.897349521719091,5.201157366414329,11.180761368020555,1.6588503052899946,9.861153470468837,5.18212292326693,11.116895269348435,1.6572706388609533
1.198999999999998,10.809811275558516,6.176878175785921,11.86699786786054,6.236076689886685,0.12922364276941212,-0.0018947693496716477,10.805534843515852,5.678267116897879,11.091876071053264,1.7301377425164244,10.80542803595972,5.678411023709129,11.091837307058661,1.7277983344042538,10.87715539731717,5.716103077443222,11.180741546250506,1.7289469961229644,10.836984875782303,5.695037014476408,11.138796518240023,1.7269735471239593
1.2989999999999995,11.786632099265033,6.7550917939839,12.856739141243422,6.756183169443547,0.259991978694669,-0.00024052095719876874,11.787127673601491,6.19408956369362,11.111369707954418,1.8011371155977367,11.786981838246156,6.194275601292756,11.111311031623554,1.7984157480951657,11.866858301961742,6.236250260300715,11.180721524260555,1.799751734338089,11.822673163977772,6.213132056102167,11.16091899186789,1.7973805251674033
1.3999999999999986,12.759789844986127,7.350095847099411,13.856377827360106,7.281490713795967,0.13081933928247882,0.0013276890074376876,12.781151802095476,6.71644522984172,11.124582460947162,1.889376852464024,12.78099520759978,6.716640908930206,11.124521363650832,1.8863584224091177,12.866486548002051,6.76156680286378,11.180719105519598,1.8878363128525872,12.82123689162218,6.737899572842447,11.176804253131703,1.885077042788608
1.5,13.74977061586053,7.917189971712903,14.846119100742985,7.80159719335283,0.04378138796093903,0.0013379581965489067,13.766112596460976,7.234038390948766,11.12896059951197,1.9883324281226853,13.76595094608708,7.234198527905588,11.12887703363489,1.9850587454114408,13.856222664065815,7.281637661339388,11.180696500921831,1.986655508679549,13.810938087225875,7.257949973866369,11.183807879598326,1.9835123576776217
1.6000000000000014,14.699661032120739,8.484172901785593,15.835860374125867,8.321703672909692,0.05347537083672296,0.0009002256553271287,14.751503768779683,7.75185792949511,11.134308136062431,2.099128091088301,14.751338211644665,7.751955959246427,11.13419123383366,2.095630333365123,14.845959565374471,7.801682458051476,11.180662939475438,2.097328685946376,14.801303721930708,7.77832638063403,11.191770138064042,2.093799256783432
1.698999999999998,15.659998004538897,9.034587789972793,16.81570423477487,8.836609087670961,0.1372313721006464,0.0006532550278650776,15.72853819660186,8.265287044324465,11.14939947347136,2.2266571982707215,15.728373841110228,8.265301193145577,11.149248555415634,2.22301492936537,15.82580342168425,8.316505643111519,11.180628640671577,2.2247714887216343,15.783610584820089,8.294455382772734,11.209449286816408,2.22087532163451
1.7989999999999995,16.63003535028376,9.612801408170771,17.80544550815775,9.356715567227823,0.1674921164673991,0.0008874395338462054,16.71544165904855,8.78390231182889,11.164643248631895,2.3554744782529706,16.715278517338117,8.783831732437674,11.164457971155,2.351686238456535,16.815544690684074,8.836529062364113,11.180593995415151,2.353501592535033,16.775839739253854,8.815797809175491,11.2273070128289,2.349234983100252
1.8999999999999986,17.596070444178256,10.174335787572195,18.805084194274436,9.882023111580244,-0.007377062532979706,0.001421152199384734,17.713603801627468,9.308435028018009,11.163898165506104,2.5039649501523313,17.713439740202766,9.308206903447473,11.16364714819144,2.500098661422268,17.815179838820075,9.361682760259646,11.18052771268589,2.501933483884598,17.779726697479852,9.343213379838708,11.22917104140841,2.4973075745402253
2.0,18.552540834045004,10.730421616302351,19.794825467657315,10.402129591137106,0.10544748372382517,0.0021447447126049838,18.70231669945839,9.82800264700303,11.17444290994502,2.6631580278852853,18.702118856645892,9.827489769062268,11.174045613546566,2.659236529566788,18.804882948413557,9.881510224798651,11.180380335356274,2.6610747498464375,18.77430050435832,9.865648648852408,11.242217544297395,2.656093709871092
2.0989999999999966,19.499446520004494,11.291844800372886,20.77466932830632,10.917035005898375,0.07582506648919515,0.0032073597589592556,19.682050506338776,10.342852886806789,11.17707179598432,2.8385726917196243,19.681482825219085,10.341562614031472,11.176073112781895,2.834612156248312,19.784346019097168,10.395649291718794,11.179774984597723,2.836428295297749,19.796612352924324,10.402412156776615,11.284449388399246,2.8200958307198625
2.200000000000003,20.445063345274182,11.831029000434798,21.774308014423074,11.442342550250832,-0.02174057993326947,0.004489969234992056,20.681576915378454,10.868104141556127,11.179753790832494,3.017531086136492,20.680631924470617,10.866020769000105,11.178141571597735,3.0135307248830148,20.783596222521954,10.920175006455556,11.179157404530917,3.015324336616781,20.839576966107924,10.950019371931665,11.327534401068815,2.9874111257272102
2.299999999999997,21.3946824224093,12.375884141039664,22.764049287805886,11.962449029807656,-0.2229931124975216,0.0030344333831169015,21.670240175546777,11.387644462866783,11.157454518670429,3.2125051162201497,21.668672791665085,11.384389704698462,11.154967418579345,3.2084322601157877,21.772695985558386,11.439121991707058,11.178273204887045,3.2102140680552793,21.84168158273457,11.474429661196215,11.310437234398025,3.1790792082135417
2.3999999999999986,22.337518021733384,12.920739280854447,23.753790561188765,12.48255550936452,0.1473518799489249,0.003154648817319976,22.658568898983983,11.907008361050668,11.17218967167953,3.4191609247027177,22.656355087775633,11.902464310036645,11.168836147435691,3.4150141833776444,22.761766362090814,11.957950294699259,11.17739393433379,3.416786448243951,22.844002187451885,11.999039118145689,11.330491330252778,3.382346454115079
2.5,23.273637977760362,13.465260836256736,24.743531834571645,13.002661988921382,0.12453599613265265,0.003973900777816261,23.648099544024408,12.427007444128755,11.184643231976485,3.637351200185274,23.645013501693477,12.42087688971852,11.180220967668765,3.6331582772738984,23.75060174043184,12.476483738165276,11.17630773437395,3.6348974681096045,23.847902677239873,12.524436721807787,11.3481615582427,3.5970859301763602
2.5989999999999966,24.2003967342352,13.971642533009717,25.723375695220646,13.517567403682651,0.037617586477827536,0.0033711987082989535,24.628619296417877,12.942274366360714,11.188637774200343,3.8701937970992124,24.624700043320605,12.934439141694615,11.183245906875818,3.865986831970209,24.729566243568293,12.989699446418378,11.17531491081382,3.86767690916269,24.843478336976524,13.045631763859005,11.35749158058238,3.8263907798468586
2.698999999999998,25.109382778626436,14.5053781800301,26.713116968603526,14.037673883239515,0.04305330447533817,0.0039057364476515564,25.619043288734563,13.462746004978877,11.192672665335554,4.105388339436535,25.614282408600577,13.453188891165443,11.186301401024359,4.101167190249322,25.7184192770395,13.508099151724567,11.174312058732879,4.102807657701171,25.849110316508543,13.572091402294603,11.366915845571956,4.0580118401201
2.7989999999999995,26.045502734653414,15.016874843041858,27.70285824198641,14.557780362796377,0.08668337100172491,0.003484844422105172,26.61021696767906,13.983614848693074,11.201340945753815,4.357354103008778,26.604736250750765,13.97226867716309,11.194147431282094,4.353142866778009,26.707379978978402,14.026433090675459,11.173460323183326,4.354721852910157,26.856368794451395,14.09955858567707,11.381153291256702,4.306262209233761
2.8999999999999986,26.943228205662045,15.555503068029498,28.70249692810309,15.083087907148796,0.11072133551111235,0.003672378532765296,27.612188008381974,14.510162109440904,11.21252371125938,4.623077339292796,27.60608689996748,14.49696626010852,11.204607418969022,4.618896720693322,27.706325454705546,14.54990999893052,11.172703516798501,4.620400920251979,27.875174564423023,14.633151011730206,11.398051714791386,4.5681368479705435
2.9990000000000023,27.843124389475616,16.039868168275284,29.682340788752168,15.597993321910103,0.05085820338339045,0.004505008870670235,28.59540167667858,15.026858132135203,11.220922965931681,4.899846222198385,28.588574846252687,15.011485990985397,11.21218736366004,4.895704924804047,28.685346360515567,15.062660496204865,11.171840057422063,4.897122195577204,28.87546939056111,15.156981442603438,11.411905733571139,4.840972827094614
3.1000000000000014,28.75421331190181,16.57849639247284,30.681979474868854,16.12330086626252,0.11815262402776434,0.003786961890639334,29.598478247364973,15.55399245831825,11.229491902516555,5.18220639566771,29.590911033876942,15.536400059859762,11.219920438546838,5.178105213846288,29.684145466442917,15.585769589383716,11.170959154421858,5.179433799696865,29.89597219298477,15.691394306423579,11.426039631518158,5.119320644180773
3.200000000000003,29.642781087668244,17.067976460557578,31.671720748251733,16.643407345819384,0.11984738075380072,0.003905100383037559,30.593050050243107,16.076666333206507,11.241476481079713,5.4780162690533025,30.58517372294186,16.056900294527676,11.231395876825713,5.473977989713394,30.673452274331915,16.103727637280095,11.170395486570571,5.475202818284353,31.600516351525833,16.58526808576297,11.935664985857061,5.168851252076869
3.299999999999997,30.52470105493766,17.579695512650936,32.66146202163454,17.16351382537621,-0.03838157107681103,-0.0004368445237799153,31.587981453143005,16.59953153185914,11.237638380735413,5.78455976867199,31.581929317867075,16.57935919137277,11.228734867662142,5.780405167024469,31.6649199044062,16.623455774981228,11.171537159998662,5.781533431830534,32.66554090885964,17.131366495231628,11.954539264441584,5.448624277871442
3.399000000000001,31.404450309417197,18.108093804330938,33.64130588228362,17.678419240137515,-0.03059785687942687,0.001645899397878855,32.57308000346802,17.11723018023295,11.247076592408389,6.1037981277941284,32.5688643986339,17.097021206816773,11.239352849672109,6.0992699095769245,32.646529369379245,17.13835820545143,11.172699452013886,6.1003106067088035,33.721074313069586,17.679001138141263,11.986918708319125,5.741972694657071
3.4990000000000023,32.28630244188651,18.60847097375821,34.631047155666494,18.19852571969438,0.22001244686741475,0.0007264663502908287,33.56812904420034,17.640158107883256,11.256610139552807,6.426261116806383,33.56576852062056,17.61991213150767,11.25007808402561,6.42135550811475,33.63805408147321,17.65846167057283,11.173873484352495,6.422307753050482,34.78726967085739,18.232167444110576,12.01962521728634,6.038284226763761
3.5989999999999966,33.14780414056124,19.097728651181168,35.620788429049306,18.718632199251203,0.09861090440470696,0.003908700608122539,34.565000638109034,18.164056946672634,11.266471068169135,6.764523849523984,34.56433888812446,18.143519476859666,11.260886113962245,6.759398669760188,34.62940937971258,18.17832154848203,11.17480072752211,6.7602403997134175,35.85789235047776,18.788872848439393,12.0526786945893,6.3508734086699326
3.698999999999998,34.00930583935647,19.60922531340284,36.61052970243218,19.23873867880807,0.16192909355860047,0.005182325597200168,35.56302174408622,18.68856868774773,11.282663671768784,7.113290502065685,35.56326983205017,18.666721644123083,11.277332160230017,7.108134974002748,35.619942354326255,18.697172757438196,11.175021546511008,7.1088515485062,36.932124932135295,19.34620392177509,12.091986784059788,6.674166032157673
3.7989999999999995,34.87759101596273,20.087363498031397,37.600270975815064,19.75884515836493,0.03515507636916987,0.0029786577806084342,36.561912248473305,19.2135443260382,11.28617910279123,7.4725189909494905,36.56330591064675,19.190525138161103,11.281232301733121,7.467320724216492,36.610700153346286,19.216165563632423,11.175371467438618,7.4679071185387285,38.00905437241549,19.90616212090894,12.118784195343201,7.007525874856698
3.899000000000001,35.73230923678124,20.598860161043156,38.59001224919795,20.278951637921793,0.20031009264466554,0.0025336361616951344,37.561841152989366,19.739074780789192,11.306209637772264,7.842170237556921,37.5647745752587,19.715205341078462,11.301886842149003,7.836890442339449,37.601846060371514,19.735485913957934,11.175960652185456,7.837340925080094,39.08868438512834,20.468763136090807,12.162157713007794,7.350787022553576
4.0,36.58872332699979,21.103907517775912,39.58965093531463,20.804259182274212,0.18533719372867383,0.0019463791676243257,38.57349513593009,20.270783049571897,11.324928219202423,8.226061712018769,38.578382504329234,20.246503041483756,11.32148843882186,8.220604411682135,38.603304532354265,20.260459243755513,11.176814014783773,8.22090513038587,40.18229005507397,21.039853460108407,12.204363946319836,7.707387226777864
4.099000000000004,37.428178722359405,21.56625602230459,40.569494795963706,21.319164597035517,0.20960234034847103,0.0026343624277127002,39.5675878633383,20.79328449757339,11.341910328070966,8.61771825698043,39.57427083970335,20.768359881410735,11.339168181922139,8.612127281048544,39.58478930699419,20.774815846844632,11.177479487559635,8.612260354474097,41.25899926850376,21.602668385164296,12.244064429534799,8.071634046977632
4.198999999999998,38.24897955349015,22.077752685316348,41.55923606934651,21.839271076592343,0.1338606204562342,0.003765525565318603,40.5717219314273,21.32106373797889,11.359063973392724,9.013330928658837,40.58021865321246,21.29548800254905,11.357026508286054,9.00760492687316,40.576188069256645,21.294367971177028,11.17815168228273,9.007568661633885,42.34658433257414,22.171168309463123,12.284165927731726,8.439560127987464
4.299000000000007,39.09013081834017,22.533651884356104,42.548977342729465,22.359377556149244,0.18812856552962187,0.003392474980944969,41.57802387727574,21.85000373429608,11.377876236387634,9.424362322088985,41.587967438792326,21.82327895253162,11.376231884382417,9.418573697912242,41.56718237970022,21.813441866059588,11.17850316413955,9.418351455624114,45.53981596075001,23.852148874998985,13.443164977975613,8.372662126056968
4.400000000000006,39.91242401460622,23.005451958036552,43.54861602884615,22.884685100501663,0.1608033847060994,0.0030410230725099797,42.59594906158311,22.385069443881992,11.394116820442097,9.849942031227524,42.60747595587992,22.357220394919526,11.392908667307912,9.844079557258658,42.56818674734194,22.337753917691234,11.178892764093458,9.843660303199732,46.7561822373993,24.462110103836377,13.507607648512417,8.725129782817959
4.498999999999995,40.73173248046611,23.478808760818826,44.52845988949508,23.399590515262894,0.11147342850316411,0.002098349592370517,43.59552766757243,22.91051111593265,11.408201502454057,10.282324852935158,43.60937213211752,22.882247985615177,11.407832222625032,10.276233066348398,43.5501319848479,22.852382769375005,11.179690150787028,10.275619469990648,47.95456676302201,25.076655072186607,13.57070442504845,9.094675414133706
4.599000000000004,41.54574983354483,23.923588467854277,45.518201162878036,23.919696994819795,0.1727682564361185,0.0023599950500457125,44.6052030271578,23.441260279620288,11.422428453981292,10.71907517789245,44.62138847175166,23.412578885307855,11.422906520925157,10.712751762398726,44.54199586111673,23.372209892288005,11.180495591891644,10.711941860688627,49.16505618284315,25.697407565469785,13.634438542761627,9.467953829604228
4.698999999999998,42.3529837087824,24.401726652482832,46.50794243626084,24.43980347437662,0.19243448371555655,0.0011195519263178183,45.617107626608956,23.973206429971036,11.44167113522018,11.171124674290283,45.63564341682395,23.944713543927957,11.443069676891234,11.164146918901077,45.53391581022084,23.892668830814827,11.1813993688877,11.163138052079601,50.379670302508316,26.329303192000236,13.702716617687734,9.859060908811367
4.799999999999997,43.15451946242313,24.839945857908393,47.50758112237753,24.96511101872904,0.17878884377190432,0.0016098886949981544,46.64079068107836,24.51136350825025,11.459728068515693,11.638062452894117,46.66115357763025,24.483072576542117,11.46181674267823,11.63022730510774,46.535238351456734,24.418365497991154,11.182088820329431,11.629007367136674,51.61035846873014,26.97201513691842,13.769755167710402,10.265001064406711
4.900000000000006,43.941335069066014,25.295733862407353,48.49732239576048,25.485217498285937,0.27538076290499164,0.0006872676093480842,47.656346419047466,25.045271523903118,11.487264989493532,12.110630779321113,47.67697175378309,25.016938653143207,11.489400340885098,12.101392592603462,47.52517739229663,24.938648511215366,11.182168929785533,12.099949425733024,52.831947656639045,27.61261158080875,13.844780354317917,10.676761030850804
4.998999999999995,44.71363403279504,25.73606577200901,49.47716625640941,26.00012291304717,0.06405699264753664,0.0013185970592840535,48.6640842312758,25.575097126027234,11.506609833515018,12.593598730765656,48.683178843349054,25.54625223849573,11.508075519450665,12.582745966455274,48.50346509429728,25.453279992508136,11.181548220152978,12.581050412555978,54.048557770892195,28.251083154812267,13.910620075689655,11.099018891649282
5.099999999999994,45.50146716100264,26.174173782893764,50.476804942526094,26.52543045739959,0.3241638552123224,0.000850483395278853,49.692180383145214,26.115626275669065,11.526345482466233,13.086323610522257,49.70971334886595,26.086259027592796,11.527127974350892,13.073823650889997,49.50151618421724,25.978308069382628,11.180914970931887,13.071870611233988,55.28974586725159,28.90245314445228,13.977789892442646,11.529807214282116
5.200000000000003,46.27430880307224,26.618842294598327,51.46654621590905,27.04553693695649,0.2653011642918549,0.0004990249443086216,50.71355932710009,26.65266541045554,11.552874430021136,13.589435138099896,50.72643052167508,26.62180247673319,11.55177411097715,13.574789707572071,50.486624997461504,26.49718720962057,11.179102376740731,13.572528638818568,56.52655343769245,29.551484144508237,14.050482101626327,11.970309022120098
5.299000000000007,46.992882621478735,27.04816590594638,52.446390076558124,27.560442351717796,0.2636826845551777,0.0011306113416706212,51.72819294081841,27.18619989972599,11.579533442163688,14.102559441458196,51.735820981782894,27.153709690306783,11.57644031857907,14.08607126995681,51.46117467525411,27.01071284035778,11.177145525884827,14.083453603066609,59.35280072561909,31.055399620852324,14.800185630520398,11.910726881231108
5.399000000000001,47.73228171731065,27.43734814979992,53.43613134994093,28.080548831274623,0.27485127500927936,0.0010167885502558745,52.75307537891762,27.72512362626175,11.606461737257174,14.620866818587743,52.755407305124024,27.69098970401743,11.60135567979313,14.602517292567608,52.44556828918593,27.529425598678145,11.17516890885866,14.599539425539328,62.207595965948755,32.574506162613886,15.557461922332518,11.850542900535164
5.498999999999995,48.46489733506041,27.84876937845217,54.42587262332374,28.60065531083145,0.2782204597844519,-0.0001030649432668413,53.78156688477449,28.26598932586218,11.634282509354636,15.154358689244303,53.77495855777019,28.228859895308165,11.62585951094608,15.133653569814472,53.42630501668448,28.046770991202987,11.171879453555539,15.130243198695743,63.58570049322334,33.321608225081796,15.661102886328733,12.268540744358049
5.599000000000004,49.17716251898546,28.249071114310023,55.41561389670669,29.120761790388347,0.36753323274553096,0.001238009513916441,54.812901579191184,28.80838513153545,11.671034150966223,15.698004732815413,54.798850899977026,28.768914657005062,11.660001830112373,15.675500339286128,54.408377523776196,28.56471923132912,11.169235829475562,15.671633426006135,64.979064031104,34.06956727403777,15.77479604943884,12.698040702741764
5.698999999999998,49.88942770303101,28.649372850167875,56.4053551700895,29.640868269945173,0.32851378962901034,0.0013457969684020962,55.84730076783783,29.352430455778585,11.703883995897378,16.251803762328368,55.82734406888905,29.311292252167007,11.690927002645985,16.22789544415087,55.391842697212034,29.083300627495102,11.16722655477774,16.223562253250137,66.3853163820562,34.81924726826996,15.884956365958466,13.137390526280894
5.799000000000007,50.58812593107795,29.038555093231327,57.39509644347245,30.160974749502074,0.1876677809121134,0.0006935024562831835,56.88397241174117,29.897699312789182,11.722649880003097,16.81574419779317,56.85754553287136,29.854752016758628,11.707637738250517,16.790390919278583,56.37465604135783,29.60169307150049,11.165055664743504,16.785565445134573,67.80232773846807,35.57235596725694,15.981313784977237,13.586522352927636
5.899000000000001,51.29360763717691,29.42773733629478,58.38483771685526,30.681081229058897,0.39658727870162164,-0.001124792074223913,57.92321606661418,30.444353308396927,11.762306718818834,17.389825867441154,57.88304387406469,30.396574887629995,11.742625825750034,17.36186889407546,57.350229530301334,30.117012058106226,11.16027669471364,17.356421599910774,69.2290255576526,36.33071599679072,16.09867636602424,14.045994579699043
6.0,51.97188759662916,29.80946951984176,59.38447640297194,31.20638877341132,0.5040575657881079,-0.0009810518002478378,58.97687919035048,30.998642218097686,11.813214184212084,17.979957813767225,58.91610663738772,30.942912705749432,11.78649595983964,17.94837561752717,58.32874760940335,30.63432619622394,11.153090020634947,17.942144716081902,70.68079092939442,37.10001056313381,16.227613179431856,14.519402839750633
6.099000000000004,52.63673626974325,30.17274334561866,60.36432026362102,31.721294188172624,0.3469796360008991,0.002564849725554082,60.01489272363529,31.544762948851098,11.846924800868992,18.5735284046113,59.94929545356267,31.48808114965612,11.8191099135809,18.54051229188197,59.3025636233395,31.148034520548073,11.151624216228258,18.533755797764826,72.12384890003896,37.85891912753236,16.338647752991672,14.994111258939617
6.200000000000003,53.30131360385274,30.55458672370644,61.36395894973771,32.24660173252504,0.3342026737465905,0.002455345211682355,61.073876227289446,32.101916421639906,11.881316440084625,19.1790903205229,61.00335677107443,32.04426309748009,11.85238273507451,19.14461132329442,60.2960526880622,31.672120790818123,11.150128799611334,19.13731861847162,73.59605955695908,38.63315917808035,16.45192544924966,15.478409747203102
6.299000000000007,53.95273099062866,30.928868846156767,62.34380281038678,32.76150714728635,0.13525255188898377,0.0025636209446189572,62.116135339892,32.650324669045446,11.897719923333145,19.79266691411404,62.04381094354248,32.5931458940147,11.868808965534873,19.75643528581402,61.27281618001658,32.187260335894216,11.149786808419712,19.74874943395239,74.78008926439047,39.2494024499907,16.44577560314781,15.01677006246189
6.399000000000001,54.61751182906315,31.284692611627108,63.33354408376959,33.281613626843175,0.19584341735292227,-0.0010278576265279928,63.16892232231872,33.20427239369745,11.91428909833165,20.41244125107473,63.094774754116166,33.14757296122132,11.885401117515038,20.374439288359014,62.25944596986939,32.7076033107185,11.149441362771608,20.366356318276342,75.9760788678564,39.87187040141523,16.43956363738836,14.550467350602123
6.498999999999995,55.255158755635954,31.662755362686248,64.3232853571524,33.8017201064,0.38719401080830607,-0.0010324806082826071,64.22499725385815,33.75999286423958,11.953006545564824,21.047353921247918,64.13894146153027,33.69997889428688,11.920820587165261,21.00715342519008,63.23575123654414,33.223817037246874,11.145676763962546,20.998305787108567,77.44026111763233,40.62746795134139,16.548566320664435,14.99675203678532
6.599000000000004,55.88602220426217,32.05193760495961,65.31302663053535,34.3218265859569,0.3037795498900876,0.0006436134560289415,65.28411333557618,34.31735269963343,11.983382995061188,21.692404974660008,65.18857236114899,34.255176698356955,11.948819319842482,21.650242275139952,64.21403470999726,33.740962512410654,11.142695248801653,21.64065213510975,78.91109291068959,41.38613878704581,16.648257361814437,15.450048004516736
6.700000000000003,56.509491662027074,32.43389217837828,66.31266531665203,34.84713413030932,0.4101900058670762,0.0010977385086973876,66.35701256361773,34.88200688794693,12.024810109585763,22.35419967956893,66.25603475963676,34.81955596860071,11.989290373699017,22.310222796114836,65.20585898701,34.26502737244049,11.141021951801164,22.300000900102123,80.40505683334504,42.1574127878331,16.75943077963203,15.91503831037872
6.799999999999997,57.1266524852051,32.82318561677262,67.30240659003485,35.367240609866144,0.34381419807634606,0.0018569874019796202,67.4226254383495,35.44286946298351,12.059189775828692,23.019637167076777,67.32173220997352,35.382553500679364,12.024520071951727,22.973518136688725,66.19314425144734,34.7863054078409,11.141133533475825,22.96294380163049,81.89466469911376,42.92849184718382,16.863452912290867,16.382706607573528
6.899000000000001,57.72434472677898,33.219484334940056,68.28225045068392,35.88214602462745,0.23524605574192495,0.0019255174629311117,68.48111514489042,36.00002935034261,12.08237998020866,23.693407475946543,68.38342671740818,35.94294325558021,12.049460990190475,23.644007352668442,67.1738399440099,35.30369176905149,11.142253982072736,23.633387268736787,83.38272333995242,43.70144156086082,16.956153359612426,16.856424298994984
6.998999999999995,58.314507307770846,33.64202505638671,69.27199172406672,36.402252504184275,0.23327787770136021,0.0015842531267392112,69.55029666664882,36.56281711535175,12.105804429077313,24.373983545511898,69.45584541178653,36.50899351305576,12.074653836896278,24.321269186991323,68.16444165366897,35.82630425512274,11.143385748332243,24.310602892076414,84.88581287615295,44.48219884740317,17.049790175088738,17.334927017602467
7.099999999999994,58.91023234065391,34.06901357526715,70.2716304101834,36.9275600485367,0.3038994956988585,0.001343386936469883,70.63360124264064,37.133085008579336,12.136496564926123,25.076700599322262,70.5425951119238,37.082466682337355,12.107088411499333,25.02015106434741,69.16526472295256,36.35419271215823,11.144565749705812,25.009496241286765,86.41660582467244,45.27844079707288,17.151469638115895,17.829110640064698
7.198999999999998,59.460915080081875,34.50934548407872,71.25147427083249,37.442465463298,0.29504312647946956,0.001495278043069847,71.69899613051162,37.6939734686621,12.157491038707345,25.780585438709828,71.61143406002849,37.64629486187264,12.129709664507168,25.719660176962837,70.146487362044,36.871587840169376,11.145722287800064,25.709079986897265,87.24646338326374,45.70695981678864,17.028080725133545,17.42428584423038
7.299999999999997,60.029302696823464,34.94767588562526,72.25111295694917,37.96777300765042,0.13075487806489994,0.0016090779547874169,72.78591414743043,38.266193008746505,12.178909643272025,26.49869017384256,72.70186571415543,38.22151350968134,12.152787912525259,26.433300786802782,71.14753268071298,37.399435395009,11.146902190300262,26.422796737469557,88.09308574101846,46.14413578639763,16.902199106838427,17.011282769692357
7.400000000000006,60.564993950023045,35.414805772000214,73.24085423033212,38.48787948720732,0.22980872245881043,0.00141872928226346,73.86458596849458,38.834106273346606,12.201889140041416,27.224842679453165,73.78369225377948,38.79205945844985,12.177222595519725,27.154756162423386,72.13847423280878,37.921847863781714,11.147949618111541,27.14432407533616,89.59680335895716,46.92286686093449,16.98960255762593,17.465316057740004
7.498999999999995,61.07538283039133,35.88816257478249,74.22069809098106,39.00278490196855,0.293723983402574,0.0019599916482668954,74.93597680598494,39.39823607387736,12.230057238852245,27.95871141596626,74.85597923723314,39.35646900183901,12.205963824163973,27.88138251208061,73.1180187552046,38.43734961744123,11.148387461959482,27.87120713894831,91.09497060795032,47.70656466601734,17.08176486112579,17.926044897170527
7.599000000000004,61.57057672019118,36.355181266616654,75.210439364364,39.522891381525454,0.2754558201771755,0.003190247056174049,76.01818977314713,39.968064155221654,12.258509863913694,28.699992967999833,75.93909740233805,39.92657965172715,12.234995368249077,28.615348521835518,74.10745766671573,38.958058459521645,11.148829728472553,28.6054324557284,92.60827085945884,48.49817861054563,17.174858096984256,18.391427563262052
7.698999999999998,62.05898713208961,36.83331945124521,76.20018063774681,40.04299786108228,0.3431115612642449,0.0025300257667755822,77.10436159699537,40.54003453026411,12.292818733149705,29.456414151049895,77.021079290721,40.49477552516612,12.268184582296263,29.361855652631952,75.09271021045845,39.47548044247089,11.147882898670819,29.35214607172452,94.13049265808631,49.30113021522717,17.273545953393292,18.86744743177024
7.799000000000007,62.53383058804969,37.344816113466884,77.18992191112976,40.56310434063918,0.21749514011349552,0.0026263140432727975,78.19299820782406,41.11333975432031,12.314566739478417,30.22295763132214,78.10212465949128,41.061881170756415,12.287770469584501,30.117847676889497,76.07487621195429,39.99077933690784,11.14599830707292,30.108116164034094,95.65808038632098,50.10899491957863,17.35910003061306,19.3500313357095
7.899000000000001,62.99510708817684,37.86743226848295,78.17966318451258,41.083210820196,0.41543021814069914,0.004207095983671435,79.28441707525769,41.68815292756016,12.356106747072669,30.99963247962,79.17120999935536,41.62108316156146,12.322754004839897,30.878226609859713,77.04372218381071,40.49773538355007,11.14015926333101,30.868225566075157,97.18228946995978,50.921328627405806,17.46176890632113,19.837742736731997
8.0,63.44695455392162,38.40661646775477,79.17930187062926,41.608518364548424,0.2829744776831709,0.0030578955055678564,80.38986296755985,42.27040260101782,12.384684961425684,31.79436706936674,80.25039620278446,42.18528896268807,12.343783546825346,31.65722588585314,78.01829669752192,41.00743041677185,11.133253953162658,31.646401348781566,98.72485719843813,51.744428761006844,17.550630809519266,20.33599593678869
8.099000000000004,63.85660878685157,38.946023056898284,80.15914573127833,42.12342377930973,0.3985099479579274,0.0034879676122558847,81.47811578114013,42.84367324589786,12.424225605636021,32.588429967251855,81.30577213247867,42.736676392488405,12.374164441217973,32.43588620604569,78.96590414191465,41.50269547032588,11.124568750176731,32.42349325996145,100.23865746049172,52.554222603688125,17.64648937845445,20.83205045354974
8.198999999999998,64.28396789727589,39.49087819750316,81.14888700466115,42.643530258866555,0.40034751893236054,0.002971254173947075,82.57736104738275,43.422734503352395,12.464165650292925,33.39051370248927,82.37180842509896,43.29363339228667,12.404852213331733,33.22241178199768,79.9230833786749,42.0029632011885,11.115795817867715,33.20843458438549,101.76774863428308,53.37219618215399,17.743316215762707,21.333115621995198
8.299000000000007,64.69097657380019,40.05797232448691,82.1386282780441,43.163636738423456,0.41195687791436525,0.004420291989174857,83.68191186602267,44.004679719197384,12.505357710628992,34.207785890786504,83.42589553900284,43.843811856685306,12.432323560640032,34.02078184104184,80.86290165907253,42.49372926164713,11.102532107557845,34.00421103643738,103.29008176144343,54.19000765830705,17.83637402384207,21.840454244841883
8.400000000000006,65.08163706856102,40.65319876668402,83.13826696416078,43.68894428277587,0.23010846656185857,0.0036870032724968687,84.80036645292722,44.593999762842735,12.528596487393026,35.04352274683683,84.48895104653988,44.39905802242479,12.44087311679562,34.83788520465466,81.80660633638861,42.986878442753884,11.088005317981768,34.81808866410595,99.03078738972293,51.955768635742174,16.330881068929777,19.39321533659708
8.5,65.48165876281374,41.242754267548094,84.12800823754358,44.2090507623327,0.34290032977477636,0.0030562084982696603,85.91027326156646,45.178861076353876,12.562883167520543,35.88116600773553,85.54977927737669,44.95383461403924,12.462578900296451,35.66013577008613,82.7448670362836,43.47781687778805,11.075078899614336,35.636927444589,100.41514565480801,52.78444822409159,16.404043263124144,19.81140222296678
8.599999999999994,65.86139785802678,41.85443755867007,85.1177495109264,44.729157241889524,0.43292852953510186,0.002834583646544934,87.02358597431092,45.765579155183595,12.60617163066626,36.72897001197721,86.62224169130668,45.51520108763223,12.495806305666436,36.495354843792185,83.6896107035421,43.97264609434749,11.064225302023859,36.468809028220605,101.79905214833109,53.585042698799924,16.481225244733565,20.23956838024053
8.698999999999998,66.22404258887106,42.470902231638334,86.09759337157547,45.24406265665083,0.4542649968554757,0.003605704572697321,88.13154108947435,46.34958160848008,12.650373272098514,37.58336482496158,87.68195912835165,46.069821446488305,12.52835025299048,37.33602994740308,84.61557671498097,44.45778289322577,11.05144931921957,37.30537934686188,103.1612763346518,54.36097911877447,16.552944953015427,20.668951772720355
8.799000000000007,66.61070083155558,43.09359382101391,87.08733464495842,45.764169136207734,0.4388706124526637,0.0038205806084547077,89.25068767044758,46.939483076456355,12.695021394757358,38.44638988858219,88.75238078193249,46.630044031191446,12.561222927055173,38.18519671872725,85.55089591845463,44.947820063809914,11.038544286083923,38.150399870742,104.53726036123845,55.14475328036497,16.625389102795086,21.102672371184845
8.900000000000006,66.98765870086822,43.74508489679809,88.08697333107511,46.28947668056015,0.3147665581533853,0.0038688923343650184,90.3863388654448,47.538185906333624,12.726809156004743,39.33345522828734,89.82887574995789,47.193559345964374,12.578976219506382,39.0566104771656,86.48365367630029,45.43687900623605,11.022943537499275,39.01653041704599,105.91913367288585,55.9242647970746,16.680056074797474,21.54495520688138
8.998999999999995,67.37045036115195,44.39457446294697,89.06681719172404,46.80438209532138,0.3170185951840815,0.0032962026215040572,91.50381352034937,48.12739226085987,12.762555596150367,40.21803239707973,90.8963218872815,47.75282551580768,12.603452866231965,39.9280325480901,87.40237192525733,45.91924529587138,11.009336693220673,39.88257392553597,107.28326965612968,56.684252690159845,16.737859742767586,21.98657217699588
9.099000000000004,67.77067555974473,45.06174402350015,90.05655846510699,47.32448857487828,0.40477901495890567,0.003137098228674791,92.63257579803097,48.722550194724874,12.798663111448985,41.11154468878939,91.97455030882072,48.317740838881825,12.628176751813367,40.80825686215542,88.33037015652724,46.40648397227079,10.995592406070568,40.75736534825329,108.66118479071967,57.45191722862994,16.79624728617175,22.432649924586375
9.198999999999998,68.15733380251962,45.72891358247315,91.04629973848981,47.84459505443511,0.39680654592574593,0.002970278035766128,93.76642111554794,49.3204920392452,12.838338674785298,42.02026693707202,93.0696713057068,48.891592450001966,12.659759800534825,41.70579040138287,89.26705772552833,46.89859109336419,10.984479758196533,41.649804069079835,110.06010165397443,58.22177424142339,16.86050626158407,22.891408618600224
9.299000000000007,68.54399204521921,46.38496364944183,92.03604101187275,48.36470153399201,0.4691606965446934,0.002765247265356449,94.904063168504,49.92051529706757,12.885248545082192,42.939181779396876,94.17802951034142,49.47220170039694,12.701036511787573,42.61459472231702,90.2114705693334,47.3947202051072,10.975495710704108,42.55414063623036,111.47755943492507,58.99628635742683,16.93456297738536,23.360212597355044
9.400000000000006,68.93458470519502,47.08115508548521,93.03567969798944,48.89000907834443,0.3168727841614159,0.0036516591736577564,96.05657589825965,50.52845559552579,12.917248320233949,43.87762061199739,95.29501870140635,50.056617743484814,12.725947510926906,43.54191397655289,91.15759670879409,47.89143155865341,10.964712566884732,43.475927311174004,108.51486879990532,57.39462620370209,15.916321145806306,21.877211302744584
9.5,69.32795859107122,47.759555333373584,94.02542097137224,49.41011555790125,0.4176237506376958,0.0034217761503586605,97.20091066245459,51.132151824877134,12.959004787389125,44.81699367615478,96.40392687534028,50.63634318827247,12.760721211938426,44.47012685725512,92.09146214812388,48.38158616312024,10.953558263990674,44.39813282478123,109.87494734767367,58.180563508483196,15.984234805118083,22.32055666007244
9.599000000000004,69.71075025133989,48.44206979270309,95.00526483202133,49.92502097266256,0.43686707820587944,0.0037896071189766223,98.33969533010644,51.73305039856771,13.009332035246596,45.76208409035049,97.5004867185372,51.20886405199444,12.802586267452435,45.403056576794285,93.00397042186864,48.86045550500922,10.940029991499017,45.32325645311319,111.2099967507236,58.94080243120196,16.054407760059416,22.765254225005865
9.698999999999998,70.11097544999292,49.12035884526057,95.99500610540413,50.44512745221939,0.5792813964178787,0.0038064864337968496,99.48998287318899,52.34001865482076,13.060167639143025,46.716720872366274,98.60812292378652,51.78716795474385,12.844874202315065,46.34540982885396,93.92569595090366,49.34416191095764,10.926365069790274,46.25772476455952,112.55853150127896,59.70872053495821,16.12528953272742,23.214443684534537
9.799000000000007,70.4976336926925,49.80976739061245,96.98474737878708,50.96523393177628,0.4577274044547729,0.00305405128925603,100.64701806474862,52.950699954839536,13.105933196051156,47.686663073975275,99.73301320635554,52.374503635310376,12.884775738064357,47.30400235303916,94.85256378200145,49.830930041361796,10.91434898841262,47.20879775129758,113.91307845444591,60.4667124797519,16.18903406813372,23.669697682484212
9.900000000000006,70.91522459489963,50.50640360639922,97.98438606490376,51.490541476128705,0.4372545733737217,0.004093694541073309,101.81960166137138,53.569679528102874,13.150088735814949,48.67667645002266,100.86284983422128,52.963558559062086,12.920675678693089,48.28128512730625,95.77401789766601,50.31472155457163,10.89907198228232,48.175993495357645,115.27581903738866,61.22662569487108,16.248539592484118,24.132614339052633
10.0,71.29537069876267,51.22894823947252,98.97412733828658,52.01064795568553,0.3951951751711227,0.002279690306283084,102.98423957597755,54.184550857539584,13.1896016381813,49.6671478912834,102.01239773453568,53.563538874128234,12.958419604312116,49.26055978184163,96.71030512156264,50.80673718030782,10.889746023809824,49.14951777101682,116.64702788344859,61.981976999194025,16.306302290868707,24.599226351489328
10.099000000000004,71.698309288516,51.92247099626554,99.95397119893565,52.525553370446836,0.4412146990404737,0.0034368496282430033,104.14251823408637,54.79619121651065,13.228002855521419,50.662825108674184,103.16332992269295,54.163339825599344,12.996715645344695,50.24416667366014,97.64049956032396,51.29515543198271,10.881479045033714,50.128617263134004,118.01934738315845,62.73197813503876,16.363839601608166,25.07138552147323
10.198999999999998,72.1256683989554,52.61187954161742,100.94371247231845,53.04565985000366,0.3352344043658487,0.0025649221683333133,105.31249667662041,55.414009760925815,13.266791963945778,51.668559671695085,104.32588768850827,54.769199372539795,13.035398515074569,51.23770898862824,98.58008990250701,51.78850720135123,10.873128561421481,51.11760664911087,119.40552869599655,63.489555039932355,16.421958097304582,25.548313976002373
10.299999999999997,72.49611412938627,53.341651845915685,101.94335115843515,53.57096739435608,0.34987391773582677,0.002746726538483981,106.49891667207791,56.040625689561345,13.302122854035058,52.69979234651464,105.51894520349735,55.39060360514943,13.073697036370078,52.254143150533906,99.5420764057342,52.29324439211552,10.867780137461432,52.13356505419891,120.8294625973743,64.26122188862955,16.479917131757194,26.042428978702684
10.399000000000001,72.90576836237646,54.03517460349879,102.92319501908422,54.08587280911739,0.5384861451041455,0.002597093370059018,107.66780592630519,56.65813078691812,13.350147323127846,53.72585812741457,106.6994181044797,56.00441838136211,13.125537795346686,53.26375187687002,100.48765584316715,52.78866424415047,10.863197864891466,53.144376278042614,120.73486946582968,64.19767976825209,16.220354044720047,25.511447604985104
10.5,73.30986014338508,54.742819115958966,103.9228337052009,54.611180353469805,0.432941166485033,0.0035799808658337176,108.86030910486024,57.28811073472652,13.399141983515435,54.772652509948784,107.90373894285558,56.630633456084105,13.178425842383426,54.29375673909166,101.45233789549766,53.29409257804469,10.85852302115847,54.175607930650784,120.63836536193062,64.1328539686751,15.955547258954887,24.969739334828812
10.599000000000004,73.69265180365376,55.44735017179566,104.90267756584998,55.126085768231114,0.37520095819936383,0.003252332498541025,110.03635904697398,57.909580069216126,13.43485703558678,55.818961685135605,109.0908213176537,57.24553526115445,13.21746715604845,55.324207997837064,102.38825319704235,53.783320293217564,10.85195963432409,55.20503027883754,122.01494351191324,64.8993037600126,16.01305429277099,25.435373034181463
10.700000000000003,74.09016361113116,56.15477229438415,105.90231625196667,55.65139331258353,0.3467418827852702,0.0037823661730505796,111.23616757377684,58.543604339755994,13.471293603861588,56.88640841941705,110.3018851545689,57.87285932491306,13.257297183120846,56.37547645372879,103.34307587841616,54.28243139657573,10.845263653816287,56.255249038098725,123.4193313214914,65.6812373855185,16.071723084845996,25.910413474935154
10.799000000000007,74.49310220089956,56.837286754503744,106.88216011261574,56.16629872734484,0.5263391568533624,0.003355464037289953,112.41929394079698,59.168998063361585,13.51149843348143,57.95291758304984,111.50814888387242,58.496445037229506,13.303096334557216,57.422815021414394,104.28072382700505,54.77215857370951,10.839268248024837,57.30460767377951,124.79762872858774,66.43935842961388,16.13097142996295,26.385311829876553
10.899000000000001,74.87297696572787,57.53781479185994,107.87190138599854,56.68640520690166,0.2872495801880939,0.0027946975604409303,113.61437107920105,59.80070889528637,13.552109372491367,59.030199566517204,112.72659709529002,59.12632959512485,13.349358103684857,58.48073276655126,105.22784296699375,55.266832490006216,10.833212282578929,58.36456589163878,126.18984833171523,67.20513726203336,16.190818243212398,26.865007137898125
11.0,75.24335486137372,58.24501452536683,108.87154007211524,57.21171275125408,0.42250961537065207,0.0033605317562475307,114.82632670579292,60.44147297335531,13.594773611015745,60.13372883781009,113.97213309601317,59.76958499371015,13.399560099668538,59.561408663905205,106.18898760677025,55.76856566079627,10.828181716709421,59.45077980511388,127.60406492126035,67.97635405427442,16.25246025266566,27.356702157627655
11.102999999999994,75.66148844174066,58.93397829097534,109.89097358369953,57.74742242519761,0.35741760896869706,0.0025871695931118984,116.06585950462659,61.0969142066748,13.631579464253704,61.26985254686784,115.25706853870935,60.433930531530585,13.446238716478856,60.66645845596248,107.18153008240023,56.286925980384666,10.825697018213864,60.56918426932226,129.05913699813834,68.76520032717261,16.309784085491717,27.864103700966893
11.198999999999998,76.02616821597043,59.617159920709994,110.84112520614711,58.246724645572215,0.39436661253908456,0.0031097076092104605,117.22613755899806,61.71058445304406,13.673562475487506,62.343496675502585,116.46952337180578,61.05991686815451,13.499068237843488,61.704286609073435,108.112339002969,56.77248069386708,10.82454633011985,61.62523828833517,130.42717102662584,69.50351397582388,16.371490078238722,28.344435460564405
11.299999999999997,76.41655737154592,60.29133476103627,111.84076389226381,58.77203218992463,0.4783480573769786,0.0026890522084634183,118.44684676203465,62.35621669141169,13.717732101889734,63.473059769170334,117.74512689412592,61.7185066598109,13.554649296779193,62.79616831182554,109.09162755481735,57.28332471534334,10.823335710354273,62.736295120838285,131.8664568274303,70.28028146034237,16.43640992477463,28.8497844993076
11.400000000000006,76.78964865841257,60.991529213189885,112.83050516564676,59.29213866948153,0.523018163428935,0.003851338037011024,119.66169939232064,62.99892549112659,13.77002160957142,64.60669888919358,119.01524907440985,62.3720680815635,13.617924119610333,63.89618311586171,110.05440107585167,57.784385645089465,10.820713270658167,63.85172233095839,133.30079989974757,71.05157924572596,16.50908226906197,29.35723847300229
11.5,77.16267211046406,61.65880996907394,113.82024643902956,59.81224514903836,0.5847734700710139,0.003933929061882315,120.88139014848058,63.64433106572058,13.828484812240937,65.75065655225147,120.29070472406913,63.026129003186064,13.687079535467042,65.00988957459472,111.0071070654188,58.27924481490114,10.816070372981205,64.97687684291935,125.668213342685,66.85405206027593,14.76719863112422,25.76806235094058
11.599999999999994,77.52884424978393,62.337321411503126,114.80998771241237,60.332351628595184,0.5066146944411181,0.00410951234222723,122.105846398813,64.29239526167785,13.879133679506259,66.90493398853201,121.57254693747917,63.6812052566325,13.748349586728233,66.1359004430258,111.94796634885135,58.76716164380546,10.80912636087324,66.1109363336152,126.9698245614452,67.65522781834571,14.833438986694592,26.179593120267842
11.698999999999998,77.8780576943051,63.03084416829614,115.78983157306145,60.84725704335649,0.3840718697330917,0.0035972687574397887,123.32354801121024,64.93704525805549,13.917091502611422,68.06285818869904,122.87181123858036,64.34535984271076,13.801288431310477,67.25486929045259,112.89110152276223,59.25680595059822,10.804716833616176,67.24919725302733,128.2290193493773,68.39643724979486,14.87674656110607,26.61105472040329
11.799000000000007,78.2375820252334,63.686894235264816,116.7795728464444,61.367363522913394,0.3829573006614212,0.0030106938964130393,124.55354963989437,65.58820687055818,13.955432738071185,69.23247859290821,124.18419942151091,65.01622306097165,13.854762011696584,68.38514085351001,113.84376331459144,59.75139615947982,10.800262765679747,68.39895575748409,129.5009332765815,69.14513364519809,14.92049158576413,27.046874518519925
11.900000000000006,78.61413288585085,64.36084668650949,117.77921153256108,61.89267106726581,0.7458867397695093,0.004500934875816357,125.80253292968546,66.24961711855059,14.03074703576865,70.42941477412239,125.52212884244597,65.69686370994918,13.945788746079149,69.54493325213767,114.7905072318033,60.24191724902471,10.79285483268763,69.57428060163112,130.76609030296734,69.87536321431902,14.994844734614695,27.493013286233413
12.0,78.96029376525614,65.0388021538644,118.76895280594388,62.41277754682264,0.4864122772626832,0.003485157106335972,127.04455884196653,66.90750694114138,14.079374854497752,71.62492854238263,126.87584380477962,66.38534431727426,14.014115269074875,70.6931802755657,115.7372012029272,60.73278285243461,10.7874346759856,70.7488659082863,132.01785807084184,70.58877392383103,15.04060102981436,27.936846031922155
12.099999999999994,79.32673724371615,65.68362153349788,119.7586940793267,62.93288402637946,0.4691993567408844,0.0033883973267597443,128.29075298174521,67.56773251176901,14.126281561033787,72.83074871256508,128.2536145393768,67.08600301603785,14.08408448583239,71.83950506225987,116.69373014955525,61.22903664771917,10.783970449768875,71.93373320332721,133.27325636041002,71.29608161366443,15.083944365665728,28.383920454941634
12.200000000000003,79.70634066938926,66.31776620008034,120.74843535270965,63.45299050593636,0.46496558956021133,0.0012037307116326218,129.54102104815178,68.23024275417964,14.172764782646308,74.04687310280238,129.645284949025,67.80057758017533,14.155579587705622,72.93344388184916,117.69442997203392,61.75058508961103,10.788959082152296,73.11675133576202,134.56185086001065,72.0079113589129,15.131369888509159,28.840105204113264
12.299999999999997,80.05914935717107,66.98460217543095,121.73817662609245,63.973096985493186,0.5425803574518058,0.002584357945422066,130.7956825607,68.89521802230216,14.227007163989507,75.27332626334825,131.0281807477664,68.51184231872612,14.232079690750043,74.03036077066561,118.69706754375883,62.273043993893275,10.794216373648954,74.3054456883382,135.86335663606764,72.72150652905553,15.187726218884107,29.302483461391173
12.400000000000006,80.41867368817465,67.61852445135163,122.72791789947541,64.49320346505009,0.5221576231735034,0.003124700586890889,132.05498635369366,69.56279922711937,14.27920763230095,76.51012909479762,132.40901998198586,69.22156136811508,14.304900124493567,75.15124556199098,119.69608867325252,62.79298644635461,10.798678425928781,75.50664067492497,137.1721854026584,73.43620515278984,15.242276671917603,29.770021587779567
12.498999999999995,80.77460277578206,68.2570057208271,123.70776176012434,65.00810887981132,0.41819419461385937,0.002388801745405336,133.30788955857514,70.22718386992462,14.328081827434383,77.74989543103104,133.7616550644924,69.91951542336125,14.37018200539109,76.27057026266327,120.68639881426296,63.3089348789074,10.803260987465018,76.70349139262663,134.8526664871977,72.15432771948305,14.62937993470937,27.219098972053576
12.599999999999994,81.13758668049128,68.89715491394519,124.70740044624102,65.53341642416373,0.5679626104042012,0.002725205523837121,134.58610393931295,70.90499042470579,14.377943380045265,79.01470755183496,135.14161610826184,70.63156956053166,14.436782712165337,77.41250758355127,121.69671522074846,63.83530651211787,10.807936126001989,77.92452091270621,132.48628860374765,70.84655377237195,14.004101445234244,24.61664256611065
12.698999999999998,81.4800844818509,69.52462788516705,125.68724430689011,66.04832183892505,0.5142482632321141,0.0024966707644593486,135.84791752674883,71.57438658381011,14.426796725194832,80.27492456851402,136.4805093926521,71.32483681764502,14.497666781797104,78.56278754235413,122.68365074872061,64.34993677803159,10.811809115470826,79.13684257531115,133.7026748504846,71.53486330358245,14.050408834734359,24.985773944301613
12.799000000000007,81.83282533483262,70.13619998095812,126.67698558027305,66.56842831848195,0.4731987332105298,0.002673345923370188,137.12247670597705,72.25054432027915,14.476143538477224,81.5478710500081,137.83292685163224,72.02510677432522,14.559165842031215,79.7246864906399,123.6805553224299,64.86976532945963,10.815721226045408,80.36140991127579,134.93134782698664,72.23012545632037,14.097183975643567,25.358633922272304
12.899000000000001,82.18556618787457,70.77001106312811,127.66672685365586,67.08853479803876,0.06143748777437244,0.003604710557965275,138.40149465286018,72.9292118386727,14.482285341713686,82.8361466809234,139.18651463847604,72.7241089372029,14.576434790092417,80.93763660458879,124.67037969513983,65.38468156730686,10.818207091892175,81.61307717116516,136.1581347949497,72.91802269653662,14.099195280502151,25.74320242957011
13.0,82.53505097147563,71.38781007532651,128.66636553977256,67.6138423423912,0.2713977497908007,-0.0007018161602478151,139.69477899016218,73.61549802457115,14.509687683662262,84.1476027389382,140.46556830839484,73.39637195846008,14.600146627113304,82.07903374269355,125.64323085343393,65.8966011302256,10.816411810637918,82.81705299123958,137.41105008534,73.5987841729785,14.123126097176193,26.13709963196154
13.099000000000004,82.88426441593656,72.00427474829478,129.6462094004216,68.1287477571525,0.5339829445376559,-0.0019299155315783724,140.96845387455326,74.29157542652668,14.567940012500932,85.44843210551731,141.4386080635896,73.91803983162733,14.606201351119514,83.08830906402828,126.39911212777352,66.30135907607445,10.781127800360396,83.85826496420003,138.63863613447933,74.2479447290896,14.175645656711948,26.526444359472492
13.198999999999998,83.2166548351538,72.62696633767035,130.63595067380444,68.64885423670933,0.6426558341448174,-0.0005577103615337655,142.25499416181688,74.97448189314835,14.626780748701604,86.7624011626678,142.4214765031802,74.44497707725077,14.61231723395407,84.1077790855784,127.1626285665003,66.71020548602274,10.74548738593866,84.90999422981656,139.87862204270073,74.90366246253508,14.228695716849069,26.91972186200877
13.299000000000007,83.56261221020398,73.20517995665841,131.6256919471874,69.16896071626623,0.6010930595133449,0.0006853487014772917,143.54949114883476,75.66187048119947,14.686871525114718,88.09196613890471,143.3800495263557,74.94828500516259,14.614577554487601,85.20458105972327,127.8726278310162,67.08755331108,10.70126715585672,85.99626115793312,141.1144156040376,75.55685850988822,14.28099799687515,27.315891526197756
13.399000000000001,83.9017861073678,73.8167520532396,132.6154332205702,69.68906719582304,0.3971708164672164,-0.00044241809804127473,144.8483369543881,76.35170877259704,14.726576406773306,89.43189831265032,144.2460315698034,75.39301409611869,14.580162535837307,86.28599486744851,128.50141877629676,67.41828506213079,10.643657216423813,87.05926222364668,142.33952629963048,76.20446383743835,14.310453446897187,27.71252175693312
13.5,84.23756826550563,74.40097019718311,133.61507190668686,70.21437474017546,0.5310677663211314,-0.000571218796914727,146.16427880851327,77.05075920825713,14.780197948412981,90.79573397218886,144.99618648646012,75.76145183248775,14.53732210766126,87.33452781718533,129.04452639750906,67.69702530901806,10.5703719836021,88.09691567905374,143.56398126324294,76.85285774100977,14.351069623956594,28.113451150166533
13.599999999999994,84.57660649306925,75.00131160642908,134.6048131800697,70.73448121973229,0.5792232881086768,-0.0014023159854270103,147.472051710356,77.7456256649682,14.838102908777264,92.15653148330897,145.45980740527662,75.95415409090988,14.451917687331639,88.22704299892392,129.39838632500565,67.86468316276503,10.467351672830999,89.0122339205591,144.7846809001249,77.50063582957111,14.396973838377358,26.43920468041747
13.700000000000003,84.90221343432485,75.59042232833986,135.59455445345264,71.25458769928919,0.5978289696905866,-0.0036111343257665364,148.78495286133656,78.44337957054363,14.89786830408287,93.52777044740174,145.19557813856338,75.71063710456912,14.245185763800848,88.66831168373744,129.28730562920242,67.76353753074127,10.287026492217056,89.5876730738587,145.93984477231172,78.11406389204036,14.433117096863798,26.801899032660423
13.799999999999997,85.22768470599529,76.15762764828423,136.58429572683545,71.77469417884602,0.6970493580747523,-0.0041568959686054535,150.10349658166172,79.14430824495794,14.967553632897795,94.90949794944127,143.8595306126265,74.79714798404633,13.867569128757907,88.19651990764362,128.5494288406969,67.28280618874716,10.00268239059609,89.59965913918347,147.03953279418403,78.6990323100941,14.46943708122395,27.15926475979441
13.900000000000006,85.53986036094284,76.73561887740063,137.5740370002184,72.29480065840292,0.5306341650893864,-0.004628697449962459,151.4273911744231,79.84824496420693,15.020602775345129,96.3016979510829,141.1751826050036,73.02427391132811,13.248358494623169,85.87392646448976,127.00274108868513,66.29787932463748,9.584872776889139,88.59477278582713,148.07844420021854,79.25222803207708,14.47872066370228,27.51145527654511
14.0,85.8652637978433,77.29148231625908,138.5637782736012,72.81490713795974,0.5016158186856389,-0.007533750244920499,152.75578605991348,80.55470871028946,15.070751568256492,97.70430799242746,137.0831598857281,70.38093558971161,12.39807952627006,80.54791134909458,124.17173734821043,64.53225426503492,8.957524762390666,85.49766209817639,148.98927271853967,79.73537957736215,14.463878812948199,27.849386145882292
14.099000000000004,86.16746774017338,77.83088890461251,139.54362213425028,73.32981255272105,0.9467356492434867,-0.005508507877934481,154.08084866293115,81.25968385756906,15.15642945146869,99.1085824173413,134.98327926287615,68.94964044434315,11.93250137128126,75.88128524880753,121.9115223340175,63.07177870769102,8.436664274185677,81.19496301736775,149.85203889417474,80.18599425433476,14.47820666890105,28.185416673102512
14.198999999999998,86.46594076965766,78.38686353801178,140.5333634076331,73.84991903227787,0.7853419416528129,-0.0027556534193574284,155.41929573668625,81.97177996593221,15.24297276784464,100.52704143240565,132.86218772464207,67.50388777225393,11.462220406646153,71.1675215111443,119.628476865136,61.59655087199024,7.9105425689281645,76.84880232968267,150.72351987966462,80.64116059471108,14.492679250671607,28.524841448072397
14.299000000000007,86.77119727705842,78.93171867861665,141.52310468101604,74.37002551183477,0.5838871656738561,-0.003315035848991529,156.76745630912268,82.68931186048758,15.301348865752493,101.96134122257423,132.28791974085826,67.04256236779572,11.230835840766428,69.38722998318055,118.65098086448877,60.93192793852644,7.611113777758797,74.15948150495424,151.61994373232505,81.10433547214197,14.48257216688547,28.873419060635133
14.399000000000001,87.06967030657283,79.48769331201592,142.51284595439884,74.8901319913916,0.47376438548127503,-0.0049352452162347606,158.12023288530145,83.40942409975247,15.348715497199235,103.40608935653921,131.78339977237195,66.65205189534517,11.004936943379171,68.39680674844212,117.90160082672583,60.42742635764904,7.354466131764555,72.42103307361172,152.46986782779555,81.53874093899546,14.453993329719346,29.218756215944566
14.5,87.37112806632771,80.01553562862165,143.51248464051554,75.41543953574401,0.4000472331101502,-0.005796585539998107,159.4904076551134,84.13889867450781,15.389112407636631,104.87582497745633,131.20077062531936,66.24021594995571,10.762440850134293,67.81957923931985,117.19141282777805,59.9660352037748,7.107691175952382,71.25029514647898,153.25524050724425,81.9323913230829,14.406170180776618,29.5603820761472
14.599999999999994,87.66939759142676,80.53804058909692,144.50222591389834,75.93554601530084,0.6497745426725948,-0.00561762985815043,160.85161843562707,84.86371670421096,15.454077975258965,106.34151446153004,130.6049533353165,65.83393179303494,10.54823301552881,67.56036823415374,116.52681497969378,59.54416226205243,6.873672407387044,70.508310679118,156.76326390280374,83.80086897567864,14.815374289165304,28.91695366633653
14.700000000000003,87.94745235233142,81.04953725210868,145.4919671872813,76.45565249485774,0.6273471591316501,-0.004935658224475397,162.21840798648554,85.59164171238179,15.51680194970112,107.81775036766616,130.0982157020296,65.48199345403,10.348961194931528,67.57669840426132,115.95885483939111,59.18432822317517,6.658498639356846,70.13416983683696,157.50838733468038,84.27437163602002,14.790003461004623,29.249557742160302
14.799000000000007,88.21607807883866,81.55591894728148,146.47181104793037,76.97055790961905,0.5163174500499811,-0.0036427839862314317,163.5784999796,86.316163860702,15.563597185592513,109.29473116317193,129.7928224751774,65.24642352077586,10.171053758504375,67.87422685443677,115.57266613039806,58.93293889059162,6.477388929967717,70.1599242036613,158.44478802389446,84.82002666730497,14.779044445881267,29.614788786153007
14.899000000000001,88.49420067452839,82.03405713270013,147.46155232131318,77.49066438917588,0.4296260344600309,-0.003946595001676723,164.95233027567505,87.04800441456075,15.610865100634319,110.78663095661197,129.484344468256,65.00847409324645,9.991349277264844,68.17476064249274,115.18257652535462,58.67901027182039,6.294449829574676,70.18593871560509,159.3906473059288,85.37119336557254,14.767974733635453,29.983709032610246
14.998999999999995,88.75875631426466,82.5344343021274,148.45129359469598,78.0107708687327,0.3333771912445937,-0.004151406547731746,166.33154140291063,87.78283369745859,15.644197938395891,112.29405254376394,129.21528746448257,64.80642452547993,9.808313725457502,68.59930228601459,114.84272506540775,58.46438329535009,6.12357460957083,70.39853174037877,160.4324480254253,85.96004816038618,14.757142692915597,30.368167143138116
15.099999999999994,89.02582184082144,83.00623437580785,149.45093228081268,78.53607841308512,0.33193293792264245,-0.003587002753415772,167.7274973966156,88.52664911338461,15.677718521237026,113.82702484378758,129.01245704458978,64.64299340398158,9.636406085782536,69.1139629093857,114.55163236186334,58.280070592691956,5.961453094160076,70.7277220867077,161.53306683462802,86.57636689430483,14.75329449364397,30.763433735160326
15.198999999999998,89.27430063790426,83.47959117859013,150.43077614146173,79.05098382784642,0.2792613100800425,-0.0013656321882494684,169.0998566055229,89.25797740843139,15.709348126339039,115.34499221210032,129.07681010558036,64.61805879008381,9.508943919988,69.77006168674133,114.46216594738613,58.20240936691477,5.8347732986409095,71.26214272130623,162.7263511465649,87.23947326120998,14.765455060317551,31.16157504794833
15.299999999999997,89.53444701698957,83.92892987681007,151.43041482757843,79.57629137219884,0.3590074082717255,-0.0011559589493627545,170.49994024289288,90.00408001246898,15.741616713362303,116.89362558785365,129.14246322840913,64.59262044661236,9.378906760945098,70.43941498485158,114.37089213059623,58.12317922748553,5.705534315333483,71.80735973236128,163.9437422122782,87.9159757163354,14.77786129500474,31.567759619580514
15.400000000000006,89.77186874499974,84.38460668597816,152.42015610096138,80.09639785175574,0.07000904523273624,0.0010325462955298155,171.88943748050096,90.74460984292708,15.748616711759004,118.44230333735355,129.46828054296427,64.70492639623444,9.266368402504323,71.21637566022925,114.47756532631635,58.149118500200714,5.609202924693846,72.51419041500915,165.2586691942349,88.64506168018487,14.781469683229718,31.975985112080355
15.5,90.00929047299485,84.8182669002192,153.40989737434418,80.61650433131257,0.03970126280322725,0.0030648848552277614,173.27941458481962,91.48540544910075,15.752586314650678,120.00106575419748,130.00884597398095,64.93031846238388,9.183777321086419,72.06983967636006,114.7454339299958,58.25971428951124,5.537750027383118,73.3340918886716,166.63566821645233,89.40581382862055,14.79111711668424,32.3821272778563
15.599999999999994,90.24650869663482,85.25159353004776,154.399638647727,81.1366108108694,0.031207159278478447,0.0030493595603372954,174.6697017967745,92.22637290800165,15.755706603702789,121.56989045984848,130.64795637440182,65.21432099370972,9.116162163417783,72.9557410310887,115.0948033522293,58.41652057798249,5.479289860975301,74.20691108134463,173.04249789867342,92.90463876547012,15.54425871183878,31.165768717203985
15.698999999999998,90.46140927786472,85.64789224821519,155.37948250837607,81.6515162256307,0.0036673863349865055,0.0010242025034431662,176.04665066400867,92.96024385678477,15.76516774542611,123.1379186264522,131.25869915274217,65.49620578228348,9.054392941080554,73.82791524865205,115.43519601017847,58.57556962534667,5.422116719634909,75.06907189995809,174.4730668411833,93.74106096897032,15.56690753280295,31.520684774544275
15.799000000000007,90.69204752789817,86.05931347686744,156.36922378175902,82.1716227051876,0.18657489944322286,0.0010549679459111012,177.43750810565942,93.70152764343443,15.774724454237544,124.72178546140555,131.87561105005568,65.78093789195397,8.991999787204563,74.70889930679687,115.77902697780392,58.73622522874483,5.364366071816328,75.9399414137091,175.91808597503174,94.58593188159682,15.589785129736457,31.879185842564784
15.899000000000001,90.8955518662055,86.4596152127253,157.35896505514182,82.69172918474443,0.20338562957979286,0.0014768715822836736,178.83048414550606,94.44398706509355,15.795060085344472,126.32083934077863,132.51938800711156,66.08494459991616,8.945576330769546,75.6073242365018,116.13851587883133,58.90855948760924,5.310144930039716,76.82893934015561,177.35678346615504,95.3964643076438,15.620119406957587,32.23635614388116
15.998999999999995,91.10583968241424,86.84879745578876,158.34870632852466,83.21183566430125,0.1469862873896143,0.002466124472165893,180.22499188308214,95.18729673027893,15.80975655673903,127.93005971156893,133.21682641889572,66.41699861234831,8.90174609394156,76.53165786536803,116.53134049424806,59.09868063366405,5.261355591629193,77.7487791817055,178.77443177082375,96.17717708078594,15.640336962460776,32.59490442223504
16.099999999999994,91.31137906407695,87.21952134108213,159.34834501464132,83.73714320865368,0.07856455762529921,0.0016835914836347424,181.63444394292398,95.93859443083775,15.81769038104505,129.56563258204685,133.9271642921986,66.75788071679023,8.852138564255904,77.4728469939635,116.93253415478003,59.29437622259351,5.213400431263068,78.68685477945131,180.19156144062129,96.94904449013816,15.651013368122502,32.96622929803395
16.200000000000003,91.51481556758417,87.59736170305966,160.33808628802427,84.25724968821058,0.18421459963792805,0.0011125747980991066,183.03109295885136,96.68309363745962,15.836109023777158,131.1951838172227,134.61612473565668,67.09064179130753,8.812279028141745,78.40519368579892,117.31971637163186,59.48442631428462,5.16519332935122,79.61423936093885,181.5888700974865,97.70701834303073,15.670943091808018,33.34441742967943
16.299999999999997,91.71133292355968,87.95318546773991,161.32782756140708,84.7773561677674,0.22119301286169424,0.0019806950289286613,184.42951372659562,97.42857761755388,15.858224899415248,132.83491882459057,135.32607554328,67.4343865296515,8.779510505284,79.35215282142742,117.71809132355584,59.680527734944654,5.119150942638529,80.55790097781234,182.97647570849622,98.45378033462038,15.69257864456214,33.729492965280926
16.399,91.88593964583531,88.30545099526323,162.30767142205616,85.29226158252871,0.3295385752038725,0.0037288907483537703,185.81717216289357,98.1683985854928,15.87775790524871,134.47338952939572,136.0879577763432,67.8037285026793,8.753271590100676,80.31788057105297,118.14960331238191,59.89319417834735,5.0794573839817145,81.53104044620358,184.32503580338354,99.16655957749217,15.706926761100544,34.11621447671376
16.498999999999995,92.0623100723111,88.66127475994348,163.29741269543896,85.81236806208553,0.06645263246075334,0.0030080747098961574,187.2188473510732,98.91569249250172,15.897488214171398,136.12841044334013,136.85753578953822,68.17680120270734,8.726767635370047,81.2933631464322,118.58547400816579,60.10800876764298,5.039362880287966,82.51400960619463,185.68721771741102,99.88653861069594,15.72141980810903,34.50684226603982
16.599000000000004,92.23868049881703,89.00597903261942,164.2871539688219,86.33247454164243,0.1131309093423864,0.0020773516989643893,188.6221606059243,99.6638981708974,15.90879938858304,137.7985438524311,137.6260925532593,68.55087693820593,8.69239960218607,82.27810126409061,119.02133726106672,60.32353028305898,5.000033230089322,83.50786301683921,187.04913810166346,100.60391385815063,15.727179367875108,34.909689271096795
16.698999999999998,92.40826744740647,89.33956381250097,165.27689524220474,86.85258102119926,0.16079868314361417,0.001187503926680926,190.0266703159145,100.41277050559833,15.924876482446765,139.47879343837076,138.3749156820334,68.91649865879555,8.66060255695875,83.26235121939496,119.44394716011828,60.53303968510998,4.959426476607002,84.49822013783151,192.05110882549556,103.27578224948519,16.23964982925547,32.038810389512555
16.799000000000007,92.57785439595072,89.6731485923825,166.2666365155877,87.37268750075616,0.17708903501267653,0.001878030391810938,191.4326557182884,101.16246535761242,15.942582292050734,141.16918723386857,139.1207149129796,69.28111644058383,8.630428447863833,84.25193696267816,119.86298614957734,60.74102759602805,4.918842398578872,85.49335983803682,193.48411491096164,104.0181350505673,16.257537918976126,32.409907593983874
16.899,92.75422482248678,90.01785286505844,167.2563777889705,87.89279398031299,0.2334138825245378,0.0032808728156497827,192.84043376959656,101.91315982249668,15.965919515172457,142.8697583078706,139.88566944172968,69.65460523015248,8.608724909391622,85.25519838034735,120.29241019876171,60.95395258322313,4.880109349227823,86.50640437896114,194.91967080109237,104.75621929102479,16.280837984902067,32.78544224447223
16.998999999999995,92.92381177101596,90.3403181521456,168.2461190623533,88.4129004598698,0.14953955436215963,0.003227299619478667,194.24988393279557,102.66478722635229,15.980870715614731,144.580492424167,140.6568698897025,70.03119927922346,8.579766807947642,86.26629713303561,120.72488447646244,61.16841912824772,4.842238961161912,87.53043828833113,196.35966333946575,105.49432184962981,16.295988762484907,33.16497348700874
17.099999999999994,93.10859371018888,90.67701639023079,169.24575774847,88.93820800422223,0.21176864791254713,0.0034343836366624966,195.67503096774473,103.42482574430323,16.002255269570135,146.31863833517775,141.43625802047484,70.4120591858049,8.5571902128905,87.29284096693235,121.16119894812486,61.384939857374064,4.80438640957821,88.57274327632933,197.81896498281154,106.24067324008148,16.31791582738558,33.551767999569336
17.198999999999998,93.26976914612638,90.98524872710998,170.22560160911905,89.45311341898353,0.20711642260238136,0.003021072899357047,197.07490156071688,104.17145994608039,16.027981203118998,148.03755524908578,142.19624680420787,70.7836974660839,8.539689457257609,88.30764035798609,121.58387667463697,61.59483022272233,4.767291332960126,89.60341579449455,199.26286634829387,106.98155317095926,16.34567637736724,33.93516535041483
17.299999999999997,93.44776760732262,91.31093866694157,171.22524029523575,89.97842096333595,0.3116577485372371,0.0025509888384936267,198.5030523676884,104.93317766708532,16.054226852497127,149.7911977572141,142.97158889670314,71.1628435904089,8.521835151005872,89.34294074683885,122.01509334511898,61.808960797471556,4.72944686085481,90.65490997969336,200.73593743833135,107.73740037316787,16.373997746540446,34.32630810228748
17.399,93.60894304324505,91.63017930128426,172.20508415588483,90.49332637809725,0.3271463976321166,0.00280740919368361,199.90796744651735,105.68263490460689,16.08113501229018,151.53037871123198,143.72819518606755,71.53293985043324,8.505417299000825,90.37013697369795,122.43100676694421,62.01555108375195,4.692337386378819,91.69768218865343,202.19731922846682,108.49133307396139,16.404720378666678,34.71412650580533
17.498999999999995,93.78531346975095,91.95264458837141,173.19482542926764,91.01343285765408,0.2171186701055895,0.0025287704978020466,201.32707358674844,106.43966241725485,16.108314971677096,153.28712714963373,144.49244396320324,71.9067744565184,8.48883361010684,91.40770892002018,122.8511213344444,62.224228140600815,4.654853068726306,92.75098745022918,203.67346245082575,109.25288125658103,16.435753340410344,35.105862266934444
17.599999999999994,93.94967714029907,92.27822333445229,174.1944641153843,91.5387404020065,0.31425654236400774,0.0032255702593855283,202.7639114950661,107.20624375919807,16.140048022113465,155.07695114484554,145.26014145307826,72.28244951309911,8.476135407791087,92.46377350021143,123.26923257268004,62.43203385075394,4.616857599611302,93.82335122759523,205.17285794687925,110.02761126257911,16.47200674635867,35.505027579784034
17.698999999999998,94.10413693305993,92.58645566975129,175.1743079760334,92.05364581676781,0.2923023608494338,0.003351862643771942,204.17592249241488,107.95967847741701,16.162874512220604,156.84660232081112,146.0070630443361,72.64816759907973,8.454989893879238,93.506126377204,123.67169120037184,62.632235247433194,4.579326504984517,94.88168884876305,202.91267761288776,108.8292787234017,16.01825488655445,34.07186532799438
17.799999999999997,94.27535191632464,92.90102611757858,176.1739466621501,92.57895336112023,0.1701635779327549,0.0026783323505113507,205.61645896445748,108.72833409903427,16.18616214354203,158.65200402558398,146.7690739606698,73.02127392922155,8.433417197868161,94.56953688807516,124.08228030539073,62.83648111677263,4.541037206425879,95.96140702793421,200.60683707012888,107.60673744605914,15.55533632251178,32.60975030344137
17.900000000000006,94.43815538695243,93.2236026007867,177.16368793553303,93.09905984067713,0.24023757092600914,0.001913983032749603,207.04552488480152,109.49094678484843,16.210180316167158,160.45480340311215,147.5254425533773,73.39129509806453,8.413629472764832,95.6346509458634,124.48701022838608,63.037577409310806,4.503528705958803,97.04218310283551,201.9602258492532,108.37141402805928,15.575061267656011,32.968135855244455
18.0,94.60102669235022,93.55696499079656,178.15342920891584,93.61916632023396,0.26800464264188617,0.002272349898666837,208.47680631754247,110.25480416277786,16.236974453954108,162.26782609775472,148.2806517056712,73.76072474959996,8.396678363794237,96.70566836990324,124.88902790199205,63.237272205331365,4.466098151516507,98.12894586994291,203.31063816677877,109.12479160981161,15.596435291868202,33.32925033842152
18.099000000000004,94.76891777141911,93.86519732688564,179.13327306956492,94.13407173499526,0.30029918739546113,0.002940929014815949,209.89767162774817,111.01321383130828,16.270408666912534,164.07792412028328,149.02499551977527,74.12488499869967,8.386623324369022,97.77459080405308,125.28047806151613,63.43182980285638,4.428851802490148,99.21344679123015,204.6394129024042,109.85837592840002,15.622653578643078,33.689391684069996
18.198999999999998,94.9385047199935,94.19878210676718,180.12301434294773,94.65417821455209,0.3749290771651226,0.003359329259996345,211.3328891128043,111.77928420356116,16.304180599193767,165.90630596122105,149.77685795826417,74.49272363415388,8.376466718889008,98.85431043450735,125.67588226305558,63.628352628639206,4.391229227716051,100.30890226727777,205.981609605056,110.59937018960036,15.649136696597497,34.05317082108863
18.299000000000007,95.1013081906213,94.52124739385432,181.11275561633067,95.17428469410899,0.24651751205911204,0.0035717167781065145,212.77227178465523,112.5476983793269,16.32882611653759,167.7500765518497,150.51909388351845,74.85624532050063,8.356220699199646,99.93925979483197,126.06028448496066,63.81976199811458,4.3528922897673645,101.40868489150517,207.31456603661283,111.32894512550675,15.66458001409616,34.41891126531004
18.399,95.27767861714226,94.86595166653026,182.10249688971348,95.6943911736658,0.2991951108803464,0.0032080318193110184,214.21403173772586,113.31745180507141,16.358737851530854,169.6040929177013,151.25618095550593,75.21743592088835,8.340817852104777,101.02842575413403,126.43848892859536,64.00825115900548,4.3142258631300265,102.51174801252587,208.6477823644077,112.0542117462937,15.68489359275564,34.78653261375702
18.498999999999995,95.44048208773994,95.1884169544075,183.09223816309628,96.21449765322264,0.22490235874835052,0.0039373678664538355,215.658074416096,114.08849213368855,16.381222086120314,171.46834411944695,151.97545188588074,75.5707913147977,8.316081319859439,102.1143478304729,126.80253423843426,64.19029060854426,4.274290125536688,103.60888209465912,209.97442519860743,112.77241912601127,15.696591815456673,35.15543592099611
18.599000000000004,95.61006903631433,95.51088224149464,184.08197943647923,96.73460413277954,0.16797175603614586,0.003277798065521554,217.10382792074623,114.8604977731825,16.398014643014978,173.34276040309211,152.68810772120898,75.92117054863809,8.28516653571198,103.20360381040605,127.1597220866258,64.3691165376945,4.233967841047045,104.70749527620305,211.3052790944314,113.48926431561512,15.702836335419935,35.52682065295427
18.698999999999998,95.79322294076682,95.85558651417058,185.07172070986203,97.25471061233637,0.3122372253438225,0.003696923876921403,218.55167208042565,115.63368416585853,16.429229556198095,175.22738841168197,153.38472149157292,76.26451198130205,8.267052400912965,104.28984193582451,127.50404012824734,64.54205596023431,4.192558751139069,105.79969602839196,193.45942167844433,103.92620648439352,13.359110316154544,29.59293889221959
18.799000000000007,95.95602641137957,96.17805180125774,186.061461983245,97.77481709189325,0.2974257882703803,0.003690631972081154,220.00217001779436,116.40837045469499,16.458963512267253,177.12229840078783,154.06508490331936,76.60078239920153,8.245766590038372,105.37174213199913,127.83512852394192,64.70894812801677,4.150038223162212,106.88372872891149,194.4914146579101,104.69128342214239,13.364624091505691,29.83406132903069
18.900000000000006,96.1205935862828,96.54855329667942,187.06110066936168,98.30012463624568,0.18167281418326886,0.003544931625361429,221.4692868097427,117.19199932307072,16.477306986314478,179.04652280715752,154.7390238342188,76.93463949308652,8.211336560387696,106.4616367907932,128.15859069274362,64.87247935905381,4.106272108240012,107.97229936338923,195.52546177761315,105.3999995980496,13.354513807848956,30.091955151830273
18.998999999999995,96.29520030852832,96.90081882499281,188.04094453001062,98.81503005100691,0.17621873960185466,0.003385723723987735,222.90970976898004,117.96144619218927,16.495876225315317,180.9477649552271,155.40485789421507,77.26404248451357,8.179306670531012,107.54235984432273,128.47499653347887,65.03224552598584,4.063966025293248,109.05053629989297,196.54392600206143,106.04988951513354,13.343585010876316,30.351999693281073
19.099999999999994,96.47360577840466,97.2825510077497,189.0405832161273,99.34033759535933,0.19880777474407985,0.002057506614335805,224.3792321819395,118.74643744250221,16.514820600457593,182.88741603558105,156.08414314734262,77.60010008182805,8.146629712192373,108.64491568681258,128.79779441140076,65.19523929224984,4.020805274004122,110.15055580077062,197.58296526134714,106.71290852145157,13.33243543012645,30.617297659811715
19.200000000000003,96.67697444714192,97.64971665509604,190.03032448951026,99.86044407491623,0.3544292813066666,0.002594602853938899,225.83742789108481,119.52548358284757,16.55025228415896,184.82319317058048,156.78191016981023,77.94362526275266,8.13423656494976,109.76408775610051,129.12858711916223,65.3613436864178,3.980011544348413,111.26995524130942,198.63094227904904,107.34678612978941,13.338834920524624,30.888204395335638
19.299000000000007,96.86501245569548,98.03500707579998,191.01016835015932,100.37534948967753,0.3214184281779757,0.003901640500813604,227.28507088534525,120.29902535947569,16.576305161958224,186.75484939817915,157.43434760725313,78.26695563524757,8.108863461107731,110.85477962430183,129.4276430009524,65.5128417747936,3.937017367127606,112.35027035527968,199.64833805437755,107.95608632960952,13.33334687236794,31.15876342695957
19.399,97.04816636016305,98.42418931965352,191.99990962354212,100.89545596923436,0.20565615003714277,0.00413596831159457,228.74733653611324,121.08038068940301,16.602621200139293,188.7060173048443,158.09337532184185,78.593551971101,8.083234063287502,111.95648858208084,129.72971964922525,65.66587014689036,3.893588905288411,113.44149774312831,200.67601055470925,108.57154107690249,13.327803389381392,31.432055378094827
19.5,97.24712576820414,98.82849407320178,192.99954830965882,101.42076351358678,0.09810356437454185,0.003954598878706513,230.22670741341324,121.87095957490013,16.61252625896496,190.6920834175994,158.7108690176345,78.90240290327651,8.035781274525784,113.0422306493412,130.00275478507442,65.80584883293186,3.846777049943829,114.50500612201978,201.6977388045792,109.17544568331108,13.303365129352695,31.711094765418355
19.599999999999994,97.47077703598107,99.22890700360044,193.98928958304163,101.94086999314361,0.18516553510530404,0.0034025833212340145,231.69266640633202,122.65441369756635,16.63103629604862,192.66863842727975,159.3103393884681,79.2029687813958,7.996612351212774,114.11095857399057,130.26426437528752,65.94034041309692,3.7999093460470243,115.54829993183237,202.70962952723931,109.76665692745323,13.287776499279719,31.990887337677407
19.700000000000003,97.67421353948829,99.64043942758356,194.97903085642457,102.46097647270051,0.14253500690591156,0.0037147770181069754,233.16004935611164,123.43867839899451,16.64528465816488,194.65532040853572,159.88587653931432,79.49310418835292,7.95094226617593,115.16252344994089,130.51045989619595,66.0678174198252,3.7518026978260526,116.56966147945934,197.62347703099294,106.99442856958042,12.54901880725725,29.96755961177595
19.799999999999997,97.87107006937394,100.06298014903022,195.96877212980738,102.98108295225734,0.21822454918760908,0.0022454058048255576,234.62899955994584,124.22383607360008,16.667099065874517,196.65214778948555,160.50117222104348,79.8004228413021,7.917655651798977,116.24755100251103,130.7776890727889,66.20454490927001,3.706513434158723,117.63182098555976,198.62270130402607,107.61028082533109,12.540823186991183,30.24096123519794
19.899,98.07925500744228,100.48129546212468,196.94861599045646,103.49598836701864,0.2819887827340023,0.0025240147822297014,236.0866983656496,125.00310268395897,16.697001795229397,198.64417119286702,161.12221056064385,80.10967097696492,7.894727139344032,117.3402532740382,131.04535969412694,66.34101834421769,3.66268022702655,118.70237998119877,199.6139180268278,108.20204008575641,12.54038422203453,30.51440226662749
19.998999999999995,98.2827593457195,100.93719466195452,197.93835726383926,104.01609484657547,0.32213306239014583,0.003706815264080637,237.55912140171384,125.79024067422041,16.727206572355538,200.6563160447673,161.7495220147856,80.42204283116978,7.87156702575318,118.44399294224736,131.31573405911487,66.47887029871028,3.618404260226379,119.78375270406637,200.61514703975874,108.79977671244859,12.539940823088417,30.790605328677515
20.099999999999994,98.52241962141,101.3865333593844,198.93799594995596,104.54140239092789,0.18190588596511148,0.003440519146546727,239.04979942530474,126.58726497263153,16.74557190076366,202.70410792412292,162.36233776051012,80.72836430989489,7.834163963580945,119.55005016485326,131.57314970720228,66.61079685675456,3.572629055538295,120.86107025163776,201.62050722191586,109.38902513797687,12.526185831777124,31.071691353558204
20.198999999999998,98.74403584581651,101.83787356802975,199.91783981060505,105.05630780568919,0.2353355873979568,0.003952226443062734,240.51392071994732,127.37019941273253,16.77226595442605,204.7265516841573,162.93213244546834,81.01505863141192,7.80333962834634,120.61262537922823,131.80497658395885,66.73064456653694,3.5261955841229833,121.88810973660104,202.59893651222143,109.95515662374775,12.520364634892845,31.349269373631387
20.299999999999997,98.93600827158602,102.30967364171019,200.9174784967217,105.58161535004162,0.3034747578202626,0.003014520345859006,242.0076202225624,128.1689507102093,16.799499281899802,206.78985289388922,163.5134381341631,81.30754475740402,7.771892579268612,121.69666675955013,132.04148683196303,66.8529134421735,3.4788240627800917,122.93589749398777,203.59713205081593,110.53272510923115,12.51442583807151,31.63245503047371
20.399,99.13747756649282,102.78303044291228,201.8973223573708,106.09652076480292,0.24886565762497376,0.001643260017378621,243.47668356443214,128.95471331458492,16.831869637781697,208.83263812683617,164.14695380996446,81.62175080257498,7.7541087553815835,122.82739419719036,132.3039621795894,66.98614852504281,3.4365740416061312,124.04322345050424,204.60474135051373,111.10160117064875,12.517043418528605,31.91901738806672
20.5,99.36316387762511,103.2325915325841,202.89696104348747,106.62182830915533,0.40380416989163154,0.002774180399975532,244.9754249536123,129.75634991096808,16.86489394024706,210.9166917483274,164.79326778224663,81.94230444461807,7.73596566232512,123.98096461336871,132.57174005949108,67.12207522574786,3.393470484650881,125.17291962836444,205.63270639363972,111.68196967775152,12.519713879398974,32.21136888419695
20.599000000000004,99.54448624303218,103.70594833536639,203.87680490413655,107.13673372391663,0.3099408351739535,0.0020271568519499295,246.45035734535637,130.54547474331704,16.89734437148477,212.97990236605355,165.44091696250544,82.26243990219011,7.720060995991833,125.14376437406024,132.83648897118277,67.25594184195722,3.3522630468238854,126.3130010796555,206.6537535482366,112.25083110076379,12.523489784767293,32.50445416995505
20.698999999999998,99.74799058132444,104.18408651999493,204.86654617751935,107.65684020347346,0.34572340011174485,0.00411229755765147,247.94018804408762,131.34257053356845,16.93012258485619,215.06395349506965,166.0951080536759,82.58580905125274,7.703995676463262,126.31830958687985,133.10391211430567,67.39116064620909,3.3106393722511664,127.46459850520193,207.6851143104556,112.82543859875592,12.527303830593878,32.800499913145025
20.799999999999997,99.99443433496157,104.63342521821491,205.86618486363605,108.18214774782588,0.18940361055674823,0.0037259722106258025,249.4486918574153,132.14980189019937,16.949243918672718,217.18441634591377,166.71949774609558,82.89633703334944,7.670239325327487,127.48484879859451,133.34828933632878,67.51586988733084,3.2664739318982488,128.59311965451218,209.97520345349255,114.09574548748361,12.656863967424902,31.302635305516944
20.900000000000006,100.21815343753859,105.08932441725466,206.855926137019,108.70225422738278,0.32862014955647223,0.0041749575632604955,250.9445143465448,132.9503353596474,16.982091147273835,219.29418079551104,167.29487634791315,83.18493988882575,7.646501362511227,128.60826603416737,133.56382906793294,67.62723959434878,3.220376304484225,129.6639501196599,211.0134579408381,114.65694363728828,12.660062885689845,31.584400362243013
21.0,100.42837341896228,105.54511242175361,207.8456674104018,109.22236070693961,0.18957983380507712,0.0018220359054845806,252.44258335828758,133.75215972667195,17.001040421785607,221.41419148146716,167.9208450789243,83.49562257955668,7.614427267823189,129.7827016204561,133.80471942178124,67.74988409057408,3.1773714016853862,130.7992365692906,212.07464650170752,115.23109963034936,12.651949889783719,31.871852952151865
21.099999999999994,100.63201342680959,105.98989212878905,208.8354086837846,109.74246718649644,0.21043040591802384,0.002441488055742072,253.94238621100905,134.55498108929729,17.022073692110776,223.54437677443343,168.56434478892123,83.81383748708451,7.586547302335048,130.98291332930052,134.0534574666313,67.87588813237139,3.1355872567917977,131.96563947688574,213.14718688434166,115.81133670481005,12.647233270859672,32.162874430976295
21.198999999999998,100.84691400803948,106.43022403760064,209.8152525444337,110.25737260125774,0.30751331256316217,0.0014341124423997698,255.4307943070681,135.3518476088103,17.054230835137954,225.6684677961024,169.2324721798751,84.14240086618109,7.573767407951307,132.213689675874,134.31775319976018,68.00850173782896,3.0966583799035003,133.18492327584954,214.2282245571404,116.39691806760604,12.655997398720748,32.45570046099366
21.299000000000007,101.05720182424821,106.87500374463609,210.80499381781664,110.77747908081464,0.34225760971174685,0.0021291522361269596,256.93423682834,136.15676328508607,17.08671279779167,227.81401428263678,169.9073483323538,84.47428306728875,7.560858423725305,133.4568981067564,134.58471858675904,68.1424548746548,3.0573362820365317,134.41652307278272,215.32018180239172,116.98841439366262,12.664850053125875,32.75148432969809
21.399,101.24713920666238,107.30866395887713,211.79473509119944,111.29758556037147,0.31690694765011235,0.0025528195559909434,258.44192972193474,136.9641259689743,17.118388352676195,229.97501210629855,170.58479931021566,84.80722542093153,7.547580118555916,134.71357672929685,134.85127656709514,68.2759611287379,3.018512963113377,135.67022829546693,216.41997461184812,117.58392252106886,12.673603394304937,33.050252337526665
21.498999999999995,101.45742702285605,107.7423241723281,212.78447636458225,111.81769203992829,0.37638493602854395,0.002618069239692247,259.95262623579123,137.7732191458775,17.156008638372896,232.1463710200419,171.2617725923974,85.1399096389451,7.540295126686821,135.97643443832155,135.11524217728046,68.40812805778401,2.9797797286667977,136.93267280364782,217.52312231022194,118.18094322705905,12.688540626512708,33.350726047567946
21.599000000000004,101.64736440524008,108.17598438577905,213.77421763796522,112.33779851948519,0.4024602392770897,0.0030594230166453187,261.46669652028754,138.58425723065383,17.196234939273953,234.32814694547798,171.93717410262846,85.47181455770183,7.535510173082351,137.2448372867468,135.3738561927974,68.53771067815468,2.9408539869431705,138.19743763182942,218.6277072481883,118.77805055462926,12.706053548839819,33.65269702778278
21.698999999999998,101.86443569942554,108.6096446000201,214.76395891134803,112.85790499904202,0.2262718993520673,0.0029849748219673475,262.9834899192511,139.39686606365643,17.218850865087347,236.52024740787988,172.61034597243102,85.80262976239375,7.513002449270095,138.51874830222778,135.62764441154167,68.6649448881482,2.9017917121175496,139.46559956322747,219.733713846241,119.37540956817355,12.705993239781918,33.956210777467945
21.799000000000007,102.06794003768769,109.03218532146676,215.75370018473097,113.37801147859892,0.40139382363237086,0.0024331772107312345,264.50300124975206,140.2110439583258,17.25896997712118,238.72267356312614,173.28448941422897,86.13385756352103,7.508230665027585,139.79938162102707,135.8805246046254,68.7916085834344,2.8629910447409475,140.74563834491238,220.84378753992698,119.97512397169868,12.7238034890258,34.2614346772092
21.899,102.26466089804843,109.46584553491772,216.74344145811378,113.89811795815575,0.37460947000059,0.0026754925200322523,266.0258724027599,141.02716250245865,17.296411794211195,240.93552177703936,173.9585235954202,86.4650124243525,7.500824501989145,141.08584832195066,136.1304825722252,68.91678865371304,2.8242456463582966,142.03300811528874,221.9473988917622,120.57107714315742,12.738084964203477,31.106549893014503
21.998999999999995,102.45459828043246,109.87726676356996,217.73318273149658,114.41822443771257,0.36253464938088276,0.0030347627944238664,267.55193464533977,141.8451253577006,17.332646503834834,243.15876974973546,174.63086140408507,86.79531915045644,7.492110748790169,142.37829234935612,136.37524998371705,69.03945387001397,2.785327342832985,143.32278589212828,223.06302739284362,121.1732192305911,12.752284117811422,31.38095963721333
22.099999999999994,102.65321851456343,110.30403289257873,218.73282141761328,114.943531982065,0.38494812583108085,0.002697217032541227,269.09654196725836,142.67316744878104,17.37150583870045,245.41481581801642,175.30993675111097,87.1289102279351,7.485643978906864,143.6897153363854,136.61956774726625,69.1618729595753,2.7460834925213584,144.6329178075818,224.19238029825667,121.78268415774818,12.769010868753462,31.65951173636998
22.198999999999998,102.84125652317725,110.72234820646328,219.71266527826234,115.4584373968263,0.3534340353676376,0.002499307442698795,270.61527199279544,143.4875384487346,17.4068225021858,247.64168473564024,175.97557438083737,87.45588107909283,7.476643559580198,144.98342446141655,136.85530718046576,69.27994019876384,2.707759214367888,145.92905090453414,225.30321524807198,122.38195899547107,12.782823966256736,31.93458076192523
22.299999999999997,103.04686373960992,111.13799484267763,220.71230396437903,115.98374494117871,0.36034638233024574,0.0027687382880567345,272.1646834329898,144.31836138808112,17.44285263362035,249.91354090412503,176.6546592354067,87.78945740199111,7.467461313600469,146.30326912432704,137.09580902645715,69.40039263470365,2.668660708372935,147.25136850849555,226.4364913079845,122.99334039557216,12.796916116234824,32.215206737491684
22.399,103.2550486776632,111.5563101557721,221.69214782502812,116.49865035594003,0.2768625470058022,0.001984851067151655,273.6889596722904,145.13594585676373,17.472885769013153,252.1608546558739,177.3152670260283,88.11431895012265,7.452906386190505,147.5999001958534,137.32830361307023,69.51668798405606,2.630689262866596,148.56546167941895,227.55292693867997,123.59634054106961,12.805860436561932,32.492921193918384
22.498999999999995,103.44498606004723,111.95661189242001,222.68188909841092,117.01875683549684,0.32993241494969455,0.002113667007321539,275.2286326412808,145.96178875442286,17.50322226940992,254.43086854652907,177.98254762261567,88.44246192803327,7.438204439311755,148.90962855093036,137.56314662985113,69.63415803390697,2.5923342674056506,149.8928285187354,228.68063969695814,124.20543159712757,12.814895103559012,32.773440846874614
22.599000000000004,103.63492344244631,112.3791526130766,223.67163037179387,117.53886331505375,0.29489746045387727,0.002619523975158725,276.7723079539451,146.78995262637258,17.532695680660716,256.716332843054,178.64693524321478,88.76927131012309,7.422543612035207,150.22699759136324,137.7933337053466,69.74928157447432,2.55402552472903,151.2296196492933,229.81027160882448,124.8156329457655,12.823136769253994,33.05594104277014
22.698999999999998,103.84521125868518,112.79057384093875,224.66137164517667,118.05896979461058,0.2968515112875595,0.00262666176563985,278.318542311543,147.61960157746282,17.562364184821938,259.01211597140133,179.31067460406027,89.09570293767719,7.40714966681816,151.55187421501398,138.02001568651062,69.86265745717418,2.515709179273366,152.57238609883333,230.94061345261917,125.42606572299212,12.831564562363209,33.33977415826227
22.799999999999997,104.04410283194123,113.20610928340238,225.66101033129337,118.58427733896299,0.36752680796469617,0.002763305503672887,279.8831564503781,148.45924118769707,17.599463293969077,261.3413821523421,179.98146008226064,89.42547081693597,7.398880940112394,152.89881944797187,138.24513528502823,69.9752688806893,2.4769757594812027,153.9344129616933,232.08300447789424,126.04270188055808,12.847168270455816,33.62780694686852
22.900000000000006,104.26110629135671,113.61764170659545,226.65075160467632,119.10438381851989,0.36292823432935684,0.002669902155161653,281.43545312534724,149.2924116865491,17.635735265583303,263.6580536657316,180.64528576325117,89.75177421076646,7.390275605699086,154.23911029826866,138.4644169629214,70.08496951863,2.4386102999659416,155.28877350610108,220.60353554857107,119.65696181975444,11.574966980202657,30.41485986039332
22.998999999999995,104.46929122939493,114.03595702048,227.63059546532526,119.61928923328112,0.23800515219101262,0.002687999290799372,282.9757919920704,150.11932357530955,17.658716768101385,265.96685373132004,181.3007445725342,90.07390509487247,7.368872722205983,155.5757989932987,138.67611646002015,70.19089396069282,2.400600533126864,156.63803463731648,221.59348058902677,120.25845866889894,11.572042174290464,30.656112822604342
23.099999999999994,104.6954523839773,114.47373144616216,228.63023415144193,120.14459677763354,0.22665326885118198,0.0026881097568989777,284.54724881569723,150.96294075475214,17.682162543397613,268.3222962224762,181.969444973924,90.40254367360691,7.347037457228168,156.93949150034967,138.89209271463608,70.29895829047409,2.3618228922102253,158.01455356916262,222.60342451918874,120.87210696954135,11.569058281390149,30.902239582031772
23.200000000000003,104.9260227992709,114.88537506468612,229.61997542482487,120.66470325719044,0.24255233847991503,0.0023390564195974054,286.10617775818304,151.79996945001682,17.70640330398826,270.6697801995786,182.62731414380983,90.72599344459191,7.32632418971229,158.29543103537725,139.1013846359702,70.40365962103445,2.3234870151587144,159.38712036322093,223.5970193521891,121.45822921117673,11.565783890858253,31.153669748749667
23.299999999999997,105.15001324092785,115.31870169451467,230.6097166982077,121.18480973674727,0.334999810268391,0.002204201425781617,287.667602028534,152.6384515897687,17.739883093467267,273.02758217736624,183.28039197512538,91.04735858493034,7.314544583704819,159.65177535598608,139.30772902431636,70.50687022937073,2.2851969259522664,160.76539427647842,224.5906258633563,122.03509101435729,11.571359737546768,31.40797530203769
23.399,105.38506075165745,115.7150004126821,231.58956055885676,121.69971515150857,0.3180117366106183,0.0029400807925567558,289.2174501277369,153.4709025471255,17.769010559572123,275.37713522006044,183.92930497137792,91.36623825605265,7.299245026280863,161.01262493197459,139.50503777124123,70.60563813420879,2.247110608318229,162.13617450902643,225.56960080046724,122.59739032691829,11.57208841291387,31.66230233491674
23.498999999999995,105.60891552375938,116.13754113412875,232.57930183223957,122.2198216310654,0.27101886737577274,0.003394621505818207,290.78295325824473,154.31176210001107,17.79843224250632,277.75042112177147,184.5847726443602,91.68833893395394,7.283790927872827,162.387220463276,139.70433953581178,70.70540369465125,2.208639580405063,163.52080100654953,226.5584643733065,123.16536943051518,11.572824448638213,31.919198327723834
23.599999999999994,105.85583412086163,116.58654624793623,233.57894051835626,122.74512917541782,0.18813952168268522,0.003379325385498746,292.36739380562886,155.1629450923471,17.8174223859303,280.1629978272148,185.24053259224186,92.01045126411935,7.257106361905345,163.78664206056914,139.89493465861847,70.8010336828696,2.1692698145446068,164.91430964967915,227.5509353384311,123.73026895960666,11.56204094199052,32.180387743741804
23.700000000000003,106.12710540380462,117.00930935925456,234.5686817917392,123.26523565497472,0.1695788465180632,0.002860508550157396,293.9376994304935,156.00660728780719,17.834369448907225,282.561908602437,185.8873394863776,92.32815124341124,7.228829926267937,165.17823357008933,140.07952312649093,70.89368671943237,2.1302326254807338,166.2977118381365,228.53268371574651,124.28516233811935,11.549358921331729,32.44025766457865
23.799000000000007,106.38901548715033,117.44964126806613,235.5485256523883,123.78014106973603,0.23790305259378186,0.0031774648363570492,295.49513409015526,156.84348848364203,17.859858071839536,284.95197158836606,186.5203467317497,92.63917382965741,7.209157213956366,166.56257886572556,140.2535785551925,70.98121293839272,2.091260430150279,167.66415460783028,229.5033546677324,124.82911731131026,11.545299416161397,32.69929077543023
23.899,106.67392156077156,117.89442097510158,236.5382669257711,124.30024754929285,0.2771574356112068,0.002964058139499112,297.06830041304573,157.68882302488927,17.885604155609546,287.36617662465784,187.15974798970123,92.95333805818886,7.189285787379023,167.96090744717617,140.42939211953748,71.06962326057489,2.051894576281137,169.04439982974304,230.48383037680892,125.37856677917982,11.541198905888333,32.960940382350984
24.0,106.98901411117454,118.35476797157514,237.53790561188777,124.82555509364528,0.2291153802211586,0.0029153938917331314,298.6605268014242,158.5445583475016,17.908729390518744,289.8200941054658,187.80257674865493,93.26919960194859,7.166315495994414,169.38219595357677,140.60072425708327,71.15584307888287,2.0120520543421154,170.44270992458655,218.37508730959664,118.65751870403012,10.255399785978774,29.842191949258766
24.099000000000004,107.29121805353473,118.7950998803867,238.51774947253685,125.34046050840658,0.2419628422808558,0.002479655950310736,300.22410897965875,159.3850382841441,17.928961752045915,292.24062145372665,188.4353409140713,93.5799640986594,7.1418899226992565,170.78675112756972,140.76638568531482,71.2391141364193,1.973269580885236,171.8303684278298,219.22395724117823,119.19560603793943,10.242272167938381,30.0595897578814
24.198999999999998,107.61682499477526,119.23987958742215,239.50749074591965,125.86056698796341,0.16742328594373218,0.002844694279160528,301.8034849172692,160.2340079171162,17.949398480861237,294.6855985731818,189.07449663671403,93.89386763069051,7.117217626441524,172.20549372756247,140.93372046130628,71.32322631574903,1.9340953652722304,173.2320436836309,220.0814016165131,119.73912859744371,10.229011947695561,30.27918350396485
24.299999999999997,107.95267498771318,119.68899589656051,240.50712943203635,126.38587453231582,0.25590898559155595,0.0026858299815108373,303.40139206364137,161.09307206080243,17.97522741666464,297.17050213108223,189.71859780569173,94.21016803851495,7.097658793486056,173.64771155680023,141.09846244656745,71.40601426967147,1.8946245471267085,174.65887638648897,220.94487937994631,120.2651195671154,10.219866952531982,30.509015014409247
24.399,108.29517278905772,120.11831950790855,241.48697329268543,126.90077994707713,0.16693939363217858,0.0026883545522812875,304.97004335283066,161.93652502777928,17.988461380583573,299.62137013183604,190.34785043711824,94.51915243559068,7.066525771827976,175.07002305257694,141.25560778595866,71.48496790467244,1.8560143918831078,176.06820715046376,221.78945140498877,120.76769914246765,10.19836121916056,30.73813228582637
24.5,108.64472540741373,120.56743581625683,242.4866119788021,127.42608749142954,0.1012582571547069,0.0027400755692528196,306.570384567054,162.7970174486344,18.001962697308944,302.1217506174535,190.98981524291696,94.83437894169825,7.03476380023741,176.52106811392485,141.41592777867092,71.56551656260274,1.8166242335032745,177.50600924300363,222.65108549114316,121.28043184055426,10.176421026529109,30.971878188989287
24.599000000000004,109.0006544950663,120.99675942839497,243.46645583945119,127.94099290619086,0.14748343140455272,0.0030479436854051203,308.1412780274,163.64178761980062,18.01627091665126,304.59257349455356,191.61181433384823,95.13980538138044,7.0045573762411,177.95522792267502,141.56430590469276,71.64015956342237,1.7778459840685545,178.91836145105975,223.49135838912036,121.77018797309535,10.15552745084459,31.204427572813334
24.698999999999998,109.37374578190285,121.43041964184594,244.456197112834,128.46109938574767,0.1418090893828057,0.0028317461646961578,309.7280390984564,164.49509082299875,18.030723663461675,307.08835417849286,192.24009624387975,95.44831693661496,6.97404583685089,179.40387419413972,141.7141827996643,71.71555653394725,1.738676035144599,180.34497984303547,224.34011889212758,122.26489113727823,10.134422828941037,31.43932594031235
24.799999999999997,109.77125758935011,121.86841645818988,245.4558357989507,128.9864069301001,0.19585111532025473,0.002753668537288561,311.33276941031505,165.35816309452403,18.050490023619833,309.62446329561027,192.87161940049347,95.75841390649225,6.948482039823883,180.87597743602376,141.86078867566215,71.78930708091546,1.6991625451188623,181.7951973725909,225.19767524590466,122.75763768557789,10.118273531893436,31.679135280552387
24.900000000000006,110.17846977028978,122.30196547789014,246.44557707233363,129.506513409657,0.176969551983927,0.003040755698761187,312.92322621078625,166.21364065345097,18.06817376377894,312.1456964663139,193.49234001652482,96.06323390525282,6.921087968972297,182.33927021658624,142.0005338451792,71.85969240735918,1.659872091244263,183.22808869773633,226.04507672823468,123.24156695250657,10.100259117353524,31.917859064049853
25.0,110.60589671542382,122.72461739308751,247.43531834571644,130.02661988921383,0.13829009934926526,0.0031852850612129275,314.51504123332336,167.06991818048354,18.08199230016645,314.6770703054534,194.10595317180235,96.36467042348204,6.889429042718293,183.80691534193863,142.13384535203835,71.9269669781503,1.6203231877808513,184.65266469500327,219.29242179452567,119.48109166841763,9.363598030264923,28.920795108681563
25.099000000000004,111.03569787783843,123.15394100522565,248.41516220636552,130.54152530397513,0.18260074881990912,0.003021248540563305,316.0930011466528,167.9188492476374,18.098128966667034,317.19819728484197,194.70811607415416,96.66053984364495,6.860422752749502,185.26800108596717,142.25956804317792,71.99048066192154,1.581081838582686,186.06385326916913,220.0657923122354,119.95300438324925,9.342691724410514,29.12785419060052
25.200000000000003,111.5016549777567,123.59171543169792,249.4148008924822,131.06683284832755,0.14403049413396035,0.0028776417036618907,317.7028390380292,168.78493043736003,18.114591626430254,319.7702561223998,195.32244388362415,96.96238642381115,6.830830477124778,186.7586037137134,142.38783058666377,72.05527745041542,1.5410477348552667,187.5035507034191,220.85478647676752,120.43445068827947,9.321363068942885,29.339096284275406
25.299999999999997,111.96991846011025,124.00313665956008,250.404542165865,131.58693932788438,0.15516312042848354,0.003029765263036682,319.29872792127713,169.64361086320554,18.13009569805701,322.33205182843454,195.9249691756218,97.25849650317103,6.800591137605781,188.24245970948388,142.5084050655336,72.11626506019675,1.501313829167538,188.92874703535827,221.63230804218003,120.89844636709293,9.298964152632488,29.55163104457589
25.399,112.45344476790765,124.41044367598111,251.38438602651408,132.10184474264568,0.1367683102189854,0.0025034331808846846,320.8805504832124,170.49482252870902,18.145130181772377,324.8832667191661,196.52464727089674,97.5530445659048,6.770975093383652,189.7232399430125,142.62658351893435,72.17590789572067,1.462332290817835,190.36488898469207,222.40258165722463,121.34903816050291,9.27645068679181,29.764716455508324
25.5,112.94022714504047,124.83687621978729,252.38402471263078,132.6271522869981,0.166901870913651,0.002781566797837661,322.49432905649985,171.36323038947518,18.160468392431486,327.4860213046598,197.13644007516706,97.85354309455236,6.7407607452378455,191.23393492873353,142.74714941583815,72.23675563701273,1.4225632466428872,191.83004390269923,223.18841635540142,121.80873281842621,9.253482403459403,29.982106622217163
25.599999999999994,113.45577146864996,125.22605846285073,253.37376598601358,133.14725876655493,0.17063489593568087,0.003184393630234514,324.09423715113667,172.22428626202523,18.177517920170175,330.0782295406847,197.73415362141634,98.14722845842067,6.712351489290378,192.73712291361173,142.8588721718996,72.29325688661147,1.3829831708566152,193.2738337045792,223.9635655418502,122.25668782178617,9.23238393246672,30.19926361993613
25.700000000000003,113.9715871314749,125.61524070670427,254.36350725939653,133.6673652461118,-0.03924956569711921,0.003221368113754366,325.69471066175373,173.08567658547148,18.173596223680526,332.6804380568108,198.32246627502326,98.4364720665234,6.66244523829533,194.24300931125825,142.9642132598448,72.34666399160866,1.3431581845670395,194.70489821833124,224.7357442663566,122.69996703465794,9.190160543408508,30.417529491667718
25.799999999999997,114.51446887118071,126.00420055989603,255.35324853277933,134.18747172566864,0.13598103285795848,0.0024643877400285967,327.2956002788438,173.94731344457094,18.187182869835308,335.2926195496849,198.91561983274883,98.72788959090242,6.630795388568634,195.75900708983843,143.07036184807635,72.40032693890251,1.3037083748435863,196.1631221705342,225.50914124118938,123.14040845590165,9.16570388020605,30.637428671926035
25.899,115.07186725377021,126.36747438488285,256.3330923934284,134.70237714042995,0.05267856909300386,0.002584486803460282,328.8814720101997,174.80092118763346,18.191592755614103,337.8935043812136,199.5026372832543,99.01623405743895,6.590822477190745,197.2688293158997,143.17370976358026,72.45246415622248,1.2649497710671145,197.63210798160634,226.2754453513071,123.57306050736305,9.132713644205742,30.85729602253584
25.998999999999995,115.64846287885385,126.71217865755881,257.3228336668112,135.22248361998678,0.03656732787829123,0.0025401537643308,330.4833626479327,175.66315123113088,18.196047185693697,340.5206607766968,200.09558420295676,99.3074910943445,6.550445799031264,198.79390227151697,143.27810159742262,72.50512801210124,1.225799666242399,199.1159320331942,227.04948990698148,124.01008278156645,9.099390173498362,31.079384255475016
26.099999999999994,116.25117489402353,127.0825689584397,258.3224723529279,135.7477911643392,0.14228398323881197,0.0026698857019191256,332.1022468553961,176.53458179857364,18.210405323995502,343.1892555863577,200.69109789695605,99.60003172530249,6.519681263397526,200.34209504145267,143.38036715758716,72.5566579773647,1.1864391295560655,200.63338812933944,228.91714016458687,125.05713366575516,9.174098286374162,28.75552847170222
26.200000000000003,116.8281775278927,127.42705084124394,259.31221362631084,136.2678976438961,0.1732746246661684,0.0025724957778857356,333.7064653633019,177.39819338438787,18.22771751086609,345.8416183095623,201.27868597794932,99.8887155265371,6.49237115942898,201.87922377215745,143.47930528869395,72.60647751165261,1.1475686639360507,202.14762467434872,229.7038524639594,125.49173625780136,9.154571268431058,28.959299660291038
26.299000000000007,117.43930105569933,127.74629147558662,260.29205748695995,136.7828030586574,0.030434246966413947,0.0023515807498719126,335.29559792037605,178.25373676519743,18.229821840590418,348.48227262068053,201.85511655667085,100.17201258428369,6.450259799687809,203.406968552586,143.57351693148004,72.65387826226127,1.109204934426135,203.6623430644729,230.48180013091326,125.92096596269178,9.120429866764287,29.162790504901942
26.399,118.04981407060629,128.04651777787507,261.2817987603427,137.30290953821424,0.012207103936819091,0.00296764312167501,336.9007823214609,179.11792199833832,18.23194742617055,351.1496002076684,202.4373696664905,100.45817122847214,6.4077230726765295,204.95014509847329,143.66868020702154,72.70175780833063,1.0704536924969308,205.19236164035576,231.26760585510897,126.35453132116692,9.085943602454421,29.368336812589703
26.498999999999995,118.68746099716402,128.3356245873691,262.27154003372556,137.82301601777107,-0.07246061800378575,0.0031235185688560495,338.5057983371111,179.98200700439642,18.22470799164488,353.83168415558424,203.01164053609253,100.7403287480615,6.355656737217463,206.5077042593219,143.7563161604813,72.74594479362435,1.031506082457168,206.7133319541051,232.04891023610085,126.78485237212166,9.042094734509481,29.5752851860691
26.599000000000004,119.33189140168344,128.64697038166184,263.2612813071085,138.34312249732795,0.05770314793058717,0.0023886754954277204,340.1107509058356,180.84605433996322,18.230472955691255,356.52364571173086,203.58338156570287,101.02130576724466,6.316740222642068,208.06834263327252,143.84679778279167,72.79133756328622,0.9930854826358909,208.27901702183186,232.82916026866775,127.21460233875004,9.011458947632361,29.783381014594283
26.698999999999998,120.00345571804942,128.89159921997827,264.2510225804913,138.86322897688478,0.04260532591469293,0.0027368951330245493,341.7161344129302,181.71035826248678,18.23472949418314,359.22557447764643,204.15136925486513,101.30044936577698,6.276298120446897,209.63525916916615,143.93384567538317,72.83500669553192,0.9546648829149529,209.850637551491,233.60756200453497,127.64315312231955,8.979385677870294,29.992453233354464
26.799000000000007,120.68858699021824,129.1362280582947,265.2407638538743,139.38333545644167,0.10828749287037068,0.0023210093130517882,343.3221660527753,182.57504837149477,18.245547976583676,361.937509928083,204.71540198525764,101.57780318288877,6.242377770537036,211.2025979690583,144.0174598624986,72.87695214206754,0.9162442834693113,211.42819361887805,234.38517620255934,128.0714093545512,8.954038529650083,30.202584223535336
26.900000000000006,121.37378609726248,129.33826923973794,266.24040253999095,139.90864300079411,0.06084476628965799,0.0017117248573190428,344.94499431197346,183.44882428206483,18.25168741481933,364.68673603930455,205.27126724908166,101.85187669307976,6.202477722308937,212.76624606874387,144.0984247960808,72.91756744111105,0.8774394777860105,213.0275501966087,235.17062701289302,128.5045391596852,8.923889453194182,30.4159500233542
27.0,122.05912087377133,129.52730061566257,267.23014381337373,140.42874948035092,0.2184946442380135,0.0026422146014521207,346.5529571155884,184.31466595588466,18.27351582046485,367.4189006538276,205.82107521603353,102.12282900635427,6.178923974337182,214.32825871816715,144.17513711971878,72.956048509413,0.8390188777738853,214.61703694555223,235.94644398057312,128.93208692436394,8.909800143840327,30.62806994061416
27.099000000000004,122.75754776269319,129.71444167728276,268.20998767402284,140.94365489511225,0.255196283143379,0.003000262578748726,348.1478179020266,185.17362635472224,18.29597864276956,370.1389794310035,206.36871517103822,102.39224467583367,6.1569598459740495,215.90157222801636,144.2459831408946,72.99158534595637,0.8009824845056008,216.19944348936022,237.0714584582406,129.5547324664785,8.92792869035289,29.803466282901745
27.200000000000003,123.4907060587986,129.87133771872342,269.2096263601395,141.46896243946466,0.1995986121975806,0.003059857379825292,349.77489809829177,186.04993948888983,18.318895259464256,372.9140092945869,206.9274185594773,102.66710308611063,6.134551997846006,217.50666984917558,144.31826039482144,73.02784009838949,0.7621776792521003,217.81381784213394,238.21920050111348,130.18995670641354,8.946423470128332,28.962203965437602
27.299000000000007,124.21599552038168,129.9924289939824,270.18947022078856,141.98386785422596,0.20926279905347034,0.003026100726777333,351.37323943537206,186.91097948279253,18.336704863634196,375.6544118442177,207.46935894596334,102.93375650808211,6.107823906993125,219.09043965799853,144.38227380895745,73.05994672676943,0.7241412877000483,219.40803622109198,238.98995568849207,130.61105488097706,8.92890945838502,29.157605520238167
27.402,124.98456357135534,130.11774567522332,271.2089037323729,142.5195775281695,0.1520209086700015,0.0017349562516344357,353.036160220415,187.80680897139825,18.355234047770594,378.50553772918687,208.03319591372147,103.21118380568879,6.080015893277504,220.73820016616773,144.4488736236646,73.09335059265965,0.6845680722469067,221.06666746384613,239.79185249960304,131.04916712319968,8.910687809803594,29.360902087353885
27.498999999999995,125.70836066778807,130.21481884671005,272.16895276755423,143.02408081333962,0.27642701644441303,0.002079791015946726,354.60598746654705,188.6527130162902,18.384416693887587,381.2104692698697,208.5554605777064,103.4685696764945,6.065193941584187,222.28900886312425,144.50493261238464,73.12146432634492,0.6473000925000452,222.6401953054559,240.54633473068355,131.4625811100447,8.905445643374035,29.554146575412133
27.599999999999994,126.47570769261597,130.29298887989324,273.1685914536709,143.54938835769204,0.3249095603148271,0.003007106977153708,356.2405498568496,189.53349970220867,18.41480274809188,384.0269443792406,209.09926192886604,103.73656939764273,6.0497607753880525,223.90376843418218,144.56330331197972,73.15073738925432,0.6084952888460945,224.27861089311153,241.331929631087,131.89304309634727,8.89998730513295,29.755359908338775
27.698999999999998,127.22785972695071,130.32601377386396,274.14843531431995,144.06429377245334,0.28613485253569854,0.0033054108032467846,357.84762367944603,190.39976687963897,18.438824880691435,386.808050975454,209.633271280172,103.99917367196404,6.0291605372260015,225.51662098486952,144.61375359538397,73.17603459101326,0.5704589002485697,225.89627744405513,242.09906834896165,132.31246995989568,8.888684557988823,29.954119961673232
27.799999999999997,128.00232940362022,130.35948344599788,275.1480740004366,144.58960131680576,0.2005196447457836,0.0034499977872869555,359.48716363987256,191.28353440408804,18.463332308899062,389.64534154330795,210.17806869918113,104.26708308314034,6.008144132636436,227.16205641536862,144.66522307643274,73.2018428473532,0.5316540997601876,227.54662412734095,242.88170481871254,132.74037009341473,8.877153472518552,30.1568953696205
27.899,128.78805965379286,130.37049174425147,276.12791786108573,145.10450673156706,0.24525767516111208,0.003444511413765543,361.09828416244034,192.15222871096026,18.489785267026903,392.4467470707982,210.6810649102632,104.51509951316483,5.987820031697561,228.75903581819577,144.7088923489219,73.22373423170026,0.49361771931079484,229.17601507061764,243.64449967159928,133.15631297600152,8.868047882685989,30.357121723686426
27.998999999999995,129.58172657304686,130.35937225145707,277.1176591344685,145.6246132111239,0.28949138485810255,0.003801890362577629,362.7256786296804,193.0296977078008,18.516505426751994,395.2764496238184,211.1891418911541,104.7656211596542,5.96729063680981,230.37214632610184,144.75300272517356,73.24584674114173,0.4551971329982805,230.8218645082707,244.41499952299998,133.57645730184672,8.858850317198552,30.559370566177243
28.099999999999994,130.3969649521358,130.32534660424886,278.11729782058524,146.1499207554763,0.30916597809543245,0.004210188897278099,364.3730985633407,193.91819451964952,18.547697332633852,398.1501485424393,211.62969630914614,104.98533705317482,5.9452582294240015,231.91956902627106,144.79235317896277,73.26556692598237,0.4163923542679711,232.49316595672707,245.18892419607772,133.99733348522952,8.853445797018676,30.764637358881057
28.200000000000003,131.1976188537819,130.2584072584009,279.1070390939682,146.67002723503322,0.2236707444218777,0.004269830326464006,366.0065038835118,194.79927516040402,18.570039817349727,401.00577434681617,211.9864294433663,105.1667247573874,5.908868217288281,233.34324135374513,144.82786420308844,73.28335746169778,0.37797179619499216,234.15388589242474,241.44210297727022,131.8861257017728,8.458906913119554,29.342457262755477
28.299000000000007,132.01021167648022,130.17034087632254,280.08688295461724,147.18493264979452,0.16715049671921295,0.004150750312605796,367.62570534230787,195.6728272458567,18.581117446309722,403.8479362362895,212.24148151838818,105.3020400967609,5.854626770005918,234.5822500956134,144.85792320204095,73.29840616482889,0.33993548096078846,235.806814138531,242.1500932080743,132.2993325410739,8.432513417812023,29.532096571991083
28.400000000000006,132.84613966340945,130.0468033132651,281.0865216407339,147.71024019414693,0.057983013374065,0.003514638730847897,369.2776179416856,196.56402684818718,18.59241886575376,406.74751553767123,212.50168616058224,105.44008907935407,5.7992895359097725,235.84628931711532,144.88858945349756,73.31375888216468,0.3011307553178148,237.49313487445752,242.8723862718239,132.72088699329015,8.405586720579091,29.725566978382954
28.5,133.68043961552786,129.9238217244918,282.07626291411674,148.23034667370376,0.1523139574148162,0.002000104898456996,370.9145528913232,197.44723326652255,18.607632772229756,409.6334800600773,212.8386667392389,105.61309921239697,5.755261890429033,237.1811343107273,144.91380417910088,73.32636877449612,0.2627102844125498,239.17166397842402,243.58768041071838,133.13139705505696,8.38302405564711,29.918577537606133
28.599000000000004,134.49974808140277,129.73668066287158,283.0561067747658,148.74525208846507,0.33029332824077257,0.0030083494402040555,372.5383492134822,198.32355710475034,18.63533873724708,412.50589720398995,213.17402156364244,105.78517671009773,5.724819885100771,238.4922877642186,144.9336704659544,73.33628740162614,0.2246741000848669,240.84222351435218,244.29489229906164,133.53319854651383,8.37325999046834,30.110774968243735
28.700000000000003,135.34931085899515,129.55665607635535,284.0557454608825,149.27055963281748,0.23106616400455715,0.0032957130801169006,374.1949495017453,199.21758445486148,18.663604418729395,415.43634297707234,213.5161512329834,105.96073052088333,5.693762889765881,239.82992916626523,144.95393809193627,73.3464064050618,0.18586950799299023,242.54653172777378,245.01639129626028,133.94311723981826,8.363298671447573,30.306855175257844
28.799999999999997,136.19046212384515,129.34505212963936,285.0454867342653,149.7906661123743,0.17924237535772164,0.003672074804562576,375.83810107724315,200.10454350850893,18.681507482775952,418.35318243180495,213.80260548822858,106.11081286302112,5.649292976518122,241.04777012596983,144.96885746294726,73.35383377822191,0.14744930942316342,244.2428704883047,245.7275526518262,134.3441430527032,8.343131350818977,30.501904233322826
28.900000000000006,137.03168122357062,129.10008970770053,286.03522800764824,150.3107725919312,0.1375237003204828,0.0032984113470021716,377.4826080578876,200.9923219494254,18.69524339523748,421.28017312561656,214.07580463411313,106.25487891266353,5.599964434717009,242.22213664651076,144.98034533300626,73.359533081098,0.10902942452349236,245.94514589428317,246.43739362927394,134.7427022815609,8.318783121624096,30.6976882915221
28.998999999999995,137.87113661893022,128.82488226400196,287.0150718682972,150.82567800669244,0.19404475187014014,0.0036639048703477925,379.112839692663,201.87253574918478,18.713311146501216,424.19295213336164,214.29402578615557,106.37383971570837,5.552119307111609,243.24622284498886,144.98663987162826,73.36261708500234,0.0709963736567295,247.63918517231897,247.13739722964428,135.13369552597044,8.299078964607757,30.892524658616562
29.099000000000004,138.71907136171177,128.52465596171353,288.00481314168013,151.34578448624933,0.17151875972984787,0.003340890113177287,380.7595383136486,202.76164059742675,18.731561400302972,427.1351531512865,214.51445119225912,106.4940021430264,5.503790895388974,244.2806533485023,144.99299799144848,73.36573224046127,0.032579150558981904,249.35033595821403,247.8444715734528,135.52863819709125,8.279175775702361,31.08932906982313
29.200000000000003,139.5891202426989,128.19874363201023,289.0044518277968,151.87109203060177,0.19356070250432172,0.004466368557321462,382.42507044626217,203.66107024013348,18.751086714287222,430.12222054110026,214.59741509704384,106.55216744164323,5.446044667531626,244.99265389706815,144.99422169701077,73.36625907493199,0.006286044100009502,251.08759245524234,247.05610265710408,135.08361692780568,8.13740698183209,30.343298530203448
29.299999999999997,140.443770628642,127.85370577413173,289.99419310117963,152.39119851015857,0.1160413396755957,0.004039204366389182,384.0754440156419,204.55240244931142,18.76267620523529,433.0899110265424,214.57564708151736,106.56292370404536,5.37373597605842,245.38110627009317,144.99198546717645,73.36504231764746,0.04466321273626508,252.81361487841676,247.74159818254535,135.4745691559678,8.110155910952171,30.534216062828943
29.399,141.28322602412211,127.4794236516814,290.9740369618287,152.9061039249199,0.03807395423071275,0.004259594298182426,385.70986236956736,205.43515416888255,18.76029166071222,436.04265620419864,214.30084965881147,106.45948340424732,5.270190172965174,244.93766942990106,144.98469460865178,73.36127652241326,0.08269744803000517,254.53116388404413,248.4113751484183,135.85350420497767,8.068834558261297,30.723667668015484
29.498999999999995,142.15151120072835,127.09024140861796,291.9637782352115,153.4262104044767,-0.08568840821118326,0.004878555292098734,387.3607899997949,206.32682257248968,18.757883029880833,439.0252270907198,214.0232765045631,106.35499825293617,5.165598452668976,244.48975342970704,144.9773301050915,73.35747268884336,0.12111586751862788,256.26606186952614,249.0879175381889,136.23626688074515,8.02709581816951,30.915032925779645
29.599000000000004,142.99944594350993,126.66770068796139,292.95351950859447,153.94631688403362,0.12309746459052252,0.00412171934384102,389.01177533516966,207.21852630400338,18.770176431234574,442.02257596877445,213.5061009368809,106.14299224157067,5.058967337202842,242.93104517901145,144.96483800664683,73.35108043382328,0.15953591654124458,258.0098354527308,249.757342301808,136.61222812602387,7.999815307781362,31.107089385024317
29.698999999999998,143.84738068641198,126.22292098092593,293.9432607819773,154.46642336359045,0.027407859546588725,0.004526495544821122,390.6634034494636,208.11062135579877,18.772913520995942,445.02993223075686,212.80730098553278,105.84951988532356,4.930080169602052,240.36884194097456,144.94891653597267,73.3429558879066,0.197956204740095,259.75954591422055,250.422463575474,136.9841891337236,7.962788807067052,31.2996139392274
29.799000000000007,144.7088823850867,125.76702178109608,294.93300205536025,154.98652984314734,0.029505363411986063,0.005499404959242201,392.3152745472577,209.00286451866356,18.775860006091175,448.04721331464793,211.75822308370297,105.39851091902958,4.776421266682822,236.19117819573216,144.9295660394945,73.33309836547238,0.23637662055118822,261.5151932714827,251.07878865327848,137.3496492257794,7.9254677742979585,31.492152923612792
29.899,145.56360060592027,125.28888359646753,295.922743328743,155.50663632270417,-0.0918945636490767,0.00519903789748351,393.96687943023585,209.89494507774722,18.76668343410888,451.07431313649397,210.45982507728448,104.83570190852281,4.593370678223411,230.2464539542103,144.90678698788042,73.3215069355545,0.27479711445923605,263.27677751956617,251.72820841272755,137.7099166698539,7.8757096036122425,31.685004183185796
29.998999999999995,146.42510230457995,124.77738693345576,296.91248460212586,156.026742802261,0.03310448616295311,0.005212825627805458,395.6182334125105,210.78687248436523,18.769989148125536,454.1112337575626,208.99998821162106,104.20053405932174,4.412180255241668,222.57749573116052,144.88057987236323,73.30818062714147,0.31321765353633446,265.04429864998207,252.37135161669053,138.06553500029204,7.83821252243081,31.87826087483286
30.099999999999994,147.30213816773323,124.26066410964442,297.9121232882425,156.5520503466134,0.025721806363001504,0.005592538687582511,397.2863554645338,211.68787485769477,18.772583255341463,457.18859674829156,207.40408876001635,103.50426437773815,4.220786408870551,213.3259568615807,144.8506315356255,73.29295906736593,0.35202242802167816,266.8355212132441,253.01349168808255,138.41942659257455,7.799229464463871,32.073693906467064
30.200000000000003,148.17713898762153,123.73782556475668,298.9018645616255,157.0721568261703,-0.10375747311547215,0.007697832138198645,398.9376298953544,212.57975318085593,18.762222992952175,460.24534164208217,205.384986625,102.61649991424561,3.9876528211079103,201.95846434062022,144.817535576902,73.27614256230929,0.39044301532792586,268.61497542810224,252.28962024707255,138.0058207697693,7.639943731027486,31.41797850231056
30.299999999999997,149.04549199902792,123.192859229611,299.8916058350083,157.59226330572713,-0.07417892255495903,0.0069125777917225725,400.58814594132144,213.47116633055023,18.754816487924572,463.3117974370378,203.3610989513657,101.7260133957349,3.7586494193973063,189.69889119153703,144.78101337359539,73.2575875886515,0.4288636145599646,270.4003664232297,252.87890460136796,138.34455123600446,7.589171111997596,31.604036349685543
30.400000000000006,149.92062848847124,122.63677340088086,300.88134710839125,158.11236978528405,-0.11160341003554322,0.006383429836474762,402.23787055641833,214.36209315321108,18.74367371815324,466.3879553977601,201.59513536490883,100.95075998898992,3.5460629279822045,178.05349533494234,144.74106573678446,73.23729254875491,0.4672842147355615,272.19169413209914,253.45694824237597,138.67439046704513,7.534041345067354,31.78969236907181
30.498999999999995,150.7936620996386,122.07535021681032,301.8611909690402,158.62727520004526,-0.08162785609783782,0.00693515145767689,403.8697913794471,215.24330626375072,18.73217019369714,469.44772849318906,200.1347622059335,100.31051671519273,3.3578105284596123,168.45527311039956,144.69643225978726,73.21461360441378,0.5053205973701211,273.9739244798188,254.00794077734088,138.98594531648513,7.477764105341928,31.972438193007562
30.599999999999994,151.68446842302512,121.4801237746132,302.86082965515686,159.15258274439768,-0.15046057857601522,0.007278420795966923,405.534680299911,216.14232165935186,18.72043427480758,472.5693151865058,198.64488655889792,99.65733923384403,3.1657550501587677,158.66314740657214,144.65089709638607,73.19147649958092,0.5441253917750798,275.79215948102785,254.57006447462834,139.30379420328757,7.42034995168265,32.15887585177032
30.700000000000003,152.57981967673814,120.89067946908001,303.8505709285398,159.6726892239546,0.012959892837369147,0.006914097204005891,407.18200321612824,217.03176868552205,18.721728063659086,475.67456420330853,197.44518506028078,99.1322521138449,3.0100243543552065,151.1333656220569,144.60067770712325,73.16595231929271,0.5825459583204577,277.6012969808683,255.10766039757976,139.6054309165623,7.375416945227733,32.34279341999087
30.799000000000007,153.45956893106705,120.2962313894586,304.83041478918886,160.1875946387159,-0.05603841103134352,0.007292482634218361,408.8124322803076,217.91206085835296,18.71605347664432,478.76327015940234,196.46089425131606,98.7017457080039,2.8648301839181056,145.47217424883263,144.54589567328975,73.13809822701658,0.6205822861365007,279.4011293316655,255.62419070292447,139.8936687098521,7.3231828828189425,32.52460419730464
30.899,154.36855497547336,119.6957787864619,305.8201560625717,160.70770111827272,-0.058788196064458814,0.006935414913745752,410.459330324933,218.8012448713134,18.710321570568798,481.88317516555736,195.46666111094774,98.26689075260899,2.7181694056988253,139.7537991243642,144.49056028557914,73.10996278027302,0.6590028192840153,281.219141807218,256.1459384861009,140.1848179960034,7.270421203618149,32.70825144711652
31.0,155.2934821928877,119.08921046159873,306.81979474868837,161.23300866262514,-0.021433615698155745,0.0068414516198287995,412.1221080525412,219.69895554156855,18.70816073386049,485.04909552611554,194.66751610752914,97.91808226069156,2.5895875292368893,135.56520199489603,144.42948876232748,73.0788965329879,0.6978075145308253,283.06432797215723,256.66385438326336,140.4727920357123,7.220553271329041,32.8943908351464
31.099000000000004,156.20009401986283,118.48375408609395,307.7996386093375,161.74791407738644,-0.013006566351685594,0.0077963940977707645,413.7515364979646,220.57862665070806,18.701628262434788,488.16687789193054,193.9147770847396,97.58728597347807,2.4624240954046392,132.17233989188966,144.36454843273998,73.04584455112095,0.7358437509482924,284.8817910921625,257.1484156455571,140.74119683885252,7.16593319159887,33.07571028251637
31.198999999999998,157.12943049807876,117.88330148230719,308.78937988272025,162.26802055694327,-0.11868446090901733,0.00802069260456727,415.3974238165739,221.4671833266065,18.695029806449234,491.3161530089151,193.1544346374775,97.25314830962608,2.333976182442783,128.7452064545098,144.29895214022739,73.01245871085132,0.774264191774013,286.71761242550093,257.63787146605586,141.0123128016204,7.110761393891631,33.258861239455705
31.299000000000007,158.05198349822763,117.2272514153385,309.7791211561032,162.78812703650019,-0.11769748671742017,0.008500340951485915,417.0420302867501,222.35494188665416,18.683283257223007,494.47989332342337,192.4219287912097,96.92877627966321,2.2034986415534625,125.8896336627168,144.22824531272144,72.97645092788844,0.8126845603222271,288.5623082399201,260.42835767689405,142.57348356716048,7.228133069345968,31.858122505113354
31.400000000000006,158.99746465397243,116.6094524031401,310.7787598422199,163.3134345808526,-0.1740588053798021,0.008624978255577266,418.7018257153751,223.25079287017851,18.665739056910084,497.6850065909386,191.69998200553013,96.60744938636789,2.0680831804396687,123.2927099130011,144.15336296240957,72.93830011726499,0.8514890626564727,290.4314763056904,260.9335400744093,142.8088867686675,7.161303559494076,32.03157502703701
31.5,159.9337881143244,115.98642722856192,311.7685011156027,163.83354106040943,-0.33463182792048707,0.007954679138371026,420.3430241062646,224.1364201159771,18.63234576536739,500.86782386410414,191.03099699454117,96.30890563241033,1.9220267931660733,121.00724411432107,144.0757890108708,72.89875959687116,0.889909304177123,292.2881032637092,261.4326112740351,143.0470560440443,7.079667884027967,32.2060817471419
31.599999999999994,160.89025850417605,115.33071074679583,312.75824238898554,164.35364753996623,-0.3888986366875511,0.00634259688923193,421.9811572157227,225.02012604538223,18.59353935644247,504.05983111700226,190.4824971172075,96.06497585299772,1.7798890236776803,119.19239119105616,143.9948000608183,72.85745861910696,0.9283294915475787,294.15066595246105,261.94231769073696,143.29838170242522,6.994205383412036,32.38430763990044
31.700000000000003,161.8468645637334,114.70790796208935,313.7479836623685,164.87375401952315,-0.1657653393006994,0.008397244359595359,423.61694130432807,225.9023577279943,18.57699925026283,507.2611824397026,189.9528573824536,95.82802865821611,1.662153077959147,117.53487155437523,143.91039690713532,72.81439564283247,0.9667496343290132,296.0191643083192,262.4422662810036,143.54803376076836,6.930921652614431,32.563365024886224
31.799000000000007,162.80720153603104,114.08043499086752,314.72782752301754,165.38865943428445,-0.05970120114294211,0.007309879633705947,425.2349037762067,226.77484617874342,18.564702200491016,510.44478706025626,189.4938393703393,95.62184735050981,1.5552025177508961,116.18604296823622,145.39757040732806,73.52086916654264,0.8949330637729221,256.7854885725784,262.93112234336746,143.79744415088126,6.872637793630225,32.74226557860939
31.899,163.79758931572115,113.44662390948761,315.71756879640037,165.90876591384128,-0.18864767098032134,0.008623722180587873,426.8692093033566,227.65614764414644,18.552280938095244,513.6605493032395,189.0301848126481,95.41358340333176,1.4471716488536832,114.82358985092424,146.89976586206808,74.23447878645185,0.8223910733122309,217.15551308193494,263.42491634575515,144.04937383786395,6.813765208797699,32.92297320863277
32.0,164.79123316470145,112.81737181929223,316.71720748251704,166.4340734581937,-0.03393904623218766,0.00812802530145744,428.51837907662826,228.5453297349344,18.548861233099704,516.9230752121093,188.60198431531322,95.21988343380687,1.3509351596526276,113.63817747277893,146.82420993780622,74.19557032215444,0.8604937299226915,218.5338653097268,263.9096591372407,144.30050369695877,6.763108408644699,33.10600324325355
32.099999999999994,165.79525573493416,112.16098816712096,317.7069487558999,166.95417993775052,0.007273039498116529,0.01072155457511062,430.1511062773698,229.42563593143737,18.54958676888275,520.1631780003704,188.12865613471067,95.00320702978051,1.256887420527206,112.3211033071203,146.74603588605393,74.15530253569491,0.8982190864200683,219.90289493093786,264.3569612465727,144.5315241630899,6.714945751443179,33.284720591843296
32.199,166.7958865663367,111.47847370779145,318.6867926165489,167.46908535251183,-0.20286419943672493,0.011541479827393819,431.76615423222734,230.29628125920695,18.53688610449748,523.3852139500154,187.60540418038585,94.76050695608737,1.147461575583741,110.81918223167135,146.6636722781771,74.11285454835416,0.9355670441011158,221.26462391120512,266.1740607253187,145.53142834632226,6.757346949542155,33.17271774559666
32.3,167.83043478729144,110.8714606023948,319.6864313026656,167.99439289686424,-0.05583613225976816,0.011788568383195816,433.41382941849605,231.18451538147687,18.523928861033717,526.6723415350066,187.07158147950904,94.51290385060247,1.03582510751011,109.28691931631441,146.57964475903003,74.06954902591563,0.9736695059777382,222.65386256784137,268.02786928444334,146.5515326140643,6.800604737501715,33.05845221558746
32.399,168.84449690503212,110.22197103624592,320.6662751633147,168.50929831162554,-0.3142367654023329,0.01035444442499231,435.02592567668654,232.05328021047902,18.503183593717903,529.9132306011071,187.15569298720462,94.55615497646362,0.9612622872045771,109.95578128982054,147.7075427817277,74.6087275856033,0.92760665942826,208.9477265162902,268.44231979138596,146.7090250724634,6.728273162772842,33.22749512045801
32.5,169.85896603130232,109.5484633663248,321.6659138494314,169.03460585597796,-0.10805918465092637,0.00987588081544696,436.6705895360525,232.93959584410743,18.482019230092682,533.2195921735932,187.2415037172779,94.60027986244317,0.8851931472969159,110.63815562642776,148.8582266230657,75.15879864144625,0.880613250322229,194.96469882733462,268.8651430358425,146.86969919668869,6.6544803441100555,33.39995303350775
32.599999999999994,170.91033727756098,108.91442989349305,322.65565512281415,169.5547123355348,-0.4253387326067135,0.007765599003528541,438.29584199817504,233.81513593007693,18.43960636209801,536.5072978986894,187.31595002764374,94.6384854310634,0.7883563879941234,111.31695206088419,148.77841198885412,75.11737993789475,0.9178177106231319,196.16617882895892,269.3058675278498,147.06098669130407,6.562896348572194,33.57777714809725
32.699,171.9445463247863,108.26494032813424,323.63549898346326,170.0696177502961,-0.39530906159380574,0.007521068668526743,439.90173365254157,234.6799296741075,18.446612100858648,539.7760132640252,187.3792564552218,94.67087778896045,0.7416237944736097,111.99209706581978,148.69451809282793,75.0738196011647,0.954650039168602,197.3611524086834,269.7355215738494,147.2590746938213,6.521955522243255,33.75602518565173
32.79900000000001,173.00276888379167,107.62000975316987,324.6252402568462,170.589724229853,0.5326246765678231,0.012484209065667717,441.5238464347301,235.55345870848188,18.453688604657273,543.0777459562838,187.44320234166426,94.70359734239183,0.6944191545538966,112.6740617172699,148.6097767837106,75.02981926103334,0.9918544114367553,198.5681964286072,270.1695155597076,147.4591635852529,6.480601152214023,33.936073708434044
32.900000000000006,174.09904675417636,106.9687410672574,325.6248789429629,171.11503177420542,-0.2404691930310616,0.012724304633049214,443.16371010156485,236.43670564526295,18.4294760690161,546.4277663646088,187.5021106996794,94.73366948554096,0.6152885787441073,113.36606313208253,150.85875586932443,76.1137027347112,0.8708196674117787,178.50798113716223,270.55122943141663,147.63664571280543,6.403766371099972,34.113901727630946
33.0,175.1912545376545,106.3350411812084,326.6146202163457,171.63513825376225,-0.002901893700339331,0.012811230932900281,444.78630475206415,237.31054154010963,18.429186802201425,549.7542864498881,187.55451655465214,94.76033382072653,0.560698216231937,114.0533447898505,150.77994069918392,76.072537528297,0.9075397059016306,179.59366249248828,270.8858553874474,147.79302463681321,6.348820220608796,34.286595903471806
33.099000000000004,176.27918873003668,105.71857650745004,327.59446407699477,172.15004366852355,-0.13937978052318764,0.013471886999967701,446.39144973767856,238.1748454387739,18.414014864439302,553.061844489591,187.5979985095624,94.7823024610135,0.49172468598301766,114.73689379675871,150.69710824604846,76.02924533010776,0.9438923177867606,180.67340818715525,271.12924741832757,147.90742738853854,6.273926193498173,34.44877439386396
33.199,177.33741128919266,105.10700441086887,328.5842053503776,172.67015014808038,-0.16801089689717727,0.016150126428943565,448.0128083090061,239.04787967984882,18.398689674780595,556.4028122064622,187.6419196761384,94.80449300675791,0.4220544534083582,115.42734733909016,150.6134391014672,75.9855158369873,0.9806121277717371,181.76406040399044,271.37509795457015,148.02298572361462,6.198275661063208,34.61259105082571
33.3,178.44718828054994,104.45595811482806,329.58384403649427,173.1954576924328,-0.2435350263136414,0.013910708665953765,449.64798399547493,239.92808449138087,18.3741800490767,559.7915688877295,187.67648133234238,94.82171913787536,0.3426352632518217,116.12791876234809,153.38275269027247,77.32623004327628,0.8260439197446482,161.26406658598515,273.39729996375854,149.14077181503444,6.243189593502622,34.543045116355316
33.399,179.52169118674456,103.8505017393233,330.5636878971433,173.7103631071941,-0.21573472900867977,0.011591234309111253,451.24864173017426,240.78946242828758,18.368666614690785,563.127410499279,187.70095899676227,94.83360696219555,0.2833803954632762,116.81777848714032,153.3072186536474,77.28647685582004,0.8618239112130189,162.22359775744522,273.60440182515606,149.20898026685714,6.175582703501588,34.69984181623928
33.5,180.62488820449533,103.2438222207094,331.56332658326005,174.2356706515465,0.10078796209521118,0.010350498485633833,452.8816359847664,241.6682419396772,18.363041797792025,566.5306428504556,187.72593115945324,94.8457349445828,0.22292845963860125,117.52157477202933,153.2301586768885,77.2459205736677,0.8983267307918602,163.20251339701557,273.81568756254137,149.27856666720152,6.10661001774296,34.859806126221905
33.599999999999994,181.73045943951155,102.62124182587462,332.5530678566428,174.75577713110334,0.015888697788035422,0.01298608216026332,454.498722291681,242.5384922287989,18.364624534925735,569.9150145451961,187.74374330129098,94.85405699409627,0.17028897859217226,118.22158834428357,153.14907945854577,77.20321224518845,0.9344679466285972,164.17613385978666,274.00850193687415,149.3582524574181,6.045482838035688,35.019174999130115
33.699,182.81167798889788,102.01578545036986,333.5329117172919,175.27068254586464,0.000382731758312882,0.016008568286745954,456.09945242341496,243.39991720636996,18.358592781687964,573.2800770712471,187.75409569496287,94.85839691003449,0.11087883898926416,118.91774489035527,154.63039316841318,77.92174517334222,0.8666925943818492,154.6794575410168,274.1064882300453,149.40079697036282,5.971706607305884,35.16616193780824
33.79900000000001,183.91060141553757,101.40421335378869,334.5226529906749,175.79078902542156,-0.12212513584798143,0.014170101008435632,457.7163515463786,244.2700434463408,18.352500101649813,576.6791301278644,187.7645526582678,94.86278066350744,0.05086859696612183,119.62093332073076,156.12666964302682,78.64753600986121,0.7982326426174541,145.08685519882457,274.2054642837535,149.44377122586252,5.89718516212426,35.31463359303868
33.899,185.0027413643964,100.79264125720752,335.51239426405766,176.3108955049784,0.12307065317570128,0.011708312777626906,459.33300167160826,245.1400057670131,18.364754913202827,580.0928494804616,187.76759554853462,94.86318031423161,0.013348977318561451,120.32729688992629,156.05460518592992,78.60925843653379,0.8337549197957255,145.9431581595883,274.2823695529727,149.49216797484436,5.8406889003804965,35.46043973413546
34.0,186.09895139986048,100.1861841276752,336.51203295017433,176.8362030493308,0.09942508119025578,0.009097261133622869,460.9667583625486,246.01929226799965,18.374753160996764,583.5509190979617,187.76681051913133,94.861503249488,0.03870345681227535,121.0428813659096,155.97864678026284,78.56888589303787,0.8696322730592568,146.81062183878453,274.39256859605143,149.56855708869816,5.7842105649085855,35.61171080244539
34.099000000000004,187.17345430591956,99.59173604884387,337.49187681082344,177.3511084640921,-0.015539779581383278,0.011430227769379771,462.56869656173495,246.8815224175412,18.37908433788645,586.9553072838056,187.75948692284737,94.85631616868253,0.0875555755765521,121.74746179683247,155.8995371855477,78.52679464900606,0.90479899436864,147.66472104397093,274.46120822355107,149.63084902168083,5.721392273292141,35.75283174672379
34.2,188.28363830610758,98.99673199651845,338.4915154969401,177.87641600844452,0.10226215497085131,0.012787683578541617,464.2029971487836,247.7611713579825,18.38350301329916,590.4284709885552,187.75201537512334,94.85102429836584,0.13739460583101393,122.46627617585477,155.81882941720198,78.483853076812,0.9406761544923524,148.53607477855502,274.5312345101921,149.69439937755206,5.657304925279408,35.89680361916943
34.3,189.40949214016348,98.42952667657407,339.48125677032294,178.39652248800135,0.21045591847162648,0.011260849236365012,465.82260094894485,248.63310450695275,18.40445068650625,593.8823617518485,187.7390268010782,94.84275425778155,0.17057323264889693,123.1811621822617,155.73423712153078,78.43879579934787,0.976197826576315,149.4026399189715,277.40750101222676,151.3322503871618,5.810707334008486,35.76592887836106
34.400000000000006,190.5149955405603,97.85131305837609,340.4709980437059,178.91662896755824,0.18116674444351205,0.011424371065236413,467.4438308458397,249.50612853458338,18.42248126715367,597.3464768561829,187.72298762134534,94.83282546715013,0.2067048561983186,123.89817476606446,158.59451984051722,79.83507532705421,0.8200232366018309,132.57001850991918,277.5178579571202,151.35138652059075,5.761998680689895,35.90712544003222
34.5,191.6003520113219,97.27321063392883,341.46073931708867,179.43673544711507,0.08818809437647196,0.012367085427876135,469.06617838905413,250.37990400550245,18.431257222738875,600.8206976055974,187.70336254069406,94.82094261939282,0.252144598551423,124.61731353977574,158.52074301832045,79.79543804893406,0.85498520559103,133.3372280799065,277.62952665922984,151.38719876110645,5.704884205569986,36.05162921484818
34.599000000000004,192.67485491738097,96.71178744985829,342.4405831777378,179.95164086187637,-0.004228257478720132,0.012915294394131957,470.67240882802236,251.245012609777,18.425526903987578,604.2747702499337,187.6769933686046,94.80538468679751,0.31163498336723355,125.3324065365046,158.44316320758577,79.75371550704891,0.8895972992659578,134.1001055788341,277.73501051987694,151.4386451020744,5.6346345157181315,36.19647828343451
34.699,193.7534279103466,96.14469332287453,343.43032445112055,180.4717473414332,-0.11158979084288875,0.01014601321973265,472.294863816879,252.11885968480172,18.419738703228692,607.7637325169397,187.6503578412415,94.78966960336791,0.3717262811609759,126.05472269481652,158.36479976239926,79.71157152534673,0.9245590100487099,134.8706889110841,277.84155987406587,151.4906111030521,5.563675233039497,36.34279047392574
34.8,194.84957011102563,95.5720394514688,344.4299631372373,180.99705488578562,-0.19167927947286503,0.010799654753387641,473.93202681044636,253.00041736412894,18.400480312439235,611.3021406228132,187.61463528184896,94.76896154983335,0.4459140596509389,126.78748067320811,158.28100790284307,79.66646001411404,0.9598700940602053,135.65239696469692,277.9623025989576,151.56531430275848,5.480591751013326,36.49367542911648
34.900000000000006,195.9281431040214,95.01606481806952,345.4197044106202,181.51716136534253,0.09504919650152957,0.012986491184879816,475.5525724070069,253.87297027962197,18.409934485368286,614.8153114162907,187.57405157558784,94.74559271103378,0.49070588056504083,127.5151196014478,158.1949663978852,79.62010265747855,0.9948314106462359,136.42863331695335,278.04176306765936,151.62361240979055,5.424802798927603,36.636769876409446
35.0,197.0065804272663,94.46020137921106,346.409445684003,182.03726784489936,0.10648428040064273,0.010634948953381962,477.17395082648954,254.74609046863472,18.420524754265745,618.3385213251539,187.52959385179372,94.72008994130877,0.534356499031838,128.2448852173319,160.8602177871708,80.92493412062785,0.8536153574225062,122.4463769493506,278.12221902951916,151.6891335854781,5.3707507100731195,36.779458791178904
35.099000000000004,198.0609364038257,93.92079479006755,347.38928954465206,182.55217325966066,0.3065704484114219,0.012039616855937811,478.7814494781787,255.6120742919019,18.436384193697616,621.8416174376454,187.48101976428015,94.69232266513943,0.5721668631140604,128.97050207256322,160.7829997349981,80.88293257495228,0.8877264298224283,123.13533960234001,278.16166383925867,151.73958940236437,5.320482198987387,36.912133327081456
35.199,199.12594244091318,93.37593965025277,348.3790308180349,183.0722797392175,0.017071874161325412,0.013303721932639425,480.4051854899857,256.48680542651516,18.45240382948738,625.3800983593535,187.43195502941796,94.66427491143301,0.6103591500657964,129.70344839097862,160.70500170250043,80.84050677123959,0.9221820585092151,123.83126147404641,278.20150708141983,151.7905548739667,5.269705925163419,37.0461480098113
35.29900000000001,200.1909484778501,92.83108450885781,349.36877209141784,183.59238621877438,0.05037367923386463,0.013764174464470594,482.02985769962015,257.362177610893,18.457411848392933,628.9335125757863,187.3767816888071,94.63284173426047,0.6596240558068505,130.43957439107814,160.62249725075594,80.7955854854302,0.9566373900956845,124.53019279067584,278.1804308983761,151.81544996491616,5.2043882534534935,37.16696190219064
35.399,201.2559545149376,92.30846835384175,350.3585133648007,184.1124926983312,0.17333141273517094,0.012158862520498165,483.6554510687545,258.23818427463567,18.474641615107604,632.4969854677009,187.3178395240984,94.59931348957953,0.696594590644614,131.17782770487582,160.53698089308656,80.74899061496974,0.9910924941534093,125.23113710235197,280.0097052179431,152.88079432447574,5.279929048282293,37.02709012130529
35.498999999999995,202.32096055185943,91.77473270603127,351.34825463818345,184.63259917788804,0.1860053839820037,0.01149272069936543,485.28252307399765,259.1152115792187,18.493128992943767,636.0706494984585,187.25572313879115,94.56401631082007,0.7322982076538902,131.91820893824672,162.82546683336966,81.8719392504816,0.8755204951218586,114.611711884487,280.0302141741503,152.88989809680106,5.23011373475663,37.15066186589571
35.599000000000004,203.3791831108497,91.2521165510152,352.3379959115664,185.15270565744493,0.22700754020446923,0.01264616834025949,486.9112931727641,259.9934140302477,18.515688992640843,639.6545570001789,187.19066845577964,94.52707817691615,0.7639020227312681,132.66071839073308,162.7472554540156,81.82893714896046,0.9095509843465143,115.2516040580877,280.0430993331578,152.9056395089486,5.18447183502763,37.274178419040446
35.699,204.44418914792215,90.72950039599914,353.3277371849492,185.67281213700176,0.11477291822574946,0.010458492322267192,488.54146750154206,260.8725903828994,18.527093700975193,643.2486373470392,187.12236639998287,94.48832206356919,0.8067293735448522,133.40535593629065,162.66607376675586,81.78427416704727,0.9435813072040182,115.89332736111236,280.07579261172896,152.9417119380411,5.1295361575286265,37.40186805957543
35.8,205.50621045458843,90.21311115660029,354.3273758710659,186.19811968135417,0.0909547365141066,0.00887540949040061,490.1888003108364,261.76115425962973,18.536220976334366,646.8888479363213,187.04948384169265,94.44699224049337,0.8523908354167931,134.15959965251648,162.58106673252686,81.73747603270348,0.9779517926468217,116.54332664215342,280.14263153932626,153.0036297409253,5.074486162348015,37.53710327722018
35.900000000000006,206.5642973441442,89.72374228463653,355.31711714444884,186.7182261609111,0.22430128213965148,0.010129628994949545,491.8211197376004,262.6418244729845,18.558504750995922,650.5032132583734,186.97394288852246,94.40417279761499,0.8842657704474077,134.9085145031695,164.13281998794866,82.50037586916307,0.9095782289055923,110.1284256690618,280.209697045532,153.0698954577992,5.033781619891907,37.670784571491474
36.0,207.6088851124864,89.22336511441917,356.3068584178317,187.23833264046792,0.21162315210961957,0.010026034620912689,493.45522624347154,263.52374252453615,18.579526862827187,654.1278438226343,186.89556882050647,94.35975904184924,0.9174085986494414,135.65955810637348,164.0518031026033,82.45543858230646,0.9433217021743984,110.73541900007818,280.28174901685827,153.14230039799833,4.992480462119824,37.80463548694536
36.099000000000004,208.63637851639956,88.7279917151297,357.28670227848073,187.75323805522922,0.27546978218553003,0.009291159663994287,495.0757004704505,264.39873792138366,18.59741003695995,657.7314853423334,186.81383469731168,94.31345192522218,0.953166088452933,136.40625274339845,164.54963088498386,82.6974530412977,0.9406097495949027,109.03240577661775,280.358379687708,153.22026290334858,4.949436879152762,37.93681472977579
36.2,209.68456152816808,88.22283316464623,358.28634096459746,188.27854559958163,0.09011472047549937,0.011111551882208609,496.7289115504996,265.29140999291496,18.61565448733782,661.4079277008141,186.7304493797089,94.26620931128953,0.9896459517878067,137.16803212056533,165.05751579428116,82.94435668127866,0.9378430100946094,107.29498824561276,280.4365584529183,153.2998004088069,4.905523728853034,38.071664260340164
36.3,210.7157180101721,87.74458378547688,359.27608223798023,188.79865207913846,0.17264959910184277,0.009025985306570426,498.36756986886076,266.17651862827904,18.632799700065185,665.0631582039044,186.71778480292934,94.2535052680001,1.0220480495470945,84.35907141130586,164.9741643358359,82.89782282500809,0.9713835709992373,107.88074786864266,280.5161986174334,153.3821982772366,4.861741063702492,38.20446316395028
36.400000000000006,211.75352230071832,87.25543730259471,360.2658235113632,189.31875855869535,0.2134930403376126,0.008930546099717721,500.00780672697886,267.0627389583513,18.65399896937315,668.728603905013,186.73466693573093,94.25519136465749,1.048380684384961,77.54739361233145,165.67438861027472,83.24102140394113,0.9563737783894778,105.55308693977105,284.37661104037915,155.59231227183105,5.0781917867499455,38.02878023064654
36.5,212.7845431131523,86.77741031250696,361.255564784746,189.83886503825218,0.17315886993891044,0.008633888161954404,501.64962328929175,267.95007375089676,18.671191599147708,672.4042651518229,186.75096362798368,94.2564596643255,1.078628214608805,74.90334996999705,165.5895183875391,83.19342064722694,0.9897800378328828,106.12568836783757,284.5817134233648,155.66990521493875,5.040386173225924,38.1823626954392
36.599000000000004,213.7986052307273,86.31506180797828,362.23540864539507,190.35377045301348,0.17647585095800802,0.0065542961222079844,503.277120503955,268.8300194589337,18.687875169075305,676.058279996025,186.74256257181506,94.24536017698455,1.1101693436924998,73.91840198855476,165.9734529578711,83.37952431716546,0.9939127628991773,105.06209652967846,284.844801807588,155.80008383234605,5.00754932104936,38.35053080765454
36.7,214.83301778229267,85.84326173429784,363.23504733151174,190.8790779973659,0.1631559254332377,0.006545249625191701,504.9374964502275,269.72774184794105,18.70489578081962,679.7861133219282,186.73399179734002,94.2340364575761,1.1423476673031363,72.91355606809347,166.3651437821492,83.56938765720375,0.9981289773607502,103.97701798771821,285.1132051086642,155.93289232081204,4.974049098121754,38.52209625547018
36.8,215.84362032613194,85.36512354966926,364.22478860489457,191.39918447692273,0.15570647397206588,0.007616141531303951,506.5834261141357,270.6179881787144,18.720352185279168,683.492269676389,186.72477072386275,94.22225693853305,1.1753914888592656,72.48945492944594,166.57329608428836,83.66780052103638,1.0132411419081004,103.57170482427459,285.4041069529641,156.0898046780188,4.941779708062021,38.6993026657766
36.900000000000006,216.84079158378367,84.88698536504072,365.2145298782775,191.91929095647964,0.1523004733571569,0.006902167045943836,508.2306115043993,271.5091260576156,18.73546929958939,687.2085632640437,186.7121113579702,94.20863383317904,1.2088054089438982,72.24901826176337,166.7259379704458,83.73829439333977,1.0316592901398571,103.36299813940344,285.7077267001902,156.25922597895854,4.910360467810711,38.87999165591411
36.998999999999995,217.82799112872755,84.41362856225844,366.19437373892646,192.43419637124086,0.1962161023371416,0.006344106876307066,509.86368034250074,272.393028402391,18.758565815689913,690.902869038228,186.69063302304053,94.19050757599177,1.2340005447224356,72.18173148819997,166.8230208584906,83.78075759327669,1.05302963462771,103.33916498854501,286.0259521438611,156.44271604487602,4.889020793670368,39.06324905041603
37.099999999999994,218.82828278605425,83.94193968390888,367.1940124250431,192.95950391559327,0.27314703183292627,0.0062876398380223054,511.52974047026095,273.29478736019223,18.782128928075295,694.6718072522953,186.6687207823547,94.17201513179062,1.2597046731429662,72.11308538587772,166.92206501700093,83.82407863563657,1.0748317032466328,103.31485035989144,286.3506063843738,156.62991298081207,4.867250015001936,39.25020861450387
37.199,219.8087666879721,83.47959117859013,368.17385628569224,193.4744093303546,0.14859397775160627,0.005410596249020964,513.165990446552,274.1809573746878,18.79511686323908,698.3863574132448,186.63169831158558,94.14582944661413,1.2957143316279187,72.18716149505485,166.9694039255239,83.84125467280313,1.098982744518418,103.44866339198724,286.68899415609,156.82975326306024,4.837489697727107,39.43835428313115
37.3,220.80207136305737,83.01902179145479,369.1734949718089,193.99971687470702,0.11612976365970297,0.005381409729743398,514.8352959779195,275.0850298137186,18.808367180931427,702.175948991587,186.59392791211403,94.11911475769669,1.3324514579610505,72.26273409128606,167.01769917563317,83.85877770061951,1.1236216856138743,103.58517971766074,287.0342180444066,157.03363072272754,4.807128161921474,39.63030087435695
37.400000000000006,221.77231221329293,82.55211429495152,370.16323624519185,194.5198233542639,0.29234326363328084,0.002699476596069611,516.4902726295214,275.98172224227727,18.837376475181326,705.9433058608078,186.5304310486126,94.07925570552139,1.3541376789481485,72.43826385244625,167.01545930399413,83.85088775519402,1.1508361518731265,103.86287744561092,299.3577365409181,163.98339533817028,5.58608005296514,39.041208069578786
37.498999999999995,222.7527961150451,82.10077408788635,371.1430801058408,195.03472876902515,0.1363492252536313,0.003496655390503719,518.1308753477304,276.87100394351677,18.848375756169844,709.6881230117206,186.4494976750111,94.03037143628026,1.3942954767405862,72.67433010903865,166.982914524049,83.82759178569903,1.1793855062720597,104.21653898238577,299.9239022977278,164.22887453591446,5.565104265729393,39.20249255221053
37.599999999999994,223.72575035630567,81.640315896872,372.14271879195746,195.56003631337757,0.08807248744144205,0.0034943567299728535,519.8046215551963,277.7782509316501,18.8595972448551,713.5085930343694,186.36692928376107,93.98049960604435,1.435264543175299,72.91516538091575,166.94971227380194,83.80382519055766,1.2085116153053177,104.57734519667127,300.5015057465943,164.47931290937063,5.543704725216154,39.367035307218686
37.699,224.6860873287238,81.18897568980682,373.1225626526065,196.07494172813887,0.0686812818888419,0.004123864459809046,521.4465316605764,278.66846885361775,18.865146359643212,717.2731936325175,186.27002076837385,93.92300028947966,1.481421735899834,73.19718617897598,166.89598914987246,83.76946115989855,1.2380303813268942,104.98004634067881,301.03873507141117,164.75052489807754,5.516858101069088,39.53747375396515
37.8,225.65890590042932,80.72873988866417,374.12220133872324,196.60024927249128,0.04454567472914997,0.003710123219618087,523.1216116670753,279.5766709760291,18.87080757776038,721.1138467680018,186.17115450520106,93.86433937056015,1.5285113971642563,73.484904366896,166.84118071030807,83.73440290639786,1.2681454860559758,105.39088286133294,301.58681751390105,165.02721591685932,5.489469120878649,39.71135540165598
37.899,226.6058115865244,80.29941627652602,375.1020451993723,197.11515468725258,0.29078584591047474,0.0028036456062190337,524.7657625955529,280.468496681374,18.88718068084811,724.8984660741577,186.05809435591115,93.79817963260739,1.5643289146428057,73.80287981356497,166.76605642680624,83.6888959609099,1.2986302784382158,105.8400247965977,302.09852130722714,165.30744326727046,5.472771885047815,39.88861777925397
38.0,227.5581440548351,79.85007757751598,376.10168388548897,197.640462231605,0.04506432161072366,0.0036621763386818747,526.4431286943027,281.37833906763495,18.903884553695185,728.7595423359932,185.94275016320123,93.73068333429195,1.6008700183330413,74.12727900663128,166.68941448101145,83.64246968318987,1.3297309252120146,106.29824030631224,302.62056255092347,165.59333177627573,5.45573733132141,40.06946121498524
38.099000000000004,228.4916184544715,79.3987373704508,377.0815277461381,198.15536764636633,0.012193945372216186,0.003171811781130505,528.0883517351136,282.27093459795776,18.90816539883456,732.5638882443315,185.8155975451658,93.65681038739444,1.6492412932574343,74.46778497972727,166.59899817675463,83.58887189542102,1.3608066708383717,106.77621039283586,303.11169616043964,165.87430023538198,5.426183017709019,40.25296264573993
38.2,229.44381525334774,78.96074055489694,378.08116643225475,198.68067519071874,0.07436028140811804,0.0027381116586260687,529.7668116050319,283.1815623612164,18.91253272569392,736.4450896255653,185.68587618737206,93.58144505773133,1.698589765655045,74.81516986137062,166.50675528049265,83.53419132406088,1.3925102093056638,107.26383644070337,303.6127516610571,166.1609448249752,5.396031647255975,40.44017117610581
38.29900000000001,230.36385836666102,78.53141694196871,379.0610102929038,199.19558060548005,-0.022000938288258637,0.002505855887953143,531.4125057499906,284.07449670615273,18.914550760678125,740.2690122302442,185.54244827800696,93.49872228825338,1.749693388326197,75.17618406189905,166.39842098078034,83.47121433335352,1.4243207081586111,107.77534390687393,306.5696204171927,167.86215511356593,5.525044674577917,40.05652953162389
38.400000000000006,231.28213777584946,78.08241182895134,380.0606489790205,199.72088814983246,0.062257233160120745,0.0017225628835522836,533.0914462413122,284.98547012876446,18.91660956404585,744.1701857966337,185.39612283511931,93.41432835171527,1.8018294074149452,75.54449147859975,166.2878981093567,83.40696508020763,1.4567738433520205,108.29718485720952,309.5862238956743,169.59773328677457,5.656664025684135,39.66513755088983
38.5,232.2112029147897,77.65975991296388,381.0503902524033,200.2409946293893,0.2150777983619899,0.0026514938784583356,534.7549739534435,285.88829552944225,18.937944479453538,748.0477816103003,185.24219117878337,93.32579217761315,1.83419478298095,75.91886383341887,166.16872671011194,83.33815765600298,1.4892312142180357,108.82939036315199,310.08239820931703,169.89185558576312,5.6439537354990845,39.83487228182947
38.599999999999994,233.11340548111386,77.22621089326363,382.04013152578614,200.76110110894612,0.1566070498038905,0.002756698210480653,536.4200096235872,286.79220711760195,18.95347903008341,751.9355873665737,185.08444500874177,93.23510974107985,1.8724516505776305,76.29668146426064,166.04554378964065,83.26712526653543,1.5217586825406884,109.36593707802436,310.57338371714445,170.18579313173248,5.625230819192396,40.010755674372746
38.7,234.01560804755852,76.80367017181698,383.0298727991691,201.281207588503,0.11488474356601538,0.0035872818767294385,538.0861465402143,287.69691240028726,18.964874659842355,755.8335005271176,184.9239320491955,93.14276599613073,1.914838197981482,76.67543497075106,165.92125279082907,83.19531044859919,1.5541871768486708,109.89999129565506,311.06245105654295,170.4785780205965,5.602326290095862,40.19231889649454
38.8,234.91781061388266,76.38135184103211,384.01961407255186,201.80131406805984,0.09966480405706934,0.0026196936663197374,539.7531535199544,288.6022452001951,18.974760263197734,759.741462826212,184.7586672546428,93.04775884683457,1.9588058734844858,77.0574021531572,165.79235841450034,83.12098043246901,1.5867196818939435,110.43978097794795,311.54639169781905,170.77062063685585,5.57776690608524,40.37726404568731
38.899,235.8109911546853,75.98505312286467,384.999457933201,202.31621948282114,0.15025545643644278,0.0022386288853348257,541.40515479236,289.4997260915914,18.99108654559671,763.6253158477643,184.5881762676272,92.9498881030265,1.995841080133737,77.44015440924522,165.65690769810493,83.04316471564671,1.6191384347703393,110.98503334175818,312.01795007623286,171.0586584821666,5.559829665708653,40.56366516105889
38.998999999999995,236.6928432871546,75.57363189421243,385.98919920658375,202.83632596237797,0.18211626846521473,0.0018147653966707755,543.073842946305,290.4062724465371,19.00757773993911,767.548399707918,184.41596314942964,92.85102876584662,2.033250379779442,77.82677284973815,165.52008879265503,82.96456298148277,1.6518846497969983,111.53579330520282,312.49427167059025,171.3496058006623,5.5417112410858405,40.75194911597966
39.099999999999994,237.58337827141605,75.15820764786974,386.9888378927005,203.36163350673039,0.176155195464482,0.0024211184788639557,544.7613657716284,291.3234355189896,19.02522420751014,771.5261530248625,184.23644198154238,92.74804515365123,2.0700800961445727,78.22028723752396,165.37565740943577,82.88173811828614,1.6850699263874702,112.09896723817597,312.9703094656432,171.64222186645378,5.524282304787719,40.94518217899343
39.2,238.4516634481579,74.7579059120119,387.9785791660834,203.8817399862873,0.12165424354859725,0.0012752468415261032,546.4333944717978,292.232395106351,19.037290196880356,775.4747110926783,184.05506896002046,92.64406393674659,2.1120065592410646,78.61141936573723,165.22805655742974,82.79723556510395,1.7180257535708074,112.66280921762757,313.4364704423477,171.93070253277617,5.501409650603615,41.13733954698049
39.3,239.31988078996403,74.35760417615404,388.9683204394662,204.4018464658441,0.22986097667749197,0.00030615924413307993,548.1068475230173,293.14238440135625,19.060088458464886,779.4334632992634,183.87209709908925,92.53916561388213,2.143019151840208,79.00201156265986,165.07777205379037,82.71120449895042,1.750970658528369,113.23035892255938,313.89570857525183,172.2173319086428,5.4890779747399385,41.32968713699322
39.400000000000006,240.18151815832934,73.9573024402962,389.95806171284914,204.92195294540102,0.1581478775258976,0.0010934199607937761,549.7818727419182,294.05351038477653,19.075774172540672,783.4024484463046,183.687806429511,92.43346969665126,2.1811042708698936,79.39177062292282,164.92600428500842,82.62424335302507,1.7838363175342264,113.79819809247405,321.66364510945,176.72694267315018,5.935807643390693,40.55924907084371
39.5,241.0563154737571,73.55711189897914,390.947802986232,205.44205942495785,0.04046275925933113,0.0009989638656932045,551.4577026717024,294.9652182573778,19.07978740351222,787.3814697888885,183.50184311177867,92.32675101191906,2.2308327036603917,79.78018925266686,164.77350008615858,82.53673119929357,1.8165806263248996,114.36502635337955,322.13651118796514,177.04277158379452,5.905014295029109,40.73088655877792
39.599000000000004,241.8957708691016,73.17182147906531,391.92764684688103,205.95696483971915,0.2781634875063487,0.0014140463118827336,553.119250377187,295.86960031285514,19.109396434978073,791.3358884915989,183.3137054989278,92.21880424439745,2.25420359323469,80.1658381921928,164.61836303711775,82.44773712316442,1.848994029088268,114.92833070268058,322.6110758132913,177.35314720234797,5.900725064940972,40.910530836760195
39.699,242.7504890899503,72.78263923521176,392.91738812026387,206.47707131927598,0.32468936302531937,0.002653596264507897,554.7975813928277,296.78311754060996,19.139304547569843,795.3302508175688,183.12366750614913,92.10976710548672,2.2778105524006462,80.5553825755523,164.46165894717754,82.35784411697337,1.8817348399603542,115.4973249949038,323.0904340206914,177.66665792815948,5.8963925092963905,41.09198970340894
39.8,243.59326838952072,72.38967636511967,393.91702680638053,207.0023788636284,0.12228945860196616,0.003450842373707858,556.4957506573498,297.7079807489433,19.151554690632786,799.3802389514931,182.92422629540619,91.99548731047297,2.3199724382383264,80.95418208428748,164.29539619484495,82.26274013807422,1.9150119536125676,116.07801942916929,323.5861659584236,177.98095549021846,5.874460809186919,41.282700292446
39.899,244.4260081417941,72.01539424108918,394.8968706670296,207.5172842783897,0.1997148910255221,0.0022383427660169564,558.162706259312,298.616278564202,19.179132670342675,803.3652531723993,182.72436847633108,91.88098366930024,2.345599325448446,81.34652184231595,164.12802553589233,82.16702295707502,1.947638459498182,116.64944840194907,324.0724605374682,178.28722075562382,5.8687411335245026,41.47262983031235
39.998999999999995,245.26037592868246,71.64845098361451,395.8866119404124,208.03739075794653,0.3612167796973458,0.002207136196299941,559.8464997966474,299.53375110486724,19.206989215504173,807.3905200622032,182.52249189140673,91.76532342569142,2.3714850701051295,81.74282462820325,163.95896426422303,82.0703389358637,1.9805945260493043,117.22664938455488,324.5636671829678,178.59657960956858,5.862963683360445,41.664477848359155
40.099999999999994,246.0893169332497,71.26671880006754,396.8862506265291,208.56269830229894,0.31314278249407534,0.0018493796659880416,561.5510381118946,300.46323077034,19.23835689257206,811.4719487733064,182.3162759992268,91.64717569051781,2.3943361290067355,82.14393685073772,163.78411532257263,81.97034304652891,2.0138663394541725,117.81182408510251,325.0602810653987,178.90823254346674,5.8604050181568,41.86044993451746
40.199,246.89519411289194,70.90344497508072,397.8660944871782,209.07760371706024,0.1236416813489436,0.00241812218055832,563.2247424083992,301.37642287372324,19.26654197042759,815.4879657863373,182.1102608927342,91.52916003791421,2.4193189263833643,82.53862374233368,163.60828185287204,81.86980650368197,2.046489439271947,118.38765646266671,325.54704382834115,179.21246702141778,5.855356110979657,42.054261284316105
40.3,247.71029682242587,70.53283228432814,398.86573317329487,209.60291126141266,0.44723861364412226,0.001836440986352508,564.9322589129139,302.3080633024273,19.29529644379535,819.585114456197,181.90008386489833,91.40876023071257,2.4448064267372973,82.94128410648712,163.4288961918644,81.7672389195654,2.079771591611291,118.9751218175554,326.0436401824541,179.52284765043854,5.8502052056777245,42.25198801491875
40.400000000000006,248.49711242906872,70.16611141672519,399.8554744466778,210.12301774096957,0.46995962729727764,0.002227090865219444,566.6277484055103,303.23402171593386,19.34190666926698,823.6577205781831,181.6904223300847,91.2886651689909,2.451738286683124,83.34121421100407,163.2469686901564,81.66323142063192,2.112725347730984,119.55901756319473,332.74037677101666,183.44076856432045,6.251771801841911,41.70993394277784
40.498999999999995,249.26941139278273,69.82485418666539,400.83531830732676,210.6379231557308,0.1525404078432866,0.002147168947353592,568.310246483107,304.15359981949314,19.378109030669098,827.7051916712242,181.4809229663149,91.16865714990534,2.468582496730009,83.73784671249156,163.06300013258652,81.55804741622592,2.1453282319335023,120.13913086020698,333.25300669337855,183.77013223853513,6.255665323596913,41.89437649343351
40.599000000000004,250.0359444002654,69.46903042119504,401.8250595807097,211.1580296352877,0.5827093229151633,0.001473608095707311,570.0097394907807,305.08246659076536,19.41467707248943,831.7935463106604,181.2693074473555,91.04743692860679,2.485596850312725,84.13848560288305,162.87717330675832,81.45180094712892,2.178260438198678,120.72510388749218,333.7708146957644,184.10282281855004,6.259598173854492,42.080682100156444
40.699,250.78891045196036,69.1354456413135,402.81480085409254,211.67813611484453,0.277534019370685,0.0023253900380872205,571.7141880570808,306.0149353213997,19.442203194283227,835.8979037158172,181.05611381646216,90.92532846548016,2.511722468530826,84.54055633656586,162.68698663419687,81.34308129914706,2.211196982738287,121.31338798102625,334.2928825438683,184.43479406717813,6.254523944857858,42.271420257571435
40.8,251.53550003428342,68.80964450615102,403.8144395402092,212.20344365919695,0.3868506068110201,0.0025204037035422727,573.4384103140352,306.95871365589477,19.48095493661077,840.0540051999079,180.83811878652602,90.80050636585483,2.5271162741996482,84.94861338063947,162.49138650847755,81.2313092314227,2.244496668119913,121.90908614720783,334.8230369734192,184.76911914837856,6.260540578819394,42.46628563907904
40.900000000000006,252.25448086149052,68.47628211614116,404.80418081359215,212.72355013875384,0.4777304512045,0.003026949200989757,575.1490721358551,307.89570254512086,19.528336752449647,844.1797677200627,180.619999113077,90.67565246341277,2.5333456399730947,85.355163067745,162.29434791242642,81.11874057254956,2.277494624553759,122.4993515126349,335.3518210367959,185.09972787433892,6.275693091493272,42.66100557911358
41.001000000000005,252.97359735813217,68.16160047456316,405.8038194997088,213.24885768310625,0.31938802869629623,0.0015734784815758843,576.8801079596716,308.8444400941486,19.56033069532257,848.3576348038259,180.39963369806003,90.5494947699686,2.5555628796557324,85.76548388232139,162.0926705480962,81.00352021561386,2.310808673859179,123.09792363318998,335.885490525431,185.4337956285072,6.2749530027373925,42.85866929221149
41.099999999999994,253.66517293435248,67.84258222930208,406.78366336035776,213.7637630978675,0.3286971881606797,0.002479923123096411,578.5794585331486,309.77627925856234,19.59260533580204,852.4631955830575,180.18134388980187,90.4245456700861,2.576442947034435,86.16916802590714,161.89188794240695,80.88882896998565,2.3434775718545766,123.68573614200758,336.40966016804225,185.76079424509373,6.27518600420547,43.05352901651985
41.199,254.34345289389512,67.5453581898864,407.7635072210068,214.2786685126288,0.32022201263090566,0.002077009791072935,580.2826020091178,310.71088275194035,19.622624077033286,856.5842726549621,179.96059259370662,90.29819139000249,2.599576210964265,86.57396924016732,161.68690078312105,80.77174338197577,2.376144901380222,124.27590011399526,336.93397378216446,186.08718138979967,6.2731408811514,43.2496952279577
41.29900000000001,255.00823373222417,67.24513188838807,408.75324849438977,214.7987749921857,0.2913698662956586,0.002095710444865416,582.0029489545414,311.6549266846455,19.652946037872926,860.7469767679971,179.73761148653972,90.17056080405942,2.622943144226721,86.98285935558167,161.4798430464686,80.6534751112587,2.409142203931381,124.87202533822527,337.463583493399,186.41686537435115,6.271075100288702,43.447842916278766
41.400000000000006,255.6728110663186,66.94190332322687,409.7528871805065,215.32408253653813,0.397489886600067,0.0022501104320270518,583.7445612117983,312.6113733148963,19.692763658448172,864.9672925365822,179.5096633014427,90.0401012361935,2.6372754478269913,87.3974259370514,161.26627174115367,80.53149959342394,2.4424748443049284,125.47626185304327,341.57627495162467,188.84105797261967,6.498062792860902,42.49472403660828
41.5,256.33046925282105,66.6418994116002,410.74262845388927,215.84418901609496,0.4829248938912879,0.0026603348711315995,585.472501777292,313.5609568001439,19.74066098581256,869.1566649542988,179.28235573789289,89.91003354454926,2.642963881278639,87.80975243063256,161.05171306962217,80.40897210530358,2.47548978354868,126.07509121366306,342.1237857643569,189.18475698026364,6.5142923753081865,42.68485459943255
41.599999999999994,256.95454922351576,66.36402328944138,411.7323697272721,216.36429549565176,0.3675272037660057,0.0029356305453114477,587.2038767064053,314.5130476476589,19.777112980344288,873.356795807482,179.05313805683375,89.778892343818,2.660242887859493,88.22418169389624,160.8345333786859,80.28492601338577,2.508491849204356,126.67337251787123,342.6746272555355,189.52803035644573,6.519063428528614,42.87676177355087
41.7,257.57842568996074,66.09715546632623,412.72211100065505,216.88440197520868,0.3356146216659327,0.0025880123137072375,588.9380905142763,315.46721237508285,19.81039958085678,877.5675274117289,178.8220447801005,89.64668333982954,2.6807262498328424,88.63993881944707,160.61469180216403,80.1593449670286,2.541483015730039,127.27220923324651,343.2266992130914,189.8709296609026,6.520670854111283,43.06997415124795
41.79900000000001,258.1761179314292,65.83295632009118,413.7019548613041,217.39930738996998,0.3925010295330318,0.002068987469252151,590.6593575546818,316.4150487978155,19.846928820639643,881.7519471981498,178.59094480076394,89.51447210251068,2.6974038213761373,89.05321208022849,160.39315815343545,80.0327745970137,2.5741247335313733,127.86616230289997,343.77457562221764,190.21022982231787,6.525884782413264,43.26279412710265
41.900000000000006,258.78561342463587,65.58588119239607,414.7015935474208,217.9246149343224,0.35196479587625906,0.003326745939315737,592.4153976666107,317.3820334311083,19.884196024862565,886.0209007176294,178.35517613497612,89.37958993110459,2.7144183135566697,89.47483429577316,160.1671490774598,79.90364724982678,2.607425879975157,128.4721144244656,344.3335202416292,190.55638453244862,6.531204042600134,43.459509456004916
41.998999999999995,259.3564430934581,65.34369864266823,415.6814374080697,218.43952034908364,0.4378838035438418,0.0024966044153030137,594.1430640394751,318.33455279817764,19.927425740902155,890.2265362436247,178.12105975117828,89.24564223404033,2.7243734852795876,89.89105024801952,159.94172920990624,79.77473779649281,2.639972565935726,129.0642753528214,344.88437775165784,190.8957835570376,6.543223481697586,43.654150894941026
42.099999999999994,259.92503421460003,65.0857264128405,416.68107609418644,218.96482789343605,0.44261664279056645,0.0032716910058648717,595.9056327633066,319.3063149807434,19.971528784538506,894.5171341034787,177.8822137434653,89.10898852289395,2.7345297715827677,90.31567460334162,159.71175540563442,79.64322411177837,2.673176760703583,129.66839912821473,345.4463636962326,191.24203912757787,6.555485737746504,43.8527244841587
42.2,260.4812115711341,64.86344775465366,417.6708173675694,219.48493437299294,0.32593241949975743,0.002825971756653849,597.6556264053083,320.27202737263065,20.003854565107066,898.7813379187671,177.64376499820372,88.97253749683524,2.7560293897528707,90.73806205234172,159.48163731961338,79.51150839771263,2.7059529964752693,130.2647794540993,346.0046228092977,191.58513929650417,6.556214297889408,44.050510340153394
42.3,261.0304697801365,64.65206619859944,418.66055864095216,220.00504085254977,0.2633495784369717,0.0013621191476190261,599.4079963547423,321.2394817446303,20.029973223226328,903.0560310801943,177.40376355357012,88.83523456981072,2.7837548638554312,91.1603795392735,159.24508172748347,79.37633957939357,2.738920401249927,130.8704544844728,346.5611982833424,191.92831306089488,6.550627660890545,44.248734978332074
42.400000000000006,261.5595132249295,64.42989873495341,419.6502999143351,220.52514733210668,0.598302673733657,0.0008503223220005058,601.1638404285143,322.2094839735982,20.089313237849108,907.34151736897,177.16524693363414,88.69874691417995,2.7778518276775155,91.58087903847756,159.00455145653314,79.23897767042845,2.7719457176241575,131.4828669722513,364.0552282365841,202.20650501757072,7.600313502119319,42.33173944391028
42.498999999999995,262.0766177484593,64.23174937586968,420.63014377498405,221.0400527468679,0.5603134299380216,0.0019664222329661184,602.9090114252311,323.17483731411386,20.1454921227644,911.6006100438123,176.92897683578076,88.56356810149508,2.774632648002126,91.99950213572303,158.7622876751857,79.10062344679193,2.804635329494593,132.089697123696,364.67721391271886,202.61572954682418,7.627630782789297,42.49159708409398
42.599000000000004,262.6057290279469,64.02047901593646,421.619885048367,221.56015922642482,0.5838248539548156,0.00344384357881976,604.6718104118141,324.1499416984733,20.202238471163692,915.902723856785,176.69032017128234,88.4270238462578,2.771380951360318,92.42235374910238,158.5175767849357,78.9608717057449,2.8376551394647365,132.70265687263017,365.30548227245106,203.0290876571813,7.655223995587261,42.65306944791594
42.7,263.1059426914932,63.84067681929192,422.6195237344837,222.08546677077723,0.5102856977619665,0.004346432235503615,606.4590179125379,325.139774660891,20.253357143625706,920.2646448025318,176.4470712529967,88.2878441691942,2.7744737767139807,92.85436190708873,158.27180791441734,78.82017181387599,2.8707031813028947,133.3093598567308,365.9627604250675,203.4363981370385,7.677360308861787,42.83133392498625
42.79900000000001,263.60290028553834,63.653535757671705,423.5993675951328,222.60037218553853,0.4285450927056417,0.0031433974716667847,608.2164465205802,326.1141316734643,20.298784569370476,924.556417981561,176.20781683972987,88.15091228098967,2.7822156885685883,93.27949535656782,158.02911465097034,78.68108956069254,2.902968275036886,133.90223159579853,366.61132617820704,203.83510883626948,7.694378888608753,43.01176529018317
42.900000000000006,264.08256001090484,63.47406714622976,424.59900628124944,223.12567972989095,0.4960602849446555,0.002803919622870646,610.0093787368659,327.1081726660896,20.34512972088786,928.9348936490552,175.96372900397282,88.01121409201333,2.790114002682884,93.71321736058182,157.78151849331232,78.53919756502054,2.9358851888463104,134.5070805417161,367.27299426979386,204.24187429710105,7.711741278047577,43.19584173346487
43.0,264.56391560571655,63.318394248688335,425.5887475546323,223.64578620944778,0.40402014381981277,0.0031755603437468192,611.7900487693674,328.09641048449475,20.38520185199273,933.286318195691,175.7212042257289,87.87236622477836,2.8037818448460006,94.1442190623026,157.53477261583058,78.39764214838632,2.9683372281920253,135.10419750258217,367.93135759315055,204.64478263137724,7.723088883003162,43.381855700448384
43.099000000000004,265.01386369755556,63.16427808103884,426.56859141528133,224.16069162420908,0.5390329461964868,0.0026999338309387573,613.5587812284821,329.07908854496634,20.437723918099298,937.6104489589023,175.48074828600616,87.7346678151455,2.804342870501488,94.57239132910583,157.28804341424782,78.25600417068661,3.00037468491048,135.69552080886203,368.58599080253987,205.0449159590911,7.747283582203032,43.56841323913512
43.199,265.46835671979636,63.00860518349742,427.55833268866417,224.6807981037659,0.5307937948247073,0.0035461496252616326,615.3453796720321,330.0716926464527,20.490776510126132,941.9782578106306,175.23786349840745,87.59557851248606,2.804909563082788,95.00488856830097,157.03882199850767,78.11293550634346,3.0327357523028557,136.2928170778315,369.2472364685897,205.44909103758994,7.771722672303908,43.756855197404526
43.3,265.9135563771345,62.873836931524586,428.55797137478083,225.20610564811832,0.4304264753394009,0.00408638819558444,617.1559216095499,331.0787024995003,20.533894227318402,946.4063769888969,174.99445914122373,87.45598462285591,2.815902461902241,95.44205713629185,156.79501511476235,77.97227391981257,3.064784126986923,136.88131041745928,369.9193390379961,205.8568096801913,7.785860333448637,43.949232703807375
43.399,266.3366418964628,62.7417373588021,429.5378152354299,225.72101106287963,0.477936878381274,0.0030525148560429,618.9360752578933,332.06980446088653,20.57946047806835,950.7629862273781,174.75494356704613,87.31859335896335,2.8233413524976725,95.8721265306825,156.55220310526826,77.83219943514885,3.0961842593202795,137.46198307372993,374.0228234195433,208.28898462635496,8.006963335127885,43.820775544972676
43.498999999999995,266.75721752888035,62.61942293964389,430.5275565088127,226.24111754243646,0.4503282353392559,0.0032696713768407114,620.73421025622,333.0709175531957,20.625486993977383,955.1636016197829,174.51300864363444,87.17981430452645,2.8308553834021484,96.30654006036998,156.30693844921367,77.69071005670068,3.127901564707505,138.04852111036686,378.16775713827735,210.745726996217,8.230299700460437,43.69102083907905
43.599000000000004,267.1777931612978,62.48598902769127,431.51729778219567,226.76122402199337,0.4718503988396101,0.002552975342971913,622.5379015789581,334.07613525308034,20.672285647935176,959.5805261166703,174.26901695039933,87.03991274788211,2.8376468189877913,96.74318743148575,156.05268198083724,77.54434939502745,3.1598723302958156,138.64570655006145,378.87409524192685,211.17300386745467,8.249599415006307,43.874861456644446
43.7,267.5753049687451,62.38480164555349,432.51693646831234,227.2865315663458,0.5886124060829502,0.003252507281431652,624.3639598804417,335.0946066024153,20.73124889663431,964.052858491822,174.0229391268959,86.89877281693147,2.8326904767756855,97.18505714290238,155.79497228012363,77.39590244658275,3.1920638249263393,139.2482899479883,379.5896846813447,211.6059695176656,8.280886844656774,44.06290772382134
43.8,267.9820423061895,62.273606717609496,433.50667774169517,227.80663804590262,0.35565526787742574,0.00306703871316705,626.1757576635073,336.1058194985978,20.76652330169145,968.491909370774,173.77874376524792,86.75869822918709,2.851077604278787,97.62362883437015,155.53731357859502,77.24748342817605,3.2239220348823467,139.84649935356336,380.2994871973493,212.03615344595565,8.28856589027387,44.250763682542896
43.900000000000006,268.3619170710178,62.16263418032728,434.4964190150781,228.3267445254595,0.48882472551432743,0.002808104095836136,627.990949093443,337.11954472877636,20.81500539317281,972.9417930882913,173.53299776783714,86.61776082581082,2.856175979291921,98.06356693585535,155.27458138532984,77.09628643795016,3.255899534155774,140.44973130957786,381.0097328400034,212.46792876337855,8.309551527150575,44.439961097324236
44.0,268.7417918357708,62.07356704501146,435.48616028846095,228.84685100501633,0.5233795143837823,0.002854768151391957,629.8102073627807,338.1362823919379,20.866914851522896,977.4027076175972,173.28662962707912,86.47647963469434,2.8578363538176244,98.50474625172255,155.00765321327788,76.94276395282458,3.287950308492226,141.05656558154024,381.7213838751981,212.90140627913803,8.33398402318983,44.6303129458544
44.099000000000004,269.11786785289297,61.9744923654696,436.46600414911,229.36175641977763,0.4439540061180248,0.0024243692852183776,631.6170551427548,339.1471388915029,20.914195251379073,981.8353792539122,173.04066966094663,86.335526904827,2.8636934321654777,98.94352585726185,154.73187568586263,76.78456029542869,3.320059384008018,141.66946145395852,382.42663154309105,213.3332536403815,8.353980904330779,44.82000559627424
44.20099999999999,269.505204443443,61.88397969480266,437.47554024796045,229.89226502892558,0.5179794149714728,0.0019796650886350258,633.478655885758,340.1886274062061,20.962908390624822,986.402374273145,172.78725636250712,86.19030288011521,2.869727997735992,99.3956018144841,154.44774126367724,76.6215625878087,3.353141461812162,142.30092992857118,383.15325035243524,213.778187285299,8.374583751566908,45.01544650882799
44.3,269.87449698261855,61.806921611768,438.4553841086095,230.40717044368688,0.2826910867273543,0.002268815470288215,635.2906120315952,341.20327308641447,20.99066612481143,990.8511783123147,172.53927327603466,86.0482491298089,2.8952991335462435,99.83579268570828,154.16271812866879,76.45831681750307,3.385510168439251,142.92238678591278,383.85874340082916,214.21165989056095,8.374842715230605,45.20618951533146
44.399,270.2371417134629,61.72986352636307,439.43522796925856,230.92207585844818,0.56193325423446,0.0020140324946996066,637.1081020554047,342.22202702684086,21.044737201351392,995.3162024299276,172.2904026566558,85.90569525447818,2.8943365661090414,100.27727749167259,153.8723148571904,76.29204542010056,3.4179390559954177,143.5468539871714,386.2336782366018,215.6328184613447,8.49872731857672,45.147244559311225
44.5,270.6071126004286,61.64024041597298,440.43486665537523,231.4473834028006,0.5396237632457298,0.003202709634205071,638.9623090493923,343.26136185495255,21.09990062287196,999.8714290549667,172.03650434799655,85.76026150287817,2.893354552865027,100.72768118260586,153.57604485295488,76.12241500456872,3.4510230725931215,144.18393668744534,388.6565915539051,217.08268730628564,8.625114641182344,45.08710879609867
44.599000000000004,270.96975733124276,61.57419062961174,441.41471051602434,231.9622888175619,0.5494464260820374,0.0033843244485700814,640.7881466402082,344.28631810771947,21.144400439104185,1004.3585444370967,171.78802526858706,85.6178324283547,2.902005658335916,101.17173296488274,153.28959057555983,75.95795278149393,3.4829637043693893,144.79630315723264,389.3869624288104,217.52966641957988,8.642824911757982,45.27652425501564
44.702,271.3332839142021,61.50580574999281,442.4341440276086,232.49799849150546,0.360672556256051,0.00369389022627256,642.6877554468145,345.3526867343354,21.190698227709422,1009.0269574104234,171.52950663041355,85.4696486437495,2.911006303421789,101.63372623331217,152.99156238796704,75.78684562011311,3.516194866722473,145.43341170660727,390.1468432380553,217.9947052950274,8.661250748821523,45.47359286378782
44.79900000000001,271.68202251521296,61.45187621045353,443.39419306279007,233.00250177667564,0.446597055569971,0.004211040220271052,644.4835174852628,346.36200441825275,21.238028825713666,1013.4445931158122,171.28655427449016,85.33021072481347,2.915605571805468,102.06991158638921,152.71826746714063,75.62932708605757,3.5468413663838545,146.02056172710508,390.8667093596719,218.43303626587317,8.682391483890775,45.661099471744166
44.900000000000006,272.0383586115758,61.38460328019304,444.3938317489068,233.52780932102806,0.5355505028232677,0.0024128834218422926,646.3533315665335,347.4129434499604,21.28731120095519,1018.0443993657526,171.03358326471425,85.18502278860176,2.9203945007410512,102.52408396433536,152.4337026526719,75.46531294235027,3.5787516392271455,146.6319241195821,391.61626068217987,218.8894427406713,8.70440400184948,45.85633831095642
45.0,272.3978151077341,61.32900581622105,445.38357302228957,234.0479158005849,0.47983434092566724,0.002300100457935411,648.2106387653058,348.4579518556376,21.334902044344396,1022.6151649592713,170.78056639902547,85.03993308335849,2.926456893629141,102.97636053409663,152.13678222371206,75.29477233815406,3.6109064427613884,147.25489651861804,392.3600975192565,219.34436424544197,8.724971527919722,46.050600139641816
45.099000000000004,272.74702855219505,61.27396432732331,446.3634168829387,234.5628212153462,0.8463076922610497,0.002519045013298187,650.0571981147758,349.4983451086812,21.39851085915812,1027.1572352340422,170.53131376045943,84.89701166041608,2.9158444251172653,103.42577632277388,151.83716392029413,75.1227669502609,3.642816335812182,147.87564905946513,393.10101395511924,219.79788767267408,8.761953280496899,46.24393105753506
45.2,273.1103516308295,61.22893038265162,447.36305556905535,235.0881287596986,0.45321841328579027,0.0031602220491841722,651.9410616935279,350.5597564072408,21.46340470053373,1031.791064504263,170.27702571505367,84.7512029360001,2.9050175633021196,103.88427121829308,151.5314927218577,74.94728670604667,3.6753708731670303,148.50894205568287,393.85689839978727,220.2605731893452,8.799682139186743,46.441167650537245
45.29900000000001,273.48642764795164,61.1738888937539,448.3428994297044,235.6030341744599,0.3166791478484883,0.002912594886899782,653.7942173779293,351.60507205725855,21.487967468406886,1036.3546419149986,170.02574319367162,84.6070954683036,2.933767643856822,104.33579281530226,151.22747180862262,74.77271969598411,3.707224382080504,149.1310009694331,394.6002635285473,220.71558039252218,8.79729884643415,46.635801578191355
45.399,273.89343632455126,61.11829142978189,449.33264070308724,236.12314065401674,0.184287788429674,0.002703313243378164,655.6660918066173,352.66094645121575,21.51277834504644,1040.9643160672565,169.7719224650029,84.46153236962029,2.9628081292656097,104.79187523652361,150.92037997707206,74.59638938278962,3.7393996436092625,149.7593433065545,395.35113739598165,221.17518362805447,8.794891480017393,46.832401505114674
45.498999999999995,274.3140119569687,61.07381345939439,450.32238197647,236.64324713357357,0.5611425634285955,0.0027595041987535885,657.5419439014335,353.7197929407424,21.568433546255097,1045.5899765553313,169.5151457647563,84.31428298605002,2.960762558612805,105.24961438750475,150.6074450484163,74.41679012691945,3.7716583941980755,150.39197722885905,396.10252218838224,221.6353224754649,8.823576873484518,47.02989910079939
45.599000000000004,274.7549380232109,61.029335489006876,451.312123249853,237.16335361313045,0.5728119889390378,0.003043808295942224,659.4223368537118,354.7820345644631,21.62524652681724,1050.2269061286033,169.25882461291212,84.16727123229671,2.957538568617136,105.70838796477291,150.29351085117216,74.236546225446,3.80382710956432,151.02368093121567,400.23360185449735,224.09872376378524,9.046559302513405,46.749504568688735
45.699,275.21621452335313,60.995977011413764,452.3018645232358,237.68346009268728,0.371095118869853,0.004085520631793127,661.3065088513811,355.8471033477482,21.662052458765146,1054.8748801015531,169.00414095576636,84.02104949214574,2.9743728394246487,106.16726934837213,149.98959795761954,74.06150145573814,3.83535632529162,151.64144049894193,401.00771361731273,224.56973613376047,9.056778192220177,46.94461357627018
45.8,275.6960099182144,60.95116545582368,453.30150320935246,238.2087676370397,0.49974280744929245,0.00288016834869807,663.2130630150206,356.9254738360857,21.712112636059175,1059.5804606209674,168.74552138356478,83.8725857510103,2.9784063845055098,106.63208756470817,149.6769808430951,73.88159731449976,3.8673444125942065,152.27153953372192,401.7906166981795,225.04688472492265,9.080091177126732,47.14249794072279
45.899,276.18625186917336,60.91814056185297,454.2813470700016,238.72367305180103,0.3319649013301896,0.0036470189401218035,665.0869435284544,357.98629756756276,21.75620614007136,1064.2091198882597,168.49248297149103,83.72719994419123,2.9872799740485045,107.08827531965918,149.37529341017822,73.70762186884058,3.898260982024206,152.88277113337972,402.56031537681775,225.51537509689155,9.097923716996684,47.33764319068984
45.998999999999995,276.6950127148212,60.89590157705425,455.27108834338435,239.24377953135783,0.5650171049179062,0.003352686668706624,666.9797521278823,359.0578366902668,21.80074503301296,1068.8845332895646,168.236888615861,83.58034559386893,2.9962431958091043,107.54907103173086,149.07055862945413,73.53188909544748,3.9294898400343032,153.50017678959964,403.3377887895836,225.98859769483988,9.115936383531986,47.53475960479795
46.099999999999994,277.2160516555669,60.884670889719054,456.2707270295011,239.76908707571027,0.5083275399743487,0.0033132807988461794,668.8976412704154,360.1447066264678,21.851663995238585,1073.623599098889,167.97910112119877,83.4321706427723,2.9992731241489574,108.01567027579686,148.76105394531982,73.35333944994909,3.960912335707013,154.12560133902542,404.1259636305742,226.4686035093479,9.140109854525704,47.734911684476636
46.2,277.7655812037396,60.87355139692466,457.260468302884,240.28919355526716,0.5692867825486556,0.0031382909524826806,670.8008703937571,361.2240659764099,21.908124726244473,1078.3270395741254,167.72376774875434,83.28539877853991,2.996182360853586,108.47881863871535,148.4510827254835,73.17459257618535,3.9920636787994344,154.7484896511972,404.9085370220412,226.94554827927692,9.170142468332584,47.933718839015675
46.29900000000001,278.3162639431073,60.86254309867106,458.2403121635331,240.80409897002846,0.35036107293929497,0.003561599400910866,672.6904954461872,362.2967110140157,21.952858145335142,1082.9998001816462,167.46952138575625,83.13925803295557,3.004399826622278,108.93915613344905,148.13731199682545,72.99382033427335,4.023045728032362,155.37204650463238,405.6854071269032,227.41955917560975,9.18861902394166,48.1314225415581
46.399,278.8928595682512,60.86254309867106,459.2300534369159,241.3242054495853,0.5597922564238433,0.00210444869950505,674.5992076203589,363.3801908499811,21.998043417143894,1087.7197603912628,167.21270687767742,82.99164111822392,3.0127002970957037,109.40414350186688,147.82037186686782,72.81122211011983,4.054340727257539,156.0019019121426,406.4701244045416,227.89835806079435,9.207282211425575,48.3311232511969
46.5,279.48905944462956,60.87388498133715,460.2296921230326,241.8495129939377,0.4578957708311394,0.0031971532820843874,676.5329529444697,364.47897782616883,22.043910288864925,1092.5037962645556,166.95124522638028,82.84141404495416,3.020925288372563,109.8762614529329,147.48986450291926,72.62110922034704,4.086257214153549,156.64722796012538,407.2653226290713,228.38423755673242,9.226369741579036,48.533710852913636
46.599999999999994,280.0928568162695,60.89623516146675,461.2194333964154,242.36961947349454,0.5624541315996504,0.003314761537154956,678.4516465570025,365.56996774153845,22.09969281734083,1097.2517172126659,166.69280708376525,82.69287542070151,3.018578580665457,110.34443306470158,147.16346065809626,72.43323410346947,4.117681437674436,157.28391697111155,411.18247776817503,230.7235517975559,9.431708449007314,48.24694039631023
46.699,280.69726470102,60.929260054647365,462.19927725706447,242.88452488825584,0.4625560760824454,0.0036637236884995736,680.3571965070131,366.65460084980964,22.149589984400244,1101.9687480037717,166.43953380860842,82.5471351015209,3.0214806004077763,110.80780005485937,146.8485834021278,72.25153080983053,4.148189663153918,157.90491096440198,411.9839898109345,231.2095313981404,9.455862317122328,48.44357257568688
46.79900000000001,281.314561193738,60.96261853303057,463.1890185304474,243.40463136781275,0.5533868140029262,0.003836219355407605,682.2819944363167,367.7501898480634,22.199991163248136,1106.7334255705453,166.1837022175409,82.3999226579041,3.0244119334808266,111.27584751966525,146.53052556781617,72.06799212938715,4.179006052527133,158.5321776242913,412.793597934934,231.70041988357931,9.480260163703154,48.64219093869361
46.900000000000006,281.94488196424953,61.007763673033146,464.1886572165641,243.92993891216517,0.4307524230904953,0.002438102004403848,684.2320541998505,368.86127021874614,22.2431379811693,1111.562691069007,165.9226690415772,82.24980498176623,3.0353001061982683,111.75148571971076,146.19512648008933,71.8749167403054,4.210623222826459,159.17984608207718,413.6136251343035,232.1994893466621,9.497091022350917,48.843865963982
47.0,282.5690976044993,61.07448062900945,465.1783984899469,244.450045391722,0.6048425266390952,0.0018000376191875278,686.1669563546736,369.9644823876452,22.303123588945276,1116.355441805191,165.66060090236212,82.0992625530287,3.0288422495262735,112.22511992248506,145.8444262343497,71.6736506825428,4.242701428197604,159.83824741668644,414.4260818048098,232.69620755466684,9.531137085339994,49.043958669488916
47.099000000000004,283.20036806177546,61.14053041537069,466.15824235059597,244.9649508064833,0.6341136152510706,0.0025513807989702387,688.0898984210911,371.06224305783445,22.36514684898201,1121.1173824089137,165.40128083240515,81.95034214673299,3.019838412902867,112.69572357301665,145.48786870548,71.4691844923799,4.274712910010576,160.49628001037397,415.2337608193691,233.19098799377562,9.567461599586629,49.242936676098424
47.2,283.8513784399918,61.21936761816896,467.15788103671264,245.49025835083572,0.6293121296163147,0.0022646567119280286,690.0516878019815,372.18218071125983,22.428423104171,1125.9755238329133,165.1367219731561,81.79841324738082,3.0106526805900993,113.17583436800341,145.12410799420888,71.2605876721127,4.307371088425829,161.16760619181272,416.05775658169716,233.69576399731082,9.604519942403902,49.44593444041721
47.3,284.50937580037424,61.31944305252847,468.14762231009547,246.01036483039255,0.6098201860356623,0.003675595983722315,692.0015159973849,373.2966697832793,22.48890519856842,1130.8028753145718,164.87663293520245,81.64899767797563,3.003706525140327,113.65275291266373,144.76654092302306,71.0553422597713,4.339376408615054,161.82547748781192,416.87893414862094,234.19826596167277,9.63904965669478,49.64810814055826
47.399,285.1607931872857,61.41851773207033,469.1274661707445,246.52527024515385,0.7469768209686429,0.002826323184256665,693.9400104722295,374.40619098353994,22.559498167973956,1135.5993206696305,164.62119605188641,81.50223731112656,2.9860212809056086,114.12645980536301,144.40962922955788,70.85045129704653,4.371004083454695,162.47700609565322,417.6972494846676,234.6990686923593,9.684036105877539,49.84921736278853
47.498999999999995,285.8323575035613,61.54083215201863,470.11720744412736,247.04537672471068,0.6911946648768186,0.0032054867145514046,695.898085699345,375.52691946865156,22.63080419767651,1140.4442149676693,164.36317899803188,81.35399451632954,2.9681573978402382,114.60495161617031,144.04911236747188,70.6434907286377,4.402951229757359,163.1351158005434,418.52383063218946,235.20493003648707,9.729476963637897,50.052357991303936
47.599000000000004,286.51070529778355,61.663146570386765,471.1069487175103,247.56548320426757,0.6340536853302441,0.002392886217572089,697.8642808968356,376.6537961859194,22.69369160434329,1145.3066341957683,164.10635030829448,81.20645665800944,2.958814525763398,115.08520139227062,143.68012594820559,70.43180935765906,4.435106663823748,163.79969253373056,419.3552412729359,235.7141371576695,9.766413788426448,50.256353070126906
47.7,287.19597223961284,61.798137211441215,472.106587403627,248.09079074861998,0.6581373361407321,0.0029097483681444027,699.8553654821724,377.79590295535843,22.75962120413627,1150.229498836833,163.84795522914513,81.05800809820417,2.946942340912699,115.57134210192207,143.3054189774815,70.2168290501821,4.467545055517328,164.47092086751846,419.78566464022293,235.985036193713,9.783336210558742,49.890590563036035
47.8,287.8878869897132,61.95392130352342,473.0963286770098,248.6108972281768,0.7086549625024083,0.0025110670408848507,701.8322081603726,378.9308506244747,22.82990972138854,1155.115436001769,163.59296241680636,80.91152991241265,2.9301557914620364,116.05375318927966,142.92852932586396,70.00068615926818,4.499810657677213,165.1398143634379,420.621617331022,236.4972294489494,9.827661667118543,50.092713598869096
47.899,288.57288259241733,62.119045770216616,474.07617253765886,249.1258026429381,0.6880450046876474,0.002978371525720918,703.7972115817719,380.06046512397404,22.89027990898782,1159.9699422825834,163.3426335183572,80.76769821482264,2.9228074496785856,116.53292316684173,142.5554753076431,69.78664684229926,4.53155139615018,165.79863988965258,421.4546515153215,237.00748145795734,9.862263410864852,50.29375001280133
48.0,289.2785678027509,62.28772847327666,475.07581122377553,249.65111018729056,0.5429959482664934,0.003217024145099097,705.8019120419873,381.2129001184127,22.95186969633658,1164.9225193973534,163.08724747044442,80.62096082637224,2.9153106565459743,117.02177334597067,142.17488484460972,69.56828349872491,4.563933361663002,166.47077502245742,422.3045146730411,237.52804158835934,9.897564179737348,50.49884776842916
48.099000000000004,289.97027904851126,62.47486953489686,476.05565508442464,250.16601560205186,0.7273764688334855,0.0023315634589122433,707.7768889808284,382.350090165769,23.01535772195891,1169.800103990117,162.8379057413933,80.47771661364247,2.9048494138330385,117.50298206806413,141.79038335617614,69.34783117348438,4.595957001145795,167.13854399134203,423.14307478412877,238.04196446874587,9.935281873687453,50.70090814165813
48.2,290.68966688439843,62.6657912243358,477.0552937705413,250.69132314640427,0.5672956228722802,0.002269189290779447,709.7917644436864,383.5102537494355,23.080128333957447,1174.77622564536,162.58352680569473,80.33157857843331,2.8941768328834785,117.99391217848267,141.39811416090552,69.12292526591577,4.62862758284036,167.81980324242633,423.9985755035212,238.56626962954422,9.97376154125271,50.9070505426291
48.3,291.4019999031236,62.85504498934202,478.04503504392414,251.2114296259611,0.6385312120971407,0.0025615893840032476,711.7940606122936,384.66453336486376,23.143465129207765,1179.7205286085969,162.3324704443692,80.18735630523919,2.8844199938297446,118.48135338576142,141.00228994021805,68.89604282301026,4.661128349271351,168.49893867941654,424.84954508239656,239.08798860549186,10.011036446708287,51.11193814836608
48.400000000000006,292.1211842346557,63.066315350065345,479.0347763173071,251.731536105518,0.5735453520689253,0.0022701668573546605,713.8011801735897,385.8224821930791,23.200356493782937,1184.6764494071833,162.08203816809507,80.04349146597878,2.881159360464805,118.9694060803906,140.6007557470265,68.66591699698915,4.693766572702621,169.1822266746419,425.70275179283215,239.61126463699264,10.04178343066336,51.31731452639408
48.5,292.8539355219906,63.27769690611955,480.02451759068987,252.25164258507482,0.6710999503052713,0.00289819365192296,715.8132517831446,386.9842000749994,23.266925365197707,1189.644043289185,161.8322922534613,79.90001730807293,2.8681440020530173,119.45889011792764,140.19860544532062,68.435413019213,4.726299597158167,169.86288051841208,426.5594881759311,240.13657286839745,10.082308107620172,51.523359375063336
48.599000000000004,293.59265626988173,63.497862860920385,481.004361451339,252.76654799983612,0.5820525936175717,0.001909329675165058,717.8127067039899,388.1400160665553,23.33156859511373,1194.5793211033595,161.58798394312606,79.75960661637684,2.8564506115393242,119.94198297738873,139.78925582720981,68.20070315976075,4.7588412469229375,170.5488440371705,427.4091576413001,240.6582284136232,10.121007094191706,51.72778433541184
48.699,294.3388388436301,63.72025271364802,481.99410272472176,253.28665447939295,0.7336944626864058,0.0010138145001793108,719.8323581391869,389.3075069671167,23.396864786948086,1199.5644502085856,161.3412078720804,79.61777763486565,2.844639105969938,120.42995556270292,139.37577136447166,67.96362249364739,4.791711600220681,171.24173648036077,428.2674096265212,241.18515320678048,10.160096979617492,51.9342741943497
48.8,295.1063215380431,63.94486646588265,482.9937414108385,253.81196202374537,0.6564809512056874,0.0017265041955785436,721.880434014523,390.49294250856695,23.46263897954261,1204.6174140147045,161.09694420091893,79.4772786653653,2.832741630691713,120.92034446598055,138.95126473496128,67.71997609209365,4.825033320015649,171.94883756391098,427.91490779198875,240.99167231470034,10.132837924268859,51.515656837776525
48.900000000000006,295.87977369311784,64.16736751315108,483.9834826842214,254.33206850330228,0.5149904529532521,0.000830268306161733,723.9129162513117,391.670211944988,23.513727241447878,1209.6320280455213,160.8612258413835,79.34147072414483,2.834840059035569,121.40027292736869,138.5322345733331,67.47892370043851,4.857832325799637,172.65182959093255,428.7695418272193,241.51424308398393,10.157071288323845,51.7195670865825
49.0,296.66672496918017,64.4009880547941,484.9732239576042,254.85217498285908,0.6150497894528709,0.0015486312761243144,725.9498915791597,392.85090729827994,23.574743186289258,1214.658216399865,160.62801331576233,79.20702303870937,2.8268255740961488,121.87907036022861,138.11085198434444,67.2363596381892,4.890608964420852,173.35629857482732,429.62488333241856,242.037676947259,10.191226335779143,51.92388376692317
49.099000000000004,297.4524552192323,64.64317060531204,485.9530678182533,255.3670803976204,0.535472064345823,0.0017243979572425217,727.9728371563698,394.0246315876727,23.620029206169974,1219.651235071687,160.40016736511868,79.07556188351205,2.833990794530605,122.3518898570115,137.6894919458431,66.993629223731,4.9230573484059565,174.05592184761718,430.4728782735414,242.55724863047354,10.209700479510282,52.12684042242189
49.2,298.26097795529523,64.89035692754794,486.95270650437,255.89238794197283,0.3881815393462655,0.0012211214520392558,730.0366503209981,395.2220674788712,23.66623009513919,1224.745122807586,160.16771846597717,78.94144494740166,2.841300766893029,122.83426126282029,137.2596195833316,66.7459951645363,4.95616125529985,174.76967892389771,431.33800442559607,243.08731671132873,10.228547838266293,52.33389721237512
49.3,299.06821183041234,65.14610525865878,487.94244777775276,256.41249442152963,0.6797722103004066,0.0003300773556146729,732.086104509868,396.4122833275438,23.73367037794996,1229.8057456282145,159.9498973811014,78.81524832571216,2.8260739013912253,123.3003389203792,136.84574575716363,66.50635002829011,4.98819457207289,175.4756789274266,432.1886594379247,243.609375858236,10.268624786578323,52.53884278923604
49.399,299.86737336690805,65.39929610585014,488.9222916384019,256.92739983629093,0.4960065320394623,0.0006728832231446716,734.1217594849059,397.5957074516681,23.78528711720061,1234.8330250031856,159.74808305592012,78.69774740393707,2.825644920692784,123.75037489866754,136.4516647195959,66.2768415321077,5.018992098078152,176.17100418137255,433.0262103435044,244.12427003308377,10.292612008241864,52.74185550902446
49.5,300.70316568417684,65.65771311542125,489.92193032451854,257.45270738064335,0.5544227598324533,0.00017938804200896353,736.1985388028737,398.80303913385546,23.83794661886036,1239.961865577651,159.54219167366446,78.57787272616653,2.825207273717606,124.20950251288089,136.049622448946,66.04269650064889,5.0504117963259425,176.88037641014566,433.8806814693987,244.64956611045372,10.31708382024204,52.9489694958793
49.599000000000004,301.51575850684503,65.9219122608662,490.9017741851676,257.9676127954047,0.5730412030529417,0.0011625091008273525,738.243363199034,399.9934635332945,23.904372714018727,1245.0122864161008,159.34865676762183,78.46487737510405,2.8095162181732793,124.6557865215852,135.65530681138415,65.8125797624272,5.08097560403005,177.57838364743742,434.7203721245711,245.16652130770547,10.355858222716128,53.153090120932475
49.7,302.3518221633744,66.18021807589652,491.9014128712843,258.4929203397571,0.7773915371418045,0.0010962356214454213,740.3294971789549,401.20793691049994,23.97214075049342,1250.1647359583576,159.15121206549756,78.34959928967668,2.7935081716078556,125.11108636884917,135.25302520134633,65.57781420121115,5.112156862394847,178.29049204103808,435.5770262273227,245.6939200442956,10.395415946452317,53.361334394976616
49.79900000000001,303.19127755873404,66.43340892466806,492.8812567319334,259.0078257545184,0.7204542095152645,-0.00012396271709929577,742.3852504194741,402.40670749098217,24.03207916209992,1255.238930057154,158.97629289688976,78.24671224688791,2.783632049857691,125.54484458353106,134.87841769653576,65.35757954530216,5.141572731152962,178.98410189717072,436.0553110639728,245.99629279194065,10.407979324012548,53.30694292648286
49.899,304.02564534574293,66.68915725577888,493.8709980053162,259.52793223407525,0.5009497660862363,0.0009890734062470742,744.461768844241,403.6175868652066,24.09262301220749,1260.3643786417963,158.79960686799302,78.14278594104069,2.77365616930197,125.9829841943208,134.5000262775352,65.13512029690925,5.171285729898531,179.68471791346627,436.5384270605891,246.3017198097639,10.420669604376416,53.25200204921644
50.0,304.86842464529826,66.9475742645599,494.8706366914329,260.05323977842767,0.5269747049755065,0.0006107774253402889,746.565623069834,404.8455938091829,24.14543870333745,1265.558696307372,158.62524422889723,78.04006862799392,2.7718104437439495,126.4243546598563,134.11775666819617,64.9101602626767,5.201121904941866,180.3942456886412,437.3978224838116,246.82712097130897,10.444740444560203,53.459442782317396
50.099000000000004,305.70116439746624,67.21177341079496,495.85048055208193,260.56814519318897,0.4697699774223821,0.0009327887956490396,748.6335665527773,406.0536766883626,24.190617287457595,1270.6672455159464,158.45496857167925,77.93975967736858,2.776599864978144,126.85833540617523,133.73506146345528,64.6851642953228,5.230559802315221,181.0943842473991,438.2423173774156,247.34461231504804,10.461698560323898,53.663692591426916
50.2,306.55757848779024,67.45895973224079,496.85011923819866,261.0934527375414,0.45015882682789504,0.0008722712525739778,750.7432866717395,407.2861652822731,24.236708570246833,1275.8789977388353,158.28125300219423,77.83742428329629,2.781486042196867,127.30108344029854,133.34463504245704,64.45562295489107,5.260592404686016,181.8086670194652,439.10387277392067,247.8725580293677,10.47899926428484,53.872068659306315
50.3,307.4055132305868,67.71459686881082,497.83986051158143,261.6135592170982,0.43823573874552146,0.0007900184279670251,752.8374743941682,408.5105440309444,24.280198161058113,1281.0562120155685,158.11101539929857,77.7370622543753,2.788367983869662,127.73898271778825,132.95362465746652,64.22571804806451,5.290355277511387,182.5191315314381,439.95815684186493,248.3971099810595,10.493948097736562,54.079266509481165
50.399,308.2449686260519,67.95677941853866,498.8197043722305,262.1284646318595,0.5345776532323294,0.0001253802128282403,754.9164402585382,409.7270513144261,24.32804729509475,1286.1986723965802,157.95373204711228,77.64376232943445,2.789817646318344,128.16301009020424,132.58524269753897,64.00776787440127,5.3187955410869785,183.21796344468913,440.80089264600804,248.91560210483968,10.513311353319768,54.28485171889221
50.498999999999995,309.09968684679507,68.20140825764518,499.8094456456133,262.64857111141635,0.4399363669029184,0.0005731003414903451,757.0164057781036,410.955846550266,24.37637975371761,1291.3930768218438,157.79485997419687,77.54951998100937,2.7912819518220635,128.59132056739205,132.21313970771322,63.78761618383236,5.347523080052219,183.92385426615476,441.6521409330212,249.4393315227994,10.532870197343208,54.49251354658011
50.599999999999994,309.9765870403933,68.41490251708541,500.80908433173,263.17387865576876,0.3241287150407554,-5.608374961406457e-05,759.1423837455492,412.2007618203147,24.408869501569075,1296.6565492981597,157.64557052267884,77.4603291687154,2.8086436240566672,129.01372742443326,131.8631681489383,63.57885808831844,5.375191715331869,184.62873024153785,442.5081037289183,249.96690966014344,10.53590872239107,54.70274585914596
50.7,310.8380887391735,68.63718117448215,501.79882560511294,263.69398513532565,0.2929818578036266,0.0007948406637704139,761.2497765570221,413.4352350676119,24.437946909122175,1301.8789544225042,157.49447756133443,77.3702478088188,2.8290221011177556,129.4351736230168,131.51010296039576,63.368652406611446,5.402776010346643,185.32993948546212,443.3584956088722,250.49132189828998,10.53595459209331,54.911820472529534
50.79900000000001,311.6909754208412,68.84633883181948,502.77866946576205,264.20889055008695,0.4012481590217999,0.000652099604631578,763.3402429024077,414.66053490689524,24.473763889796082,1307.0656070699379,157.34169417846834,77.27935886451337,2.842172811689388,129.85568874870424,131.15554421001784,63.1578769518602,5.430150598998996,186.02686940427378,443.73595894113197,250.73358149449075,10.518573313217988,54.89130680406152
50.899,312.5660440755597,69.035370206954,503.7684107391448,264.7289970296438,0.3281750191806574,0.000802367770383785,765.4518250694637,415.8982115122318,24.509942658153562,1312.3046501481533,157.18736752910868,77.18755185006346,2.8554563577213385,130.28045150192384,130.797404058121,62.944972452111486,5.457801698647836,186.730839019235,444.11723503432364,250.97828815731978,10.50101646586918,54.8705859268211
51.0,313.4362964607212,69.22606950652124,504.76804942526155,265.2543045739962,0.2567271138632886,0.000784243864866016,767.5883272380911,417.15117425516104,24.53567756095942,1317.6127869445802,157.02545630987873,77.09159010551419,2.8799249359847625,130.7147137227713,130.4258992796039,62.72475770191159,5.486004651602863,187.44606069590432,444.9856157246607,251.5066989202485,10.497769184280669,55.08208208116552
51.099999999999994,314.3114329500591,69.39263950619528,505.7577906986443,265.774411053553,0.19691564129103234,0.0009048692025719653,769.7054876683978,418.39311734018463,24.555221481100034,1322.87918225531,156.86116017002453,76.99440767412501,2.910204440549261,131.14743352650868,130.0501394942436,62.50241445999391,5.514175462416051,188.1578047148985,445.8448391727717,252.0308558212391,10.48860056409006,55.29204408930937
51.199,315.18446656134694,69.53574737717136,506.73763455929344,266.2893164683143,0.2270026284291301,0.0004913553848156882,771.8043536221055,419.624842391845,24.585400768299284,1328.108973278875,156.7038409749596,76.90100663588419,2.92887344713265,131.56934837963553,129.6953667861183,62.29136244333028,5.541127666099914,188.85705027293983,446.6900418678522,252.5481386440391,10.490219805481061,55.50034072246719
51.3,316.0751372151634,69.68141273127682,507.7372732454101,266.81462401266674,0.38569166958438417,0.0001484670290082292,773.9456209082111,420.88145077788226,24.61618973806821,1333.4444166463502,156.5433436143378,76.80571870798194,2.947919605364187,131.99978676514877,129.33342695257636,62.07604674956234,5.568624358747086,189.57042200387085,447.5523193648535,253.07587162487545,10.491871758819356,55.712845368416076
51.400000000000006,316.9569893477683,69.79260765764064,508.72701451879306,267.3347304922236,0.3171293569703063,0.0004979520432449942,776.0697010075055,422.12868868986965,24.647666013481867,1338.7436879539546,156.38999889951802,76.71434794196401,2.9654289430339666,132.42074036314924,128.99302043106655,61.872409434962265,5.594885353423391,190.2704675250262,448.4033248457095,253.59812380906376,10.49436469597483,55.92385507831589
51.5,317.83897714982277,69.90358019492287,509.7167557921759,267.85483697178046,0.22932457942979168,-0.00017163468517185148,778.1959509035217,423.37758710774347,24.670427621499183,1344.0538717492718,156.24829222346892,76.62918721064867,2.9911027272194333,132.83038756129648,128.69060385030454,61.68913313759223,5.6193449675401554,190.95449715642815,449.24808128575665,254.11751982097624,10.487782396783885,56.134951452153906
51.599000000000004,318.72544204732833,69.99164657621111,510.69659965282494,268.36974238654176,0.29441692416814463,-0.0009053841094905733,780.303853511654,424.6162274338886,24.692123952052278,1349.326994772954,156.12691598507462,76.55497617532191,3.016367812280997,133.2181720453394,128.47368006205912,61.55244050388357,5.639742709831722,191.58856739574645,450.07494278654895,254.6271433359503,10.479989048847495,56.34411264377091
51.699,319.6140776578949,70.05836353218743,511.6863409262077,268.8898488660986,0.1479071973975409,0.0005984773748662878,782.4330480653226,425.8673792784795,24.714039437459444,1354.653381665562,156.00431372407027,76.48001553357771,3.0418881002219678,133.60987354437265,128.25456512443748,61.41436713650109,5.660346489924212,192.2290423849568,450.91015642371275,255.1419145631968,10.47211698022488,56.55538657469717
51.8,320.51173529398284,70.12541407257623,512.6859796123244,269.415156410451,0.009552299347204696,0.0013997113588083796,784.5850430996634,427.1321969674121,24.71499706375072,1360.0488762056823,155.85049353423148,76.38819384717681,3.09013956098882,134.031656012352,127.99880740997416,61.25742042330299,5.68256057459161,192.88294523255604,451.7671572690354,255.6698905337561,10.443633790988017,56.77098473628488
51.900999999999996,321.42282421652953,70.15910613616201,513.6856182984411,269.9404639548034,-0.1466139919222327,0.0008189476018963262,786.7364830234372,428.39658972161146,24.700299164803052,1365.454416218283,155.6885231393828,76.29189994099383,3.1543069962509,134.45783687404685,127.7501278299539,61.104656383728724,5.704369888523784,193.52690529535573,450.920162583338,255.17986020292588,10.31103753518235,56.22751912683236
52.0,322.30935694882004,70.19179744414004,514.6654621590902,270.4553693695648,-0.24487400051397404,0.0004759765987487046,788.8437853236687,429.63476995404113,24.67623739121039,1370.7622625277208,155.52951890548226,76.19723119333773,3.226676377235195,134.8722715057548,127.53902452161414,60.972837704092385,5.724214795519564,194.13273597659852,451.75704359954375,255.68146429845555,10.257983977162809,56.436550774018556
52.099000000000004,323.20253748947215,70.19179744414004,515.6453060197392,270.9702747843261,-0.22188777763682424,-0.0006172865163271372,790.9482016016032,430.8707405992202,24.649756031066325,1376.0838250049098,155.39750820883657,76.11677919548417,3.2998507412736013,135.25829942874938,127.48783070226145,60.92838594048395,5.7368747459192555,194.61428347694536,452.56731547136104,256.1700605007853,10.201543168074313,56.644678178547295
52.2,324.12054555950533,70.19157505426836,516.644944705856,271.4955823286785,-0.3161764121411449,-0.0007439462608577231,793.0951313396977,432.13168034834223,24.62273969394965,1381.512893794769,155.26283062943037,76.0347019047447,3.3745033752925777,135.6521258956428,127.43560266433597,60.88303616144908,5.749790452892678,195.1055592096224,453.3939564719019,256.6685273334652,10.143962140620394,56.8570101771069
52.3,325.02281596061454,70.16911367959796,517.6346859792387,272.0156888082353,-0.39072216143283844,-0.0011430005721732826,795.2169259140378,433.3771666112624,24.583960203580176,1386.901704336011,155.1677591396775,75.97366381625386,3.4583602911010916,136.00587026344476,127.64766727222626,60.98316747615019,5.7508590689679435,195.342049621868,454.18211994031634,257.146423324889,10.073746984221689,57.066026695792935
52.399,325.92271214456366,70.12508048816373,518.6145298398878,272.5305942229966,-0.21533395886797332,-0.0014200307061838866,797.3139057343367,434.6074455704594,24.553697588415318,1392.250052243904,155.11535705381812,75.93535550826803,3.5308908334229243,136.32117475714392,128.29054648803222,61.32249359503037,5.732855084009934,194.98666212601822,454.9346556474709,257.6048780821093,10.011449731338198,57.27195033671222
52.5,326.8408558840465,70.06859346470497,519.6141685260045,273.05590176734904,-0.3988148313789971,-0.0010938720866095156,799.4532487833283,435.86257865004416,24.52282360728754,1397.7064475842797,155.06189633996158,75.89627329507037,3.6048866392260024,136.64284903859456,128.9464131627433,61.66867478701923,5.714487382184087,194.62409508479777,455.70239409618404,258.07259455159664,9.947893948093427,57.48203405118542
52.599999999999994,327.7566254062488,69.97952632938916,520.6039097993873,273.5760082469059,-0.28867894402695915,-0.0014984540494776292,801.5674532411069,437.1022577321488,24.49417234654826,1403.122223986109,155.05149984602673,75.8801432010763,3.6738801602837667,136.92815684013698,130.22179445453156,62.36056281948953,5.668889613839174,193.06878810261094,456.4368232802788,258.5218588021333,9.886047564885898,57.68933035467026
52.7,328.6723949285866,69.87922850594805,521.5936510727703,274.09611472646276,-0.1617294685537661,-0.0008610813962826036,803.6798687869704,438.3405687910095,24.47812072398401,1408.5472663283288,155.0470799395711,75.86712193442615,3.729665276212233,137.2105791438873,131.9245680360019,63.29315999118276,5.604696367136941,190.1210014474148,457.1662645483385,258.96876474206005,9.836894321123607,57.89726554342426
52.79900000000001,329.57900675556175,69.75813723068909,522.5734949334194,274.61102014122406,-0.3809036823699419,-0.001190109478090352,805.7678854341301,439.56399332826913,24.449528364977002,1413.931545277164,155.0680925129,75.86772140460552,3.7961710891678826,137.47195360770695,134.18585506295992,64.54253871871661,5.516299171064853,184.12522524712108,457.8749595171539,259.4038844100129,9.775154408058965,58.10351856100829
52.900000000000006,330.5175687637748,69.62303539509384,523.5731336195361,275.1363276855765,-0.20286923293261508,-0.0012903346391630356,807.8980842357778,440.81213351274613,24.420358382555712,1419.424597538097,155.0895295826598,75.86833298529355,3.8640204539004106,137.73860836372498,136.492824656119,65.817157420544,5.42611617305192,178.0083222549025,458.5979715560464,259.847794374288,9.712167224023322,58.31393830622028
52.998999999999995,331.4308962339265,69.45791092840065,524.552977480185,275.6512331003377,-0.1426062123385816,-0.0007823789107152231,809.9828069162662,442.03304082204625,24.400576027359705,1424.8272674047341,155.12610824270539,75.87720183568156,3.9204998816462346,137.98932906458128,138.67575723776852,67.03163984134355,5.3416905974837965,169.0115310372127,461.34826862152494,261.5327905132433,9.764649070746847,57.91839737403116
53.099999999999994,332.3694582420191,69.2778863426745,525.5526161663016,276.17654064469014,-0.258897180762814,-0.0009215953753081993,812.1096452064617,443.2786129254738,24.380394028624384,1430.3390821171622,155.1634258655802,75.88624985476427,3.9781203079323837,138.2451148301014,140.9027894675324,68.27065726054319,5.25555945473247,159.83298646158886,464.15412724388216,263.2518269782383,9.818191156798125,57.514865715939195
53.199,333.28278571229134,69.06872868533719,526.5324600269507,276.69144605945144,-0.2975340164308373,-0.0009865636479023717,814.1905070933113,444.4965711347058,24.358397627999565,1435.759872885355,155.2178842591602,75.90467611409458,4.035563124158486,138.4811611528076,142.40546957005765,69.11103440039454,5.201180850918174,152.16169364563657,464.87965599367203,263.7431557755869,9.765548888004824,57.72099470263575
53.3,334.2213477203839,68.84389254323088,527.5320987130674,277.21675360380385,-0.15166089502016553,-0.0008128343028973653,816.3134065940367,445.7391345602859,24.335956855644955,1441.2901745781573,155.27344282230746,75.92347462108815,4.094166401318446,138.72197608809375,143.93850684637124,69.96838885620245,5.145703689451066,144.33542521724118,465.61984188992227,264.2444104072254,9.711843139033885,57.931287911285764
53.399,335.1346751906561,68.60170999429312,528.5119425737165,277.73165901856515,-0.03893096724048481,-0.001554615559127579,818.3926514701569,446.9558578857628,24.33618436909253,1446.7299408391818,155.39159639750275,75.97618322065551,4.126061445093998,138.9114714606382,145.0399376094016,70.5867376408101,5.109008583696148,139.21652562691258,466.35592825455234,264.73310782995304,9.682269863833039,58.140294562782444
53.498999999999995,336.0572281907598,68.3237226768034,529.5016838470993,278.251765498122,0.04314864485087497,-0.0018620387176247442,820.492898819773,448.1848713458403,24.336414180655737,1452.2246542341554,155.51094344315453,76.02942423031952,4.158278661028897,139.1028809278548,146.15249393569476,71.21133237273695,5.071942820307345,134.0459199801165,467.0994498349867,265.22674159028395,9.652397868680671,58.351412392577046
53.599000000000004,336.97978119095376,68.02349637530506,530.4914251204823,278.77187197767887,0.03577915708020865,-0.0018446932957081226,822.593469013755,449.4141311544311,24.339965388029466,1457.7343671318486,155.68873621611112,76.11427535858665,4.1844041507663325,139.25270765779638,147.10143501008037,71.74520237729278,5.0421035271865,130.35877319299357,467.84156498078016,265.71418753925,9.625851706467104,58.563637924621
53.7,337.9115597212203,67.70870353760608,531.491063806599,279.2971795220313,0.06470802338144557,-0.001063903484176277,824.7154509905763,450.6559933052096,24.346452271151787,1463.3094370550982,155.86446315891143,76.19814552909837,4.2079269827773444,139.40515332640112,147.90224783044087,72.19703170509152,5.018845609657003,127.41995231872264,468.5988847913655,266.20686037195173,9.602360853903205,58.7790899813144
53.8,338.8339770517991,67.36377687505845,532.4808050799818,279.8172860015881,-0.030880024741131912,-0.0011784056546054788,826.8165603026191,451.8856643303372,24.343387203615837,1468.8393526125758,156.05286982458907,76.28914964604127,4.2400254030423286,139.54275900237351,148.60855587914992,72.59635203177272,4.999606753355999,125.04866680341026,469.3504180627532,266.6929197567389,9.56968523423899,58.99317534445538
53.899,339.73387323574826,67.00050304928155,533.4606489406308,280.3321914163494,-0.15378154032888872,-0.0018958814907844524,828.8956515272077,453.10227098467965,24.336315924379765,1474.3282913061894,156.31009616118882,76.41761657337997,4.27256177471082,139.62246769654408,149.28539662267892,72.97885726926802,4.981595185753975,123.25344796156898,472.0220754260818,268.32632816050835,9.630744727535273,58.623785521502185
54.0,340.6655160963543,66.60720659398687,534.4602876267475,280.85749896070183,0.008239664388256629,-0.0022706052954385263,831.0167445947174,454.343455551231,24.329101791017713,1479.9281176501788,156.57251898943704,76.54867879218007,4.305755446817058,139.70378666736457,149.9759109165822,73.36908988529856,4.9632197480993865,121.42196207241787,474.74770566543714,269.9927347138488,9.693037745948649,58.24693327788328
54.099000000000004,341.5654122801678,66.19989957756584,535.4401314873966,281.3724043754632,-0.0682981641480053,-0.0015673770583956564,833.09503898133,455.5594551647115,24.32211248309479,1485.4363712494965,156.90332678313916,76.71739644594433,4.334752853502372,139.72036252213874,150.605963197117,73.72552462966584,4.947300436778267,120.1320214673313,475.4726070457049,270.5133219466613,9.657058444142855,58.453316087378
54.2,342.47656903749953,65.76168037214028,536.4397701735132,281.8977119198156,-0.07389141393861023,-0.002093176364025913,835.2153191131268,456.8000204269491,24.314981977032016,1491.0559026993053,157.2408175625726,76.88952253715837,4.364336066383348,139.73727324266594,151.24874380655146,74.08916007593952,4.931059523208237,118.81602145608142,476.2121528983012,271.044426093268,9.620352287755129,58.66386824655947
54.29900000000001,343.36303393499,65.31034016428502,537.4196140341624,282.4126173345769,0.04381001826575165,-0.002241003677638586,837.2932131025699,458.0157151470208,24.314981903567013,1496.5835784669755,157.65618109722305,77.10465184140861,4.382410661352498,139.6768317323599,151.85309252757327,74.4313627207609,4.9163125541386,117.84800210365232,476.9655153993151,271.5659087427263,9.592738259352643,58.87321499642044
54.399,344.2516695455566,64.83220198044656,538.4093553075452,282.93272381413374,-0.043372328662695775,-0.0015078139518580492,839.392095920189,459.24368961173957,24.314981829359937,1502.1670893434093,158.07574022313256,77.3219541689341,4.400667827988002,139.61577970174773,152.4635457811306,74.77702195795418,4.901416625785433,116.87020477796645,477.7264876225614,272.0926588936943,9.564845301370337,59.08467635991635
54.498999999999995,345.1403051559724,64.3207053174348,539.3990965809279,283.45283029369057,0.06991018237962157,-0.0009548391519641243,841.491084356434,460.4717443938051,24.321921885679558,1507.7654707549884,158.46607749843173,77.52437300459412,4.413059621690552,139.5563312130723,152.95599545962682,75.05787912052737,4.891593908321763,116.15240950090677,478.51154674737217,272.62083699852707,9.545017118515027,59.29768133781875
54.599999999999994,346.02405666230237,63.79252941641658,540.3987352670447,283.978137838043,0.018371131630738696,-0.0008777070808587287,843.6114182831299,461.71235014636574,24.32376387169509,1513.4300524763232,158.83431743874442,77.71535707257063,4.431822106486992,139.49992141087938,153.37822376406362,75.30005584550443,4.884884028957677,115.57229287283957,479.3137080404861,273.15289202421644,9.52018202073702,59.51353880196306
54.699,346.8836589872671,63.24211452901945,541.3785791276937,284.4930432528043,0.05266586365825407,-1.2897747768637804e-05,845.6902079658306,462.92872591258293,24.327854102445514,1518.9973740147464,159.13076596906023,77.86850966620392,4.4505606791580545,139.46864049969903,153.67566135215336,75.47326002780608,4.883250593010659,115.17960905962038,480.1132280509577,273.6741999734352,9.498751337165766,59.72594995946013
54.79900000000001,347.75872764180497,62.66390091082148,542.3683204010766,285.01314973236117,0.030680169761358372,-0.000471868150793179,847.7899955241143,464.15738830270135,24.331985648658065,1524.620931124265,159.43020892897522,78.0232092557325,4.469488530340946,139.4370436197189,153.9761033603248,75.64821374730269,4.88160065771064,114.78295874323734,480.920824021131,274.2007736595147,9.477104182043286,59.94050668420466
54.900000000000006,348.62877652280713,62.05733258595828,543.3679590871933,285.5384572767136,-0.13276449090393164,0.00012930914835460527,849.9105308468097,465.3981472052049,24.318673797870428,1530.31562397656,159.65751261216647,78.13953088629002,4.509275516573118,139.4415387352994,154.16774884401613,75.76291957447418,4.884649415694843,114.54368388015916,481.74074278699084,274.7279760805992,9.437848570652685,60.157992615514324
55.0,349.4833590739652,61.44542690496461,544.3577003605761,286.0585637562704,-0.16057164780269975,0.0013718246084355387,852.0088978829276,466.6257297361798,24.302733446367377,1535.963372124947,159.78451979504976,78.2021132791087,4.555481631172854,139.5069968374757,154.2522052274834,75.81856210918554,4.892090442719955,114.4156645044483,484.9473467273644,276.6811215961995,9.515559090962606,59.10843541455301
55.099000000000004,350.3160988261633,60.80694563548915,545.3375442212252,286.5734691710317,-0.1643617020794109,0.0007735698938699459,854.0842488720868,467.83949100842733,24.283814126655038,1541.568396849476,159.82694875239505,78.21935050514934,4.60767174601078,139.6247852163611,154.24639582968854,75.8238218933169,4.903165256230648,114.39645638845278,485.75868776500147,277.2149149512999,9.472021820109203,59.31497370089689
55.199,351.17081704699683,60.15089556852046,546.3272854946081,287.09357565058855,-0.22038032316813136,0.0009010275652110329,856.1805630025506,469.06551249554593,24.26470370270318,1547.2300379853632,159.86980628506706,78.23676184458432,4.660389033725852,139.74376337685138,154.2405277511079,75.82913480658092,4.914351936544477,114.37705425108356,486.578224166655,277.7541001584719,9.428044778843143,59.52359823255737
55.3,352.0271633024303,59.454481742605395,547.3269241807247,287.61888319494096,0.01899702466326572,0.0005910396561691314,858.2962654859199,470.3025965082236,24.26660832476824,1552.9625865714715,159.84788635684214,78.21927879327622,4.694781258896213,139.91126669871474,154.1676682770221,75.79690873866642,4.928388675175928,114.44287399563363,487.4071126579359,278.2888622375017,9.4050486434696,59.735079270755875
55.400000000000006,352.8681788978308,58.75373131458743,548.3166654541077,288.13898967449785,-0.11243782255045734,0.0008490277176959136,860.3906493481969,471.5271498548,24.25544715233772,1558.6481496799868,159.79271894404124,78.18395279222598,4.743245375077171,140.10344210614923,154.06298178536218,75.7467090438497,4.943594988490407,114.54880001874734,488.22657437584377,278.8129754414226,9.369095208146272,59.945007675570864
55.498999999999995,353.6874873636907,58.038191962077306,549.2965093147566,288.6538950892591,-0.10032090964184423,7.703910258192309e-05,862.4627713581197,472.73845482652166,24.243377402311953,1564.2908982957063,159.7397121638565,78.1498180338057,4.791918213535981,140.29947482454259,153.9549552302146,75.69357166025058,4.9587445512588415,114.68371208454839,489.02723779293916,279.3220375657493,9.332098431119437,60.15441248581894
55.599000000000004,354.5218551505941,57.30430544633791,550.2862505881395,289.174001568816,-0.1450967783258095,-0.0002673637499396443,864.5558238933955,473.9619952019984,24.23118573561926,1569.9906443721916,159.68616996164968,78.11533847984582,4.8410826968277165,140.4974876714046,153.8458374977423,75.63989753540297,4.9740471399138295,114.81998689848886,489.8359887192983,279.836241731736,9.294727949274144,60.365932496170565
55.7,355.35757963318326,56.529388002827154,551.2858892742563,289.6993091131684,-0.15300089545318926,-0.0005321040105401229,866.6681141054237,475.19648292259194,24.215846584724112,1575.7615978654658,159.64975796220187,78.08999950425785,4.892753035663028,140.69569160621714,153.7435105687796,75.58888632908084,4.989083843783367,114.9788976362617,490.63856527143486,280.3446696765551,9.253432420749002,60.58109607481072
55.8,356.17159698627705,55.76192061883287,552.275630547639,290.2194155927252,-0.10116413580341979,-2.5211239637933005e-05,868.7584730766092,476.41797388611053,24.20580479578987,1581.484880810825,159.60966426330356,78.06275057373354,4.9387150199625545,140.90171019412153,153.6353086070725,75.53424505042756,5.004200812806712,115.15421308834811,491.4271446319405,280.84282190647764,9.217558530943895,60.79480712484262
55.900000000000006,356.9856821742161,54.97232544458067,553.265371821022,290.7395220722821,-0.05701996222433173,0.0012978198082274923,870.8482025866307,477.6389859614745,24.200144909391216,1587.2177525066886,159.50556426891913,78.00109600418736,4.982792296655083,141.15700977073013,153.47426891038802,75.45110460390327,5.021454617858656,115.37083983452692,492.2170798529931,281.33839679080313,9.18622776787057,61.0089577595589
55.998999999999995,357.79827499692954,54.179728008245796,554.245215681671,291.25442748704336,-0.02968541510361719,0.002163289734475196,872.9165150555332,478.84739235797736,24.195714212540484,1592.9077156077115,159.2626792885878,77.86483770557038,5.0308776504683355,141.50753678413653,153.20488243813918,75.3097760217883,5.042988327939133,115.65582507855699,494.62687397959337,282.7986748562189,9.236379891945171,60.68172607465638
56.099999999999994,358.61351337601843,53.35977661848318,555.2448543677876,291.7797350313958,-0.060188843892054616,0.004169490736238323,875.0266116147168,480.0802110049147,24.19119400666246,1598.7126274582504,159.01488754097704,77.72582671405205,5.079934425570749,141.86514515134914,152.93005381493577,75.16559231680229,5.064957062465682,115.94656760024425,497.0853508158222,284.2884534886129,9.287545190243508,60.34788364864469
56.199,359.40595926935265,52.5451625856411,556.2246982284368,292.2946404461571,-0.0575962902539259,0.003720434888307188,877.0943779349371,481.2882015471859,24.193506514590663,1604.421874512539,158.62155594067545,77.50869001988397,5.127166206366753,142.3181395071005,152.54212170921457,74.96072291914219,5.091209959654649,116.3017571182133,497.87381848494823,284.7740346934752,9.264714390114154,60.551453364458226
56.3,360.21448200529505,51.702861016538975,557.2243369145534,292.8199479905095,0.10306516140116823,0.004609360274613975,879.2039173121315,482.52059593879585,24.19586573985075,1610.2464598911563,158.2202782474385,77.28716672583373,5.1753521645525735,142.78028526397813,152.1463525912566,74.75171474577179,5.117993218402988,116.6641221819999,498.6782147938546,285.26942561964785,9.241422361699358,60.759135599783136
56.399,361.01364354176064,50.87723868623339,558.2041807752024,293.33485340527085,0.13120676662250733,0.0034167173834251615,881.273185484145,483.7297329283317,24.20808844937479,1615.9758685514144,157.7740323503683,77.04181129531028,5.214500207573324,143.27146908061164,151.71091162371377,74.52160177888824,5.14599324695985,117.04751386029048,499.4552947003308,285.737125812194,9.2278953879391,60.963062667234595
56.498999999999995,361.8208774169078,50.03215724334009,559.1939220485853,293.8549598848276,0.1176766683615466,0.004014778471857818,883.3633553548656,484.9510834228123,24.220434620611194,1621.763150026422,157.32327891898427,76.79397752710481,5.254043685372058,143.76761434993836,151.27107226255941,74.28916443860184,5.17427610408799,117.43477818179609,500.24022389879156,286.20955024910927,9.214231778080253,61.16904960405423
56.599999999999994,362.6359801264418,49.178513791571866,560.1935607347019,294.3802674291801,0.05659453707835563,0.0036334225751073037,885.4756227507813,486.1855610605643,24.226106828601374,1627.623788533567,156.8535748210492,76.5361937528941,5.301188672098705,144.2800410141649,150.8093232525703,74.04542572161948,5.203393005057954,117.83673417453286,501.0244962529869,286.67779323090616,9.19317845971033,61.37832700749602
56.7,363.42299923740967,48.32231285667425,561.1833020080849,294.900373908737,0.12349620257904041,0.004522972181710414,887.5676940275191,487.4083649919968,24.238361255002225,1633.436637534349,156.38728150330383,76.28071154719117,5.341054862436249,144.79061998408687,150.3434932302051,73.80005013044213,5.23245785770699,118.24098945961616,501.79221646722283,287.13340581119377,9.178602037922655,61.5856044983722
56.8,364.2233139650402,47.466000726445756,562.1730432814677,295.4204803882938,0.09630026370034261,0.004390141535528881,889.6606379281212,488.63183697261235,24.24791658141388,1639.2597451552197,155.92526399674273,76.0279230819759,5.383299591491778,145.3006467642947,149.87385400548436,73.5532073398239,5.261561467280487,118.64865253211812,502.55315990653486,287.58361176421124,9.161007393913088,61.79344567388769
56.899,365.00232857203616,46.60735350374964,563.1528871421168,295.9353858030551,0.09265518611814505,0.005458114903913164,891.7342822083864,489.8443241105049,24.269982553807676,1645.0400114054135,155.5033199317162,75.79779190889194,5.410709630331351,145.79263959057005,149.4158997962937,73.31396983086864,5.289900660300767,119.05430579887911,503.2865272346001,288.0144317869954,9.155332691331722,61.998469213011106
57.0,365.8106478036385,45.73124867573084,564.1525258282335,296.4606933474075,0.3540384082408026,0.0057976288437289495,893.8498182922932,491.08130593805174,24.292494303421545,1650.9370507111666,155.07285174416387,75.56301162120022,5.438673407329298,146.29457166586104,148.9486939869174,73.0698992409244,5.3188123622709504,119.4681540811302,504.03471006424235,288.45395524458326,9.149543348294168,62.20763464181377
57.099000000000004,366.5896624105292,44.86159315478113,565.1323696888826,296.97559876216883,0.11920338645986661,0.006898371710558836,895.9265305696351,492.2961489170774,24.30060877983277,1656.738254988613,154.76434812836766,75.39570941190225,5.475193907730305,146.7406347548453,148.53773555794496,72.85794082488098,5.344975264624736,119.8634844259741,507.53407261919483,290.5375791411327,9.263752854120986,61.907296209006326
57.2,367.3911981643054,43.98548832755242,566.1320083749993,297.50090630652124,0.04676341115846566,0.006736606655140736,898.0451966303576,493.53553417850753,24.308887185060385,1662.656655312068,154.44961211629274,75.22502735999221,5.5124521960182,147.1957092193646,148.11847493848828,72.64170042063468,5.371666710460416,120.26680124243097,511.10412936717654,292.66329644973354,9.380269622691776,61.600890333111884
57.3,368.17808160558275,43.10704840706601,567.1217496483821,298.0210127860781,0.08463482461632324,0.006313977615615416,900.1437323380984,494.7632999473916,24.31728223914997,1668.5316301834866,154.2224654857821,75.10226728156005,5.545432668332647,147.61197773981138,147.74403870470792,72.45037605167622,5.396262319129149,120.6552862370479,511.8384798343944,293.0241892213293,9.358342813013433,61.79820137064946
57.399,368.95709621259385,42.2373928861163,568.1015935090311,298.5359182008394,0.049878323617255554,0.006839235344816464,902.2220138716708,495.9793521112804,24.32244139033134,1674.3627745172275,154.1027681537803,75.03759840612787,5.576748304968833,147.9789452277672,147.42616892601407,72.2896025384187,5.418308491743801,121.02449094823811,512.568938970139,293.39221964577456,9.333947345556842,61.99923591894035
57.498999999999995,369.7507631318328,41.35895296562988,569.0913347824139,299.0560246803962,0.055182684523533115,0.006820810303140568,904.3212881480065,497.2076876303599,24.3276526541509,1680.2528192987834,153.98186175781888,74.97227630973173,5.608380261166997,148.34961945802561,147.10508834147487,72.12720505027981,5.44057735297072,121.39742499994534,513.3067764809921,293.7639675492546,9.309305459237054,62.20230111923416
57.599000000000004,370.5376465731402,40.469393552349075,570.0810760557969,299.5761311599531,0.23093612487017684,0.008376796791819003,906.4218997982961,498.43705748479266,24.35055393004886,1686.1582158434342,154.05157824955796,75.00948997818696,5.614227764400652,148.63102781846302,146.88234913634486,72.01709613937616,5.458704559879351,121.73843513720976,514.0287777327384,294.1325037443191,9.301973109127884,62.40755141246574
57.699,371.3313134924997,39.59095363186267,571.0708173291797,300.0962376395099,0.05249614833372701,0.009410619106770515,908.5236319724685,499.6672949637822,24.355759288392452,1692.0739876798327,154.36013578671472,75.17460976804398,5.628117614227742,148.79024202504698,146.78593854323458,71.9732064464585,5.471622633335755,122.03411623923228,514.7203869170967,294.484961237584,9.275430878891664,62.61218066300905
57.8,372.12606576819377,38.692387429173465,572.0704560152964,300.62154518386234,0.11773851733428588,0.008531406029928884,910.6470652300221,500.91036565339465,24.36754916268919,1698.0592328861817,154.8774320968816,75.44989643644166,5.627183999997157,148.82378430691833,146.793369534384,71.98216347822851,5.480380286950423,122.2894031591305,515.4032154256905,294.83790705960246,9.254681500433337,62.81945989786539
57.899,372.90508037520493,37.80071531250664,573.0502998759455,301.13645059862364,0.07543657735317069,0.008277872604120093,912.7296154099347,502.1297275260198,24.377816325329395,1703.9411270807325,155.78303361345326,75.9287441140001,5.611502115310597,148.54440509503843,146.99165886637573,72.08652181877702,5.481229851342506,122.44526425968355,516.048278673312,295.1779609480322,9.232185101508838,63.02308340188589
57.998999999999995,373.6851803385657,36.91115590001592,574.0400411493282,301.65655707818047,0.1335124867869678,0.008906437524757376,914.8332014502502,503.36140618523694,24.388187196683138,1709.8824343479548,156.6977826200912,76.41242863678634,5.595661827748417,148.26220387091732,147.1919511209128,72.19193428397752,5.482087997193094,122.60269971478763,516.6998577113135,295.5214497242238,9.20946146623157,63.22876370897729
58.099999999999994,374.47986477948984,36.012700892657605,575.039679835445,302.1818646225329,0.056984844251695865,0.008638816733733297,916.9589967843211,504.60631651722053,24.393891604916142,1715.8986212248574,158.12184612379474,77.1617830894011,5.5644739936282,147.4659344627823,147.63232451169026,72.41584769824681,5.473407227237123,122.617132617397,517.327977982898,295.8601966416344,9.180602873131624,63.43620046469894
58.2,375.2599647429712,35.12314147937679,576.0294211088279,302.7019711020898,0.17217288938448505,0.009122470693984171,919.0646494877979,505.8396085487383,24.410954432629087,1721.8655623228371,159.99786625722305,78.14666542057591,5.503529406881993,146.09342839373534,148.30488959908914,72.75429473278417,5.455379242019404,122.4655988101107,514.7097672301793,294.2647330040781,9.008761028650623,62.2347097511607
58.29900000000001,376.0322637066851,34.24247766017349,577.0092649694769,303.21687651685113,0.22473706189535067,0.008961133287054399,921.1515174662552,507.06234778452284,24.429435967054207,1727.7884877803626,162.39105194976824,79.39723058923025,5.4206162606206005,143.61486812736644,149.31840277372717,73.25730875085038,5.4238132127013365,121.96881247922204,515.2037657659196,294.60738263201836,8.989921740514308,62.42636200151336
58.399,376.819147148098,33.35291824689268,577.9990062428598,303.7369829964079,0.15242714700362575,0.008197709158676396,923.2594649192422,508.2974379216788,24.44810418364524,1733.7712407677614,164.80841123516717,80.660427729285,5.336865607831323,141.1112718987112,150.3421534551796,73.76540371859397,5.391928334602281,121.46700810458707,515.7027541858592,294.9534933673115,8.970892156538234,62.6199501331827
58.498999999999995,377.59924711145885,32.46335883361186,578.9887475162426,304.25708947596473,-0.01803811341845976,0.008608439497128749,925.3686746146738,509.5335186401668,24.44631712808857,1739.7693047138625,167.45753769323605,82.03842809475182,5.265064808582759,137.50063622428027,151.70311550761411,74.43427041401569,5.346871479019026,120.49179828302132,516.1377616444466,295.2569776115981,8.928225202828049,62.806211998110705
58.599999999999994,378.38714807445143,31.564903826253552,579.9883862023593,304.78239702031715,0.10207899393252906,0.008714330107804275,927.4993137841391,510.78222606008364,24.456530048647387,1745.837490826155,170.0863342071046,83.40175486138915,5.182644654170605,133.3818951318376,153.31154773397077,75.22114437428549,5.29229854738349,119.08538120740603,516.5370033741785,295.53858645754326,8.895472873532842,62.989435067565836
58.699,379.159447038286,30.684240007840334,580.9682300630084,305.2973024350785,0.06629341363056243,0.00815084553333775,929.5886887600715,512.0069378207014,24.46330058692527,1751.8006094221967,172.28980633660572,84.53772819986159,5.120459409516464,129.35116432481797,155.09469128117487,76.08690345923812,5.231025049608416,117.03053454490255,516.8962264519025,295.79597151614126,8.85877598535016,63.16471076078662
58.8,379.95419931399516,29.79679329794553,581.967868749125,305.8226099794309,0.07175296654614349,0.007819191272483834,931.7202733314772,513.2563912330488,24.470207903754222,1757.8841950605822,174.5377930545815,85.69665049466676,5.057017897293555,125.2390046126062,156.91385793034263,76.97015262671499,5.168513703393445,114.93417582861122,517.2627065614996,296.05855627289276,8.82133774589106,63.34352737710277
58.899,380.7332139209912,28.905121182068797,582.9477126097742,306.3375153941922,0.009231530552670952,0.008080124717411465,933.8106265439801,514.4818774167683,24.48011575465427,1763.8672451544096,176.2305325671784,86.56223946100937,5.012325389609637,122.01915434833677,158.74712932076832,77.85304428631541,5.1058118850772445,112.23337696176529,517.57389115064,296.28923252761274,8.785850217337288,63.51244988981395
59.0,381.5280340314854,28.017785666714797,583.9473512958908,306.86282293854464,0.19109780707340246,0.009186329182882568,935.9432091143112,515.7321208971284,24.490223764158358,1769.971164947102,177.95746883760543,87.44531507313665,4.966730002982611,118.73425660398125,160.61743649685909,78.75377214105922,5.04184336336072,109.47801650164988,517.8913622971367,296.5245689086907,8.749645769014753,63.6847849785395
59.099000000000004,382.31376428155266,27.1371218467214,584.9271951565398,307.37772835330594,0.08144427751860411,0.009248332821821654,938.0355643747836,516.9591973766259,24.504082683101448,1775.9746504974107,179.4034372549001,88.18120143255773,4.928061121600008,116.34452990454344,162.37468982991305,79.59496800297094,4.982634668745725,106.61944948933993,516.6615725472573,295.83751460309963,8.645585225151363,62.713851100615685
59.2,383.11536787008384,26.249786333737664,585.9268338426566,307.90303589765836,0.20018791861873855,0.009193991443201863,940.1701894384978,518.2110632799514,24.518221580205005,1782.0994185840893,180.87861715537235,88.93195418307819,4.888611050694526,113.90652589804638,164.1674432303014,80.45315772067883,4.9222298388859835,103.70313364849859,515.4069385600067,295.1365804125472,8.539422448078616,61.723302396875276
59.29900000000001,383.90109812013594,25.369122513744266,586.9066777033056,308.41794131241966,-0.011902767839087863,0.009543447718974083,942.2639713980795,519.4392763177893,24.52191718855395,1788.1230510954117,182.16312280394163,89.58325060426165,4.866730054642955,112.15820953602416,165.7157082033592,81.18909222441872,4.871642081946097,101.17172136890547,515.5244405091902,295.33594108905663,8.491112718721892,61.85817565453751
59.400000000000006,384.69598606552063,24.47066750638595,587.9063163894223,308.9432488567721,0.08636075103727067,0.009536308404816812,944.4000519831073,520.69230174023,24.525687455657415,1794.268373152417,183.47357806157288,90.24770452890334,4.84440701826711,110.37457365153693,167.29525125668076,81.93989409187049,4.820032350118537,98.58916944730049,515.6443162351248,295.53932925398044,8.441827035236752,61.99577362447574
59.5,385.49650429750625,23.58121928843603,588.8960576628051,309.4633553363289,0.06861107168118022,0.010784694975514958,946.5157374581869,521.9335243995,24.532476754021953,1800.3679478660624,184.76394122032923,90.90276301082383,4.81954667395915,108.92493699536888,168.77007655612542,82.63954348104845,4.772669911179942,96.3715465421047,515.6215150844895,295.6523999457027,8.389616874001987,62.106311026940084
59.599999999999994,386.3036703378233,22.70266817340882,589.8857989361879,309.98346181588573,0.032502356247480324,0.009909771225307637,948.6318173921386,523.1750632869821,24.535692489213133,1806.477530931027,185.9867172377151,91.52208401633683,4.801003927794925,107.68682652242774,170.1236751428194,83.27902792670145,4.7301952294809135,94.42634735934843,515.5428912292854,295.7308682900542,8.331332800883294,62.20470101885581
59.7,387.10432423948447,21.813331149999698,590.8755402095709,310.5035682954426,0.017156848605061753,0.010094501390459497,950.748090891534,524.4167576843481,24.537389717148386,1812.597019134349,187.15376102404332,92.11207740158562,4.786208981197086,106.6255648198431,171.37144356650762,83.86639104251537,4.691975178313359,92.7407029026048,515.4153354826462,295.78010197282225,8.269422778520427,62.292195760298206
59.8,387.92505723570963,20.945788332435995,591.8652814829537,311.02367477499945,0.10489919371949025,0.009807144586404583,952.8648396193646,525.6588349652849,24.54776530179935,1818.7265533763782,188.24720151568374,92.6631624282674,4.76556089330421,105.72711970557187,172.50391899300288,84.39691702175035,4.6583542991198685,91.30136801652154,515.2593808796343,295.81238835499227,8.215154387399046,62.37188950638969
59.900000000000006,388.7391424236638,20.056340113695985,592.8550227563367,311.54378125455634,0.0778364256168281,0.00937850206264836,954.982299453449,526.9014859494681,24.5554630547441,1824.8662520982307,189.25022612011733,93.1663444366715,4.751199898546707,104.97862163252404,173.51326811100213,84.86665459157918,4.629612967861565,90.08985447269139,515.0966821005939,295.839963493873,8.158039862740424,62.44714988202414
59.998999999999995,389.55173524637723,19.18668459274628,593.8348666169856,312.0586866693176,0.3152543825796664,0.010713932007225892,954.982299453449,526.9014859494681,24.5554630547441,1824.8662520982307,189.25022612011733,93.1663444366715,4.751199898546707,104.97862163252404,173.51326811100213,84.86665459157918,4.629612967861565,90.08985447269139,515.0966821005939,295.839963493873,8.158039862740424,62.44714988202414
